"n_obs","se_pct","adj_r2","dw","lm_het_pval","ar1_pval","ar4_pval","chow_pval","reset_pval","schwarz","loglik","specification","period"
133,1.00553180180499,0.649119522687062,2.06874860355674,0.0000177985876477019,0.663492577926213,0.0815125301398632,0.000114318885700238,0.0559933370173719,-806.485709869324,427.69460057577,"spec1","full"
133,1.00037845841346,0.65270682655984,2.04817837615732,0.0000478334913204976,0.760591025873297,0.143948837457017,0.000328028926257162,0.00201878153753963,-804.039043125819,428.916441768129,"spec2","full"
133,1.00524773109225,0.649317747721074,2.07229934720576,0.0000151114997004892,0.648959078090157,0.078527353009938,0.000341032086174642,0.294177231357607,-806.560867596817,427.732179439517,"spec3","full"
133,0.916012252046631,0.708814228874997,2.39975175784643,0.000122692962510362,0.0142769958788237,0.00410520307494582,0.326355282881048,0.0528854020266292,-816.087757429752,442.276322612428,"spec4","full"
133,0.88600388406503,0.727580095977957,2.2489279137449,0.00000272514929923401,0.0885377130799157,0.0149709349322053,0.514824025278184,0.0000000390817430730815,-809.895303223324,448.960793765658,"spec5","full"
133,0.889618150795579,0.725353003198009,2.24903058528026,0.00000175071069188046,0.0888067336417968,0.0151169597269263,0.546880392762078,0.0000000461988099237992,-805.073592516201,448.995112976207,"spec6","full"
