"window_end","horizon","target_date","actual_dlcons","forecast_dlcons","forecast_se","actual_lcons","forecast_lcons","spec_name"
2015-01-01,1,2015-04-01,0.0026387838266313,-0.00243871835020362,0.00573351982393851,9.61595968676492,9.61088218458809,"Spec6_Preferred"
2015-01-01,4,2016-01-01,0.00386268344003859,-0.0132807551231937,0.00573351982393851,9.62703047973885,9.58729476210865,"Spec6_Preferred"
2015-01-01,8,2017-01-01,0.000310795292557842,-0.0249778840647621,0.00573351982393851,9.63320924557572,9.51170450101443,"Spec6_Preferred"
2015-04-01,1,2015-07-01,0.00570331868052776,0.00427895408360902,0.00565186815111545,9.62166300544545,9.62023864084853,"Spec6_Preferred"
2015-04-01,4,2016-04-01,0.000897244943260489,0.0161802958607336,0.00565186815111545,9.62792772468211,9.65061326420108,"Spec6_Preferred"
2015-04-01,8,2017-04-01,0.00152994757351266,0.055570151484344,0.00565186815111545,9.63473919314924,9.82072819405577,"Spec6_Preferred"
2015-07-01,1,2015-10-01,0.00150479085336386,0.00844574660631905,0.00556381735335985,9.62316779629881,9.63010875205177,"Spec6_Preferred"
2015-07-01,4,2016-07-01,0.00203000553007016,0.0327037748716317,0.00556381735335985,9.62995773021218,9.69411262260049,"Spec6_Preferred"
2015-07-01,8,2017-07-01,0.00301751524172644,0.0766542726279864,0.00556381735335985,9.63775670839096,9.94756161790162,"Spec6_Preferred"
2015-10-01,1,2016-01-01,0.00386268344003859,0.00269259459063554,0.00550549395535785,9.62703047973885,9.62586039088945,"Spec6_Preferred"
2015-10-01,4,2016-10-01,0.00294072007098478,0.0234628645997947,0.00550549395535785,9.63289845028317,9.67221379043408,"Spec6_Preferred"
2015-10-01,8,2017-10-01,0.00630087072096153,0.0391039714812847,0.00550549395535785,9.64405757911192,9.80644963665844,"Spec6_Preferred"
2016-01-01,1,2016-04-01,0.000897244943260489,0.00906252550661044,0.00542473724276259,9.62792772468211,9.63609300524546,"Spec6_Preferred"
2016-01-01,4,2017-01-01,0.000310795292557842,0.0322644588471503,0.00542473724276259,9.63320924557572,9.71105843344121,"Spec6_Preferred"
2016-01-01,8,2018-01-01,0.00211653371390952,0.0435470306534011,0.00542473724276259,9.64617411282583,9.8720483506235,"Spec6_Preferred"
2016-04-01,1,2016-07-01,0.00203000553007016,0.00916059548463493,0.00539114629116452,9.62995773021218,9.63708832016675,"Spec6_Preferred"
2016-04-01,4,2017-04-01,0.00152994757351266,0.0187339629616573,0.00539114629116452,9.63473919314924,9.68924199692469,"Spec6_Preferred"
2016-04-01,8,2018-04-01,0.00255947356622244,0.0195033481335072,0.00539114629116452,9.64873358639206,9.77593906818522,"Spec6_Preferred"
2016-07-01,1,2016-10-01,0.00294072007098478,0.0087552280634596,0.00534881614000593,9.63289845028317,9.63871295827564,"Spec6_Preferred"
2016-07-01,4,2017-07-01,0.00301751524172644,0.0100031383816664,0.00534881614000593,9.63775670839096,9.66891490550013,"Spec6_Preferred"
2016-07-01,8,2018-07-01,-0.00262925887424004,0.00884883380200721,0.00534881614000593,9.64610432751782,9.71003822664829,"Spec6_Preferred"
2016-10-01,1,2017-01-01,0.000310795292557842,0.00559279676914811,0.00530417200671533,9.63320924557572,9.63849124705231,"Spec6_Preferred"
2016-10-01,4,2017-10-01,0.00630087072096153,0.00447816033044998,0.00530417200671533,9.64405757911192,9.65000574574672,"Spec6_Preferred"
2016-10-01,8,2018-10-01,-0.00115999594047977,-0.000227562104300454,0.00530417200671533,9.64494433157734,9.65603581948014,"Spec6_Preferred"
2017-01-01,1,2017-04-01,0.00152994757351266,0.0000930744433405026,0.00525892898113117,9.63473919314924,9.63330232001906,"Spec6_Preferred"
2017-01-01,4,2018-01-01,0.00211653371390952,-0.00136813731931765,0.00525892898113117,9.64617411282583,9.63005703892664,"Spec6_Preferred"
2017-01-01,8,2019-01-01,-0.000999312088630688,-0.00675276502879528,0.00525892898113117,9.64394501948871,9.61043238509845,"Spec6_Preferred"
2017-04-01,1,2017-07-01,0.00301751524172644,-0.00036634751496357,0.0051933614758393,9.63775670839096,9.63437284563427,"Spec6_Preferred"
2017-04-01,4,2018-04-01,0.00255947356622244,-0.00310244173634121,0.0051933614758393,9.64873358639206,9.63109915436042,"Spec6_Preferred"
2017-04-01,8,2019-04-01,-0.000600710546352801,-0.0070049463600537,0.0051933614758393,9.64334430894235,9.61127577182212,"Spec6_Preferred"
2017-07-01,1,2017-10-01,0.00630087072096153,0.00190020504654214,0.00514213641036072,9.64405757911192,9.63965691343751,"Spec6_Preferred"
2017-07-01,4,2018-07-01,-0.00262925887424004,-0.00102262538985047,0.00514213641036072,9.64610432751782,9.63845669749752,"Spec6_Preferred"
2017-07-01,8,2019-07-01,-0.00558461233269902,0.000100459912577334,0.00514213641036072,9.63775969660965,9.62616039011165,"Spec6_Preferred"
2017-10-01,1,2018-01-01,0.00211653371390952,0.00267566935713077,0.00510402567271814,9.64617411282583,9.64673324846906,"Spec6_Preferred"
2017-10-01,4,2018-10-01,-0.00115999594047977,-0.000802277543998591,0.00510402567271814,9.64494433157734,9.64666982950522,"Spec6_Preferred"
2017-10-01,8,2019-10-01,-0.000681058957608727,0.00417035872545084,0.00510402567271814,9.63707863765205,9.64510058530338,"Spec6_Preferred"
2018-01-01,1,2018-04-01,0.00255947356622244,-0.0000102760547267196,0.00504333779695128,9.64873358639206,9.64616383677111,"Spec6_Preferred"
2018-01-01,4,2019-01-01,-0.000999312088630688,-0.00316375555621638,0.00504333779695128,9.64394501948871,9.64250137640676,"Spec6_Preferred"
2018-01-01,8,2020-01-01,-0.017680643359224,0.0038787562535668,0.00504333779695128,9.61939799429282,9.64754628838914,"Spec6_Preferred"
2018-04-01,1,2018-07-01,-0.00262925887424004,0.00112577876778844,0.00499422826879026,9.64610432751782,9.64985936515984,"Spec6_Preferred"
2018-04-01,4,2019-04-01,-0.000600710546352801,-0.00378259395000053,0.00499422826879026,9.64334430894235,9.64324494920704,"Spec6_Preferred"
2018-04-01,8,2020-04-01,-0.138590030065481,0.00320970860843158,0.00499422826879026,9.48080796422734,9.65681166918917,"Spec6_Preferred"
2018-07-01,1,2018-10-01,-0.00115999594047977,-0.00107658806701665,0.00495894143644692,9.64494433157734,9.6450277394508,"Spec6_Preferred"
2018-07-01,4,2019-07-01,-0.00558461233269902,0.00126252185714779,0.00495894143644692,9.63775969660965,9.63842958238849,"Spec6_Preferred"
2018-07-01,8,2020-07-01,0.0731272892111381,0.0117218728237605,0.00495894143644692,9.55393525343848,9.66093851654965,"Spec6_Preferred"
2018-10-01,1,2019-01-01,-0.000999312088630688,-0.00327101294182412,0.00490354303926785,9.64394501948871,9.64167331863551,"Spec6_Preferred"
2018-10-01,4,2019-10-01,-0.000681058957608727,0.00385813268242025,0.00490354303926785,9.63707863765205,9.64217572614076,"Spec6_Preferred"
2018-10-01,8,2020-10-01,0.0452070349225622,0.0161671293422634,0.00490354303926785,9.59914228836104,9.67696739844844,"Spec6_Preferred"
2019-01-01,1,2019-04-01,-0.000600710546352801,-0.00420831183716976,0.00485758098975839,9.64334430894235,9.63973670765154,"Spec6_Preferred"
2019-01-01,4,2020-01-01,-0.017680643359224,0.00374814776486883,0.00485758098975839,9.61939799429282,9.648971868895,"Spec6_Preferred"
2019-01-01,8,2021-01-01,0.0136929067858915,0.0219314925262883,0.00485758098975839,9.61283519514693,9.70180094742407,"Spec6_Preferred"
2019-04-01,1,2019-07-01,-0.00558461233269902,0.00214282194821257,0.00482408514763646,9.63775969660965,9.64548713089057,"Spec6_Preferred"
2019-04-01,4,2020-04-01,-0.138590030065481,0.00374442949675251,0.00482408514763646,9.48080796422734,9.65700253924684,"Spec6_Preferred"
2019-04-01,8,2021-04-01,0.00898992302959378,0.0188847263875298,0.00482408514763646,9.62182511817653,9.7256867844411,"Spec6_Preferred"
2019-07-01,1,2019-10-01,-0.000681058957608727,0.00294532725478996,0.00485779859279065,9.63707863765205,9.64070502386445,"Spec6_Preferred"
2019-07-01,4,2020-07-01,0.0731272892111381,0.00796720311022521,0.00485779859279065,9.55393525343848,9.65249512617888,"Spec6_Preferred"
2019-07-01,8,2021-07-01,-0.0494506669498289,0.0218078508560045,0.00485779859279065,9.5723744512267,9.72555584755646,"Spec6_Preferred"
2019-10-01,1,2020-01-01,-0.017680643359224,0.00227970803616257,0.00482691844540777,9.61939799429282,9.63935834568821,"Spec6_Preferred"
2019-10-01,4,2020-10-01,0.0452070349225622,0.0117620382091176,0.00482691844540777,9.59914228836104,9.65733951615414,"Spec6_Preferred"
2019-10-01,8,2021-10-01,0.0601991404445705,0.0249263019084874,0.00482691844540777,9.63257359167127,9.73636970643477,"Spec6_Preferred"
2020-01-01,1,2020-04-01,-0.138590030065481,-0.00843891654786828,0.00527690036840692,9.48080796422734,9.61095907774495,"Spec6_Preferred"
2020-01-01,4,2021-01-01,0.0136929067858915,0.00448985509109832,0.00527690036840692,9.61283519514693,9.61257768391237,"Spec6_Preferred"
2020-01-01,8,2022-01-01,0.0189170452596095,0.0126672683662013,0.00527690036840692,9.65149063693088,9.64262500598397,"Spec6_Preferred"
2020-04-01,1,2020-07-01,0.0731272892111381,-0.00546697217834029,0.00527690036840693,9.55393525343848,9.475340992049,"Spec6_Preferred"
2020-04-01,4,2021-04-01,0.00898992302959378,0.00719869540035073,0.00527690036840693,9.62182511817653,9.49215080946547,"Spec6_Preferred"
2020-04-01,8,2022-04-01,0.0138864759168875,0.0047111419336697,0.00527690036840693,9.66537711284776,9.52300190076088,"Spec6_Preferred"
2020-07-01,1,2020-10-01,0.0452070349225622,0.00377322156655242,0.00527690036840692,9.59914228836104,9.55770847500503,"Spec6_Preferred"
2020-07-01,4,2021-07-01,-0.0494506669498289,0.00124846477475927,0.00527690036840692,9.5723744512267,9.5704684373496,"Spec6_Preferred"
2020-07-01,8,2022-07-01,0.00426375818649305,0.00431320154431585,0.00527690036840692,9.66964087103426,9.60239673669613,"Spec6_Preferred"
2020-10-01,1,2021-01-01,0.0136929067858915,0.0459819086499654,0.0052769003684069,9.61283519514693,9.64512419701101,"Spec6_Preferred"
2020-10-01,4,2021-10-01,0.0601991404445705,0.00987839792774421,0.0052769003684069,9.63257359167127,9.66187269530419,"Spec6_Preferred"
2020-10-01,8,2022-10-01,0.00272886521546845,0.00112108424652,0.0052769003684069,9.67236973624973,9.68294121895275,"Spec6_Preferred"
2021-01-01,1,2021-04-01,0.00898992302959378,0.0159785698134494,0.00576099405353176,9.62182511817653,9.62881376496038,"Spec6_Preferred"
2021-01-01,4,2022-01-01,0.0189170452596095,0.0241023263864591,0.00576099405353176,9.65149063693088,9.67600740780634,"Spec6_Preferred"
2021-01-01,8,2023-01-01,-0.000902289187150629,0.00347059666048493,0.00576099405353176,9.67146744706258,9.69784297117554,"Spec6_Preferred"
2021-04-01,1,2021-07-01,-0.0494506669498289,0.00208054351597584,0.00571784113218257,9.5723744512267,9.6239056616925,"Spec6_Preferred"
2021-04-01,4,2022-04-01,0.0138864759168875,-0.000164814253624051,0.00571784113218257,9.66537711284776,9.64815897857951,"Spec6_Preferred"
2021-04-01,8,2023-04-01,-0.00295094513243832,0.0034819498873649,0.00571784113218257,9.66851650193014,9.6554711286445,"Spec6_Preferred"
2021-07-01,1,2021-10-01,0.0601991404445705,-0.026065807743713,0.006763807402906,9.63257359167127,9.54630864348298,"Spec6_Preferred"
2021-07-01,4,2022-07-01,0.00426375818649305,-0.0328478558501715,0.006763807402906,9.66964087103426,9.46090336941714,"Spec6_Preferred"
2021-07-01,8,2023-07-01,-0.00870455176861107,-0.0418261414967658,0.006763807402906,9.65981195016153,9.28744831617392,"Spec6_Preferred"
2021-10-01,1,2022-01-01,0.0189170452596095,0.0171748955489392,0.00973661190843169,9.65149063693088,9.64974848722021,"Spec6_Preferred"
2021-10-01,4,2022-10-01,0.00272886521546845,-0.000765976583801212,0.00973661190843169,9.67236973624973,9.66400779959253,"Spec6_Preferred"
2021-10-01,8,2023-10-01,-0.00578503065892377,0.0178937754046202,0.00973661190843169,9.6540269195026,9.70137580281314,"Spec6_Preferred"
2022-01-01,1,2022-04-01,0.0138864759168875,0.00794373045593621,0.00964868292621929,9.66537711284776,9.65943436738681,"Spec6_Preferred"
2022-01-01,4,2023-01-01,-0.000902289187150629,0.00126733429192605,0.00964868292621929,9.67146744706258,9.6690158081882,"Spec6_Preferred"
2022-01-01,8,2024-01-01,-0.000433469895900984,0.0229060335350061,0.00964868292621929,9.6535934496067,9.7315341937909,"Spec6_Preferred"
2022-04-01,1,2022-07-01,0.00426375818649305,0.0117334259247533,0.00957342493278725,9.66964087103426,9.67711053877252,"Spec6_Preferred"
2022-04-01,4,2023-04-01,-0.00295094513243832,0.0134983486472441,0.00957342493278725,9.66851650193014,9.70091773369041,"Spec6_Preferred"
2022-04-01,8,2024-04-01,-0.00773596847638736,0.0245017890874319,0.00957342493278725,9.64585748113031,9.79209186110183,"Spec6_Preferred"
2022-07-01,1,2022-10-01,0.00272886521546845,0.0013042274145315,0.00951698587212834,9.67236973624973,9.67094509844879,"Spec6_Preferred"
2022-07-01,4,2023-07-01,-0.00870455176861107,0.0120559523007149,0.00951698587212834,9.65981195016153,9.69560513655449,"Spec6_Preferred"
2022-07-01,8,2024-07-01,-0.00184946965238098,0.0273857908617026,0.00951698587212834,9.64400801147793,9.7872722744607,"Spec6_Preferred"
2022-10-01,1,2023-01-01,-0.000902289187150629,0.00300946254151728,0.0094354753562098,9.67146744706258,9.67537919879124,"Spec6_Preferred"
2022-10-01,4,2023-10-01,-0.00578503065892377,0.0207990688597133,0.0094354753562098,9.6540269195026,9.71980737654558,"Spec6_Preferred"
2022-10-01,8,2024-10-01,0.00160016896282933,0.0242567949166126,0.0094354753562098,9.64560818044076,9.81845200687626,"Spec6_Preferred"
2023-01-01,1,2023-04-01,-0.00295094513243832,0.00919086933413761,0.00936348677282886,9.66851650193014,9.68065831639671,"Spec6_Preferred"
2023-01-01,4,2024-01-01,-0.000433469895900984,0.0221543411288915,0.00936348677282886,9.6535934496067,9.73186722480091,"Spec6_Preferred"
2023-04-01,1,2023-07-01,-0.00870455176861107,0.00437221328153325,0.00935610345683093,9.65981195016153,9.67288871521167,"Spec6_Preferred"
2023-04-01,4,2024-04-01,-0.00773596847638736,0.00967686554905264,0.00935610345683093,9.64585748113031,9.70704716482972,"Spec6_Preferred"
2023-07-01,1,2023-10-01,-0.00578503065892377,0.00397324542894107,0.00936412001918537,9.6540269195026,9.66378519559047,"Spec6_Preferred"
2023-07-01,4,2024-07-01,-0.00184946965238098,0.00811574686160328,0.00936412001918537,9.64400801147793,9.68153346586419,"Spec6_Preferred"
2023-10-01,1,2024-01-01,-0.000433469895900984,0.00295833720058804,0.00933249582305518,9.6535934496067,9.65698525670319,"Spec6_Preferred"
2023-10-01,4,2024-10-01,0.00160016896282933,-0.00119112849951371,0.00933249582305518,9.64560818044076,9.65741580915513,"Spec6_Preferred"
2015-01-01,1,2015-04-01,0.0026387838266313,-0.0026277926944863,0.0055358992286249,9.61595968676492,9.6106931102438,"Spec4_Disagg_NoCCI"
2015-01-01,4,2016-01-01,0.00386268344003859,-0.0413403938826222,0.0055358992286249,9.62703047973885,9.53721629219161,"Spec4_Disagg_NoCCI"
2015-01-01,8,2017-01-01,0.000310795292557842,-0.171269633069538,0.0055358992286249,9.63320924557572,9.07759682637984,"Spec4_Disagg_NoCCI"
2015-04-01,1,2015-07-01,0.00570331868052776,-0.00113478233135329,0.00550774471960091,9.62166300544545,9.61482490443357,"Spec4_Disagg_NoCCI"
2015-04-01,4,2016-04-01,0.000897244943260489,-0.0289610465685655,0.00550774471960091,9.62792772468211,9.55979689211677,"Spec4_Disagg_NoCCI"
2015-04-01,8,2017-04-01,0.00152994757351266,-0.0995960865781898,0.00550774471960091,9.63473919314924,9.27828354107113,"Spec4_Disagg_NoCCI"
2015-07-01,1,2015-10-01,0.00150479085336386,0.0019423692434596,0.00548492449210658,9.62316779629881,9.62360537468891,"Spec4_Disagg_NoCCI"
2015-07-01,4,2016-07-01,0.00203000553007016,-0.00508988095198637,0.00548492449210658,9.62995773021218,9.61450195181025,"Spec4_Disagg_NoCCI"
2015-07-01,8,2017-07-01,0.00301751524172644,-0.0184575756582334,0.00548492449210658,9.63775670839096,9.56530830202789,"Spec4_Disagg_NoCCI"
2015-10-01,1,2016-01-01,0.00386268344003859,-0.00163952934234676,0.00545222507525576,9.62703047973885,9.62152826695647,"Spec4_Disagg_NoCCI"
2015-10-01,4,2016-10-01,0.00294072007098478,-0.00900473791454699,0.00545222507525576,9.63289845028317,9.6021619443896,"Spec4_Disagg_NoCCI"
2015-10-01,8,2017-10-01,0.00630087072096153,-0.0253466650918408,0.00545222507525576,9.64405757911192,9.52514818915684,"Spec4_Disagg_NoCCI"
2016-01-01,1,2016-04-01,0.000897244943260489,0.00261884949585109,0.00542871857898591,9.62792772468211,9.6296493292347,"Spec4_Disagg_NoCCI"
2016-01-01,4,2017-01-01,0.000310795292557842,0.00602573219482467,0.00542871857898591,9.63320924557572,9.64399380230642,"Spec4_Disagg_NoCCI"
2016-01-01,8,2018-01-01,0.00211653371390952,0.00551434141138698,0.00542871857898591,9.64617411282583,9.66791179028451,"Spec4_Disagg_NoCCI"
2016-04-01,1,2016-07-01,0.00203000553007016,0.0015509703108402,0.00539803266242723,9.62995773021218,9.62947869499295,"Spec4_Disagg_NoCCI"
2016-04-01,4,2017-04-01,0.00152994757351266,0.00197113754140506,0.00539803266242723,9.63473919314924,9.63622002876953,"Spec4_Disagg_NoCCI"
2016-04-01,8,2018-04-01,0.00255947356622244,-0.00300447702003221,0.00539803266242723,9.64873358639206,9.63253781995397,"Spec4_Disagg_NoCCI"
2016-07-01,1,2016-10-01,0.00294072007098478,0.00275528848603877,0.00536700367183085,9.63289845028317,9.63271301869822,"Spec4_Disagg_NoCCI"
2016-07-01,4,2017-07-01,0.00301751524172644,0.00117459987522703,0.00536700367183085,9.63775670839096,9.63973262545355,"Spec4_Disagg_NoCCI"
2016-07-01,8,2018-07-01,-0.00262925887424004,-0.00256724699569382,0.00536700367183085,9.64610432751782,9.636779303893,"Spec4_Disagg_NoCCI"
2016-10-01,1,2017-01-01,0.000310795292557842,0.00324406975244026,0.00533643615066397,9.63320924557572,9.63614252003561,"Spec4_Disagg_NoCCI"
2016-10-01,4,2017-10-01,0.00630087072096153,0.00161965780303039,0.00533643615066397,9.64405757911192,9.64212277978606,"Spec4_Disagg_NoCCI"
2016-10-01,8,2018-10-01,-0.00115999594047977,-0.00384515419208804,0.00533643615066397,9.64494433157734,9.63491391146191,"Spec4_Disagg_NoCCI"
2017-01-01,1,2017-04-01,0.00152994757351266,0.000909827308068593,0.00531029496887322,9.63473919314924,9.63411907288379,"Spec4_Disagg_NoCCI"
2017-01-01,4,2018-01-01,0.00211653371390952,-0.00287568516074303,0.00531029496887322,9.64617411282583,9.62886540019401,"Spec4_Disagg_NoCCI"
2017-01-01,8,2019-01-01,-0.000999312088630688,-0.00934380367953118,0.00531029496887322,9.64394501948871,9.60165396547384,"Spec4_Disagg_NoCCI"
2017-04-01,1,2017-07-01,0.00301751524172644,-0.000721733748271944,0.00528091003650011,9.63775670839096,9.63401745940097,"Spec4_Disagg_NoCCI"
2017-04-01,4,2018-04-01,0.00255947356622244,-0.00431156721178574,0.00528091003650011,9.64873358639206,9.62643759355687,"Spec4_Disagg_NoCCI"
2017-04-01,8,2019-04-01,-0.000600710546352801,-0.00856435523912537,0.00528091003650011,9.64334430894235,9.59701621464556,"Spec4_Disagg_NoCCI"
2017-07-01,1,2017-10-01,0.00630087072096153,0.00103418646459751,0.0052596433137532,9.64405757911192,9.63879089485556,"Spec4_Disagg_NoCCI"
2017-07-01,4,2018-07-01,-0.00262925887424004,-0.00281885708881667,0.0052596433137532,9.64610432751782,9.63368808922652,"Spec4_Disagg_NoCCI"
2017-07-01,8,2019-07-01,-0.00558461233269902,-0.00345012854223717,0.0052596433137532,9.63775969660965,9.61335018815178,"Spec4_Disagg_NoCCI"
2017-10-01,1,2018-01-01,0.00211653371390952,0.00196817931442095,0.00524783434210561,9.64617411282583,9.64602575842635,"Spec4_Disagg_NoCCI"
2017-10-01,4,2018-10-01,-0.00115999594047977,-0.00171598760835571,0.00524783434210561,9.64494433157734,9.64441234374707,"Spec4_Disagg_NoCCI"
2017-10-01,8,2019-10-01,-0.000681058957608727,-0.000319865742162293,0.00524783434210561,9.63707863765205,9.63573523461351,"Spec4_Disagg_NoCCI"
2018-01-01,1,2018-04-01,0.00255947356622244,0.000433742699412331,0.00521955824299461,9.64873358639206,9.64660785552525,"Spec4_Disagg_NoCCI"
2018-01-01,4,2019-01-01,-0.000999312088630688,-0.00365950988062476,0.00521955824299461,9.64394501948871,9.64106982636215,"Spec4_Disagg_NoCCI"
2018-01-01,8,2020-01-01,-0.017680643359224,0.00112524683916662,0.00521955824299461,9.61939799429282,9.63739539802311,"Spec4_Disagg_NoCCI"
2018-04-01,1,2018-07-01,-0.00262925887424004,0.000428357955151022,0.00519482917877087,9.64610432751782,9.64916194434721,"Spec4_Disagg_NoCCI"
2018-04-01,4,2019-04-01,-0.000600710546352801,-0.00290874285902087,0.00519482917877087,9.64334430894235,9.64237508667007,"Spec4_Disagg_NoCCI"
2018-04-01,8,2020-04-01,-0.138590030065481,0.00156781978043945,0.00519482917877087,9.48080796422734,9.64560865194685,"Spec4_Disagg_NoCCI"
2018-07-01,1,2018-10-01,-0.00115999594047977,-0.00179536648726495,0.00517408698780803,9.64494433157734,9.64430896103055,"Spec4_Disagg_NoCCI"
2018-07-01,4,2019-07-01,-0.00558461233269902,-0.00108545503628021,0.00517408698780803,9.63775969660965,9.63562055642681,"Spec4_Disagg_NoCCI"
2018-07-01,8,2020-07-01,0.0731272892111381,0.00331466368662658,0.00517408698780803,9.55393525343848,9.64042813190642,"Spec4_Disagg_NoCCI"
2018-10-01,1,2019-01-01,-0.000999312088630688,-0.00365874250730716,0.00514735390305503,9.64394501948871,9.64128558907003,"Spec4_Disagg_NoCCI"
2018-10-01,4,2019-10-01,-0.000681058957608727,-0.000318464885244176,0.00514735390305503,9.63707863765205,9.6363741619369,"Spec4_Disagg_NoCCI"
2018-10-01,8,2020-10-01,0.0452070349225622,0.00452528956501218,0.00514735390305503,9.59914228836104,9.64645088631701,"Spec4_Disagg_NoCCI"
2019-01-01,1,2019-04-01,-0.000600710546352801,-0.00306996011625209,0.00512585228498982,9.64334430894235,9.64087505937245,"Spec4_Disagg_NoCCI"
2019-01-01,4,2020-01-01,-0.017680643359224,0.00145666514481545,0.00512585228498982,9.61939799429282,9.64193329097625,"Spec4_Disagg_NoCCI"
2019-01-01,8,2021-01-01,0.0136929067858915,0.00750986839008345,0.00512585228498982,9.61283519514693,9.65937650511829,"Spec4_Disagg_NoCCI"
2019-04-01,1,2019-07-01,-0.00558461233269902,-0.0000513705206080406,0.00510428226034333,9.63775969660965,9.64329293842174,"Spec4_Disagg_NoCCI"
2019-04-01,4,2020-04-01,-0.138590030065481,0.00172656196978298,0.00510428226034333,9.48080796422734,9.64715876969415,"Spec4_Disagg_NoCCI"
2019-04-01,8,2021-04-01,0.00898992302959378,0.00972955839455059,0.00510428226034333,9.62182511817653,9.67371729571503,"Spec4_Disagg_NoCCI"
2019-07-01,1,2019-10-01,-0.000681058957608727,-0.000391643799754867,0.00510248659486552,9.63707863765205,9.6373680528099,"Spec4_Disagg_NoCCI"
2019-07-01,4,2020-07-01,0.0731272892111381,0.0031451905998257,0.00510248659486552,9.55393525343848,9.64261879391853,"Spec4_Disagg_NoCCI"
2019-07-01,8,2021-07-01,-0.0494506669498289,0.012790743359922,0.00510248659486552,9.5723744512267,9.67507459615629,"Spec4_Disagg_NoCCI"
2019-10-01,1,2020-01-01,-0.017680643359224,0.00114193562515553,0.00507697642700675,9.61939799429282,9.6382205732772,"Spec4_Disagg_NoCCI"
2019-10-01,4,2020-10-01,0.0452070349225622,0.00397482581887888,0.00507697642700675,9.59914228836104,9.64619996021524,"Spec4_Disagg_NoCCI"
2019-10-01,8,2021-10-01,0.0601991404445705,0.0140853244774192,0.00507697642700675,9.63257359167127,9.68851616929593,"Spec4_Disagg_NoCCI"
2020-01-01,1,2020-04-01,-0.138590030065481,-0.00109993440626784,0.00533904442442528,9.48080796422734,9.61829805988655,"Spec4_Disagg_NoCCI"
2020-01-01,4,2021-01-01,0.0136929067858915,0.00429296001174799,0.00533904442442528,9.61283519514693,9.62505345509646,"Spec4_Disagg_NoCCI"
2020-01-01,8,2022-01-01,0.0189170452596095,0.0108903626015321,0.00533904442442528,9.65149063693088,9.66310263032229,"Spec4_Disagg_NoCCI"
2020-04-01,1,2020-07-01,0.0731272892111381,0.00704883509893041,0.00533904442442528,9.55393525343848,9.48785679932627,"Spec4_Disagg_NoCCI"
2020-04-01,4,2021-04-01,0.00898992302959378,0.011958937633347,0.00533904442442528,9.62182511817653,9.51787220771481,"Spec4_Disagg_NoCCI"
2020-04-01,8,2022-04-01,0.0138864759168875,0.013450811471767,0.00533904442442528,9.66537711284776,9.57812799121714,"Spec4_Disagg_NoCCI"
2020-07-01,1,2020-10-01,0.0452070349225622,0.00485538965383026,0.00533904442442528,9.59914228836104,9.55879064309231,"Spec4_Disagg_NoCCI"
2020-07-01,4,2021-07-01,-0.0494506669498289,0.0122306016084523,0.00533904442442528,9.5723744512267,9.58736220106844,"Spec4_Disagg_NoCCI"
2020-07-01,8,2022-07-01,0.00426375818649305,0.00809004721544373,0.00533904442442528,9.66964087103426,9.63352182121226,"Spec4_Disagg_NoCCI"
2020-10-01,1,2021-01-01,0.0136929067858915,0.0456526241223309,0.00533904442442528,9.61283519514693,9.64479491248337,"Spec4_Disagg_NoCCI"
2020-10-01,4,2021-10-01,0.0601991404445705,0.0103142613270872,0.00533904442442528,9.63257359167127,9.66931896092848,"Spec4_Disagg_NoCCI"
2020-10-01,8,2022-10-01,0.00272886521546845,0.0030529896807218,0.00533904442442528,9.67236973624973,9.69576093014966,"Spec4_Disagg_NoCCI"
2021-01-01,1,2021-04-01,0.00898992302959378,0.00652095438505721,0.00575167141839824,9.62182511817653,9.61935614953199,"Spec4_Disagg_NoCCI"
2021-01-01,4,2022-01-01,0.0189170452596095,0.00992891622062293,0.00575167141839824,9.65149063693088,9.6497909948913,"Spec4_Disagg_NoCCI"
2021-01-01,8,2023-01-01,-0.000902289187150629,-0.000114060080144932,0.00575167141839824,9.67146744706258,9.66478894150948,"Spec4_Disagg_NoCCI"
2021-04-01,1,2021-07-01,-0.0494506669498289,0.0117225472503979,0.00572597211870823,9.5723744512267,9.63354766542692,"Spec4_Disagg_NoCCI"
2021-04-01,4,2022-04-01,0.0138864759168875,0.00888498051687938,0.00572597211870823,9.66537711284776,9.66579374991792,"Spec4_Disagg_NoCCI"
2021-04-01,8,2023-04-01,-0.00295094513243832,-0.00122562666641061,0.00572597211870823,9.66851650193014,9.67405560413218,"Spec4_Disagg_NoCCI"
2021-07-01,1,2021-10-01,0.0601991404445705,-0.0199662005049092,0.00718201929116963,9.63257359167127,9.55240825072179,"Spec4_Disagg_NoCCI"
2021-07-01,4,2022-07-01,0.00426375818649305,-0.0212332758383699,0.00718201929116963,9.66964087103426,9.48995073601361,"Spec4_Disagg_NoCCI"
2021-07-01,8,2023-07-01,-0.00870455176861107,-0.0268070145208184,0.00718201929116963,9.65981195016153,9.39217126585302,"Spec4_Disagg_NoCCI"
2021-10-01,1,2022-01-01,0.0189170452596095,0.0112328441864876,0.00926011384705617,9.65149063693088,9.64380643585775,"Spec4_Disagg_NoCCI"
2021-10-01,4,2022-10-01,0.00272886521546845,0.00179875140494851,0.00926011384705617,9.67236973624973,9.6583437122196,"Spec4_Disagg_NoCCI"
2021-10-01,8,2023-10-01,-0.00578503065892377,-0.00449356832335545,0.00926011384705617,9.6540269195026,9.64785603598236,"Spec4_Disagg_NoCCI"
2022-01-01,1,2022-04-01,0.0138864759168875,0.0102508284129044,0.00923720339008354,9.66537711284776,9.66174146534378,"Spec4_Disagg_NoCCI"
2022-01-01,4,2023-01-01,-0.000902289187150629,0.00155844739684317,0.00923720339008354,9.67146744706258,9.67328849964032,"Spec4_Disagg_NoCCI"
2022-01-01,8,2024-01-01,-0.000433469895900984,-0.00318504676021568,0.00923720339008354,9.6535934496067,9.66544855034647,"Spec4_Disagg_NoCCI"
2022-04-01,1,2022-07-01,0.00426375818649305,0.00717916719037998,0.00919868937979747,9.66964087103426,9.67255628003814,"Spec4_Disagg_NoCCI"
2022-04-01,4,2023-04-01,-0.00295094513243832,0.000843224534740208,0.00919868937979747,9.66851650193014,9.68070994229306,"Spec4_Disagg_NoCCI"
2022-04-01,8,2024-04-01,-0.00773596847638736,-0.00256111876877398,0.00919868937979747,9.64585748113031,9.67318165002624,"Spec4_Disagg_NoCCI"
2022-07-01,1,2022-10-01,0.00272886521546845,0.00400423925804614,0.00915908080824459,9.67236973624973,9.6736451102923,"Spec4_Disagg_NoCCI"
2022-07-01,4,2023-07-01,-0.00870455176861107,-0.00170838591741083,0.00915908080824459,9.65981195016153,9.67380708099597,"Spec4_Disagg_NoCCI"
2022-07-01,8,2024-07-01,-0.00184946965238098,-0.00502212458900571,0.00915908080824459,9.64400801147793,9.65984799765888,"Spec4_Disagg_NoCCI"
2022-10-01,1,2023-01-01,-0.000902289187150629,0.00140491712637504,0.00911754168927337,9.67146744706258,9.6737746533761,"Spec4_Disagg_NoCCI"
2022-10-01,4,2023-10-01,-0.00578503065892377,-0.00294480883711063,0.00911754168927337,9.6540269195026,9.66845086146792,"Spec4_Disagg_NoCCI"
2022-10-01,8,2024-10-01,0.00160016896282933,-0.00491565679483241,0.00911754168927337,9.64560818044076,9.65091354084295,"Spec4_Disagg_NoCCI"
2023-01-01,1,2023-04-01,-0.00295094513243832,-0.000855019749273843,0.00907790851563582,9.66851650193014,9.6706124273133,"Spec4_Disagg_NoCCI"
2023-01-01,4,2024-01-01,-0.000433469895900984,-0.00421608183462043,0.00907790851563582,9.6535934496067,9.65997332642486,"Spec4_Disagg_NoCCI"
2023-04-01,1,2023-07-01,-0.00870455176861107,-0.00330711717694907,0.00903854373060624,9.65981195016153,9.66520938475319,"Spec4_Disagg_NoCCI"
2023-04-01,4,2024-04-01,-0.00773596847638736,-0.00490056766855642,0.00903854373060624,9.64585748113031,9.65135932463881,"Spec4_Disagg_NoCCI"
2023-07-01,1,2023-10-01,-0.00578503065892377,-0.00546489773133479,0.00900863905726532,9.6540269195026,9.65434705243019,"Spec4_Disagg_NoCCI"
2023-07-01,4,2024-07-01,-0.00184946965238098,-0.00793507425891704,0.00900863905726532,9.64400801147793,9.63414218875555,"Spec4_Disagg_NoCCI"
2023-10-01,1,2024-01-01,-0.000433469895900984,-0.00618810139304194,0.00896872661698064,9.6535934496067,9.64783881810956,"Spec4_Disagg_NoCCI"
2023-10-01,4,2024-10-01,0.00160016896282933,-0.00741397388464847,0.00896872661698064,9.64560818044076,9.62619514372087,"Spec4_Disagg_NoCCI"
2015-01-01,1,2015-04-01,0.0026387838266313,-0.00908328331974852,0.00520914716566971,9.61595968676492,9.60423761961854,"Spec7_CohortBurden"
2015-01-01,4,2016-01-01,0.00386268344003859,-0.0558745011368743,0.00520914716566971,9.62703047973885,9.48948727363415,"Spec7_CohortBurden"
2015-01-01,8,2017-01-01,0.000310795292557842,-0.159872754959399,0.00520914716566971,9.63320924557572,9.0267444227556,"Spec7_CohortBurden"
2015-04-01,1,2015-07-01,0.00570331868052776,-0.00498147191753705,0.0051788955546344,9.62166300544545,9.61097821484738,"Spec7_CohortBurden"
2015-04-01,4,2016-04-01,0.000897244943260489,-0.0138412106177808,0.0051788955546344,9.62792772468211,9.57287615045112,"Spec7_CohortBurden"
2015-04-01,8,2017-04-01,0.00152994757351266,-0.0324682783031736,0.0051788955546344,9.63473919314924,9.47746214207491,"Spec7_CohortBurden"
2015-07-01,1,2015-10-01,0.00150479085336386,0.00286945919689638,0.00514993024702937,9.62316779629881,9.62453246464234,"Spec7_CohortBurden"
2015-07-01,4,2016-07-01,0.00203000553007016,0.0225596298650712,0.00514993024702937,9.62995773021218,9.66499371934241,"Spec7_CohortBurden"
2015-07-01,8,2017-07-01,0.00301751524172644,0.0403698558486143,0.00514993024702937,9.63775670839096,9.81171018962127,"Spec7_CohortBurden"
2015-10-01,1,2016-01-01,0.00386268344003859,0.00311626152661112,0.0050673363308452,9.62703047973885,9.62628405782542,"Spec7_CohortBurden"
2015-10-01,4,2016-10-01,0.00294072007098478,0.02560456568511,0.0050673363308452,9.63289845028317,9.68321325029516,"Spec7_CohortBurden"
2015-10-01,8,2017-10-01,0.00630087072096153,0.0399083477987263,0.0050673363308452,9.64405757911192,9.8253052230796,"Spec7_CohortBurden"
2016-01-01,1,2016-04-01,0.000897244943260489,0.0120447648564714,0.00498788055602092,9.62792772468211,9.63907524459532,"Spec7_CohortBurden"
2016-01-01,4,2017-01-01,0.000310795292557842,0.0349273773708395,0.00498788055602092,9.63320924557572,9.72149520050578,"Spec7_CohortBurden"
2016-01-01,8,2018-01-01,0.00211653371390952,0.0386949819205534,0.00498788055602092,9.64617411282583,9.87393195531367,"Spec7_CohortBurden"
2016-04-01,1,2016-07-01,0.00203000553007016,0.0121205640107868,0.00500408852768871,9.62995773021218,9.6400482886929,"Spec7_CohortBurden"
2016-04-01,4,2017-04-01,0.00152994757351266,0.0194001298890713,0.00500408852768871,9.63473919314924,9.69531904113906,"Spec7_CohortBurden"
2016-04-01,8,2018-04-01,0.00255947356622244,0.0187348396610733,0.00500408852768871,9.64873358639206,9.7806693567815,"Spec7_CohortBurden"
2016-07-01,1,2016-10-01,0.00294072007098478,0.00820794353406776,0.00500322720345093,9.63289845028317,9.63816567374625,"Spec7_CohortBurden"
2016-07-01,4,2017-07-01,0.00301751524172644,0.0101509614308347,0.00500322720345093,9.63775670839096,9.67031248339766,"Spec7_CohortBurden"
2016-07-01,8,2018-07-01,-0.00262925887424004,0.00880775125669854,0.00500322720345093,9.64610432751782,9.7150208280962,"Spec7_CohortBurden"
2016-10-01,1,2017-01-01,0.000310795292557842,0.00831956957127837,0.00495733204194002,9.63320924557572,9.64121801985445,"Spec7_CohortBurden"
2016-10-01,4,2017-10-01,0.00630087072096153,0.00898067595834423,0.00495733204194002,9.64405757911192,9.66207296216403,"Spec7_CohortBurden"
2016-10-01,8,2018-10-01,-0.00115999594047977,0.00314340825401337,0.00495733204194002,9.64494433157734,9.6845984053148,"Spec7_CohortBurden"
2017-01-01,1,2017-04-01,0.00152994757351266,0.00144868062828374,0.00495049316688229,9.63473919314924,9.63465792620401,"Spec7_CohortBurden"
2017-01-01,4,2018-01-01,0.00211653371390952,0.00279181911144193,0.00495049316688229,9.64617411282583,9.64190479717145,"Spec7_CohortBurden"
2017-01-01,8,2019-01-01,-0.000999312088630688,0.00124400482703957,0.00495049316688229,9.64394501948871,9.64557975631696,"Spec7_CohortBurden"
2017-04-01,1,2017-07-01,0.00301751524172644,0.00103539426940704,0.00488314417180957,9.63775670839096,9.63577458741864,"Spec7_CohortBurden"
2017-04-01,4,2018-04-01,0.00255947356622244,0.00185387024360233,0.00488314417180957,9.64873358639206,9.64394104554155,"Spec7_CohortBurden"
2017-04-01,8,2019-04-01,-0.000600710546352801,0.000897319897903607,0.00488314417180957,9.64334430894235,9.64677286724329,"Spec7_CohortBurden"
2017-07-01,1,2017-10-01,0.00630087072096153,0.0042455528420373,0.00482361243126312,9.64405757911192,9.642002261233,"Spec7_CohortBurden"
2017-07-01,4,2018-07-01,-0.00262925887424004,0.00167758135444246,0.00482361243126312,9.64610432751782,9.64960758851752,"Spec7_CohortBurden"
2017-07-01,8,2019-07-01,-0.00558461233269902,0.00274761681208889,0.00482361243126312,9.63775969660965,9.65547600178304,"Spec7_CohortBurden"
2017-10-01,1,2018-01-01,0.00211653371390952,0.00387914602703932,0.0047673055107046,9.64617411282583,9.64793672513896,"Spec7_CohortBurden"
2017-10-01,4,2018-10-01,-0.00115999594047977,0.000448222019621244,0.0047673055107046,9.64494433157734,9.65336837198216,"Spec7_CohortBurden"
2017-10-01,8,2019-10-01,-0.000681058957608727,0.00568472782920106,0.0047673055107046,9.63707863765205,9.66582818411486,"Spec7_CohortBurden"
2018-01-01,1,2018-04-01,0.00255947356622244,0.0026606600615266,0.00471223411499728,9.64873358639206,9.64883477288736,"Spec7_CohortBurden"
2018-01-01,4,2019-01-01,-0.000999312088630688,0.00178990977805755,0.00471223411499728,9.64394501948871,9.65265383697328,"Spec7_CohortBurden"
2018-01-01,8,2020-01-01,-0.017680643359224,-0.00249529185526851,0.00471223411499728,9.61939799429282,9.66029938635428,"Spec7_CohortBurden"
2018-04-01,1,2018-07-01,-0.00262925887424004,0.00187169633165027,0.0046544297070865,9.64610432751782,9.65060528272371,"Spec7_CohortBurden"
2018-04-01,4,2019-04-01,-0.000600710546352801,0.00148587287917403,0.0046544297070865,9.64334430894235,9.65399339032694,"Spec7_CohortBurden"
2018-04-01,8,2020-04-01,-0.138590030065481,0.00189445478444817,0.0046544297070865,9.48080796422734,9.66204018754781,"Spec7_CohortBurden"
2018-07-01,1,2018-10-01,-0.00115999594047977,-0.0002022767746554,0.00463355434323363,9.64494433157734,9.64590205074316,"Spec7_CohortBurden"
2018-07-01,4,2019-07-01,-0.00558461233269902,0.00276075418546033,0.00463355434323363,9.63775969660965,9.65100130454564,"Spec7_CohortBurden"
2018-07-01,8,2020-07-01,0.0731272892111381,0.00630694865644129,0.00463355434323363,9.55393525343848,9.66296679561808,"Spec7_CohortBurden"
2018-10-01,1,2019-01-01,-0.000999312088630688,0.00127897909642123,0.00458086980206308,9.64394501948871,9.64622331067376,"Spec7_CohortBurden"
2018-10-01,4,2019-10-01,-0.000681058957608727,0.00564152829291625,0.00458086980206308,9.63707863765205,9.6557057282868,"Spec7_CohortBurden"
2018-10-01,8,2020-10-01,0.0452070349225622,0.00915382101638139,0.00458086980206308,9.59914228836104,9.67135430879016,"Spec7_CohortBurden"
2019-01-01,1,2019-04-01,-0.000600710546352801,0.000729224992766087,0.00453649993586378,9.64334430894235,9.64467424448147,"Spec7_CohortBurden"
2019-01-01,4,2020-01-01,-0.017680643359224,-0.00174095312263412,0.00453649993586378,9.61939799429282,9.651450583042,"Spec7_CohortBurden"
2019-01-01,8,2021-01-01,0.0136929067858915,0.0156475896087284,0.00453649993586378,9.61283519514693,9.68578997210304,"Spec7_CohortBurden"
2019-04-01,1,2019-07-01,-0.00558461233269902,0.00272378179886528,0.00448839331832907,9.63775969660965,9.64606809074122,"Spec7_CohortBurden"
2019-04-01,4,2020-04-01,-0.138590030065481,0.00216568544246232,0.00448839331832907,9.48080796422734,9.65253150645519,"Spec7_CohortBurden"
2019-04-01,8,2021-04-01,0.00898992302959378,0.0142923488248248,0.00448839331832907,9.62182511817653,9.69926749660719,"Spec7_CohortBurden"
2019-07-01,1,2019-10-01,-0.000681058957608727,0.0048166786560366,0.00454556356271668,9.63707863765205,9.64257637526569,"Spec7_CohortBurden"
2019-07-01,4,2020-07-01,0.0731272892111381,0.00276774919811458,0.00454556356271668,9.55393525343848,9.64396453350801,"Spec7_CohortBurden"
2019-07-01,8,2021-07-01,-0.0494506669498289,0.0151318619100046,0.00454556356271668,9.5723744512267,9.69430643166981,"Spec7_CohortBurden"
2019-10-01,1,2020-01-01,-0.017680643359224,-0.000980922132778669,0.00454275345886476,9.61939799429282,9.63609771551927,"Spec7_CohortBurden"
2019-10-01,4,2020-10-01,0.0452070349225622,0.00477396155233264,0.00454275345886476,9.59914228836104,9.6398155997951,"Spec7_CohortBurden"
2019-10-01,8,2021-10-01,0.0601991404445705,0.018827042133807,0.00454275345886476,9.63257359167127,9.69555382435929,"Spec7_CohortBurden"
2020-01-01,1,2020-04-01,-0.138590030065481,-0.00634922334790941,0.00486956822940757,9.48080796422734,9.61304877094491,"Spec7_CohortBurden"
2020-01-01,4,2021-01-01,0.0136929067858915,0.0033885086275054,0.00486956822940757,9.61283519514693,9.60898953859349,"Spec7_CohortBurden"
2020-01-01,8,2022-01-01,0.0189170452596095,0.00900836071454518,0.00486956822940757,9.65149063693088,9.63906646504314,"Spec7_CohortBurden"
2020-04-01,1,2020-07-01,0.0731272892111381,0.0154294082963149,0.00486956822940765,9.55393525343848,9.49623737252366,"Spec7_CohortBurden"
2020-04-01,4,2021-04-01,0.00898992302959378,0.0208680019784721,0.00486956822940765,9.62182511817653,9.55556687206743,"Spec7_CohortBurden"
2020-04-01,8,2022-04-01,0.0138864759168875,0.00858211875443499,0.00486956822940765,9.66537711284776,9.61321153164759,"Spec7_CohortBurden"
2020-07-01,1,2020-10-01,0.0452070349225622,0.00923909489288696,0.00486956822940758,9.59914228836104,9.56317434833137,"Spec7_CohortBurden"
2020-07-01,4,2021-07-01,-0.0494506669498289,0.00665187496249754,0.00486956822940758,9.5723744512267,9.59463244935717,"Spec7_CohortBurden"
2020-07-01,8,2022-07-01,0.00426375818649305,0.0052457914718373,0.00486956822940758,9.66964087103426,9.6334825258789,"Spec7_CohortBurden"
2020-10-01,1,2021-01-01,0.0136929067858915,0.0404858820765623,0.00486956822940758,9.61283519514693,9.6396281704376,"Spec7_CohortBurden"
2020-10-01,4,2021-10-01,0.0601991404445705,0.00794328224839888,0.00486956822940758,9.63257359167127,9.64727037411325,"Spec7_CohortBurden"
2020-10-01,8,2022-10-01,0.00272886521546845,0.00110333744273879,0.00486956822940758,9.67236973624973,9.65530383188815,"Spec7_CohortBurden"
2021-01-01,1,2021-04-01,0.00898992302959378,0.0142643702512108,0.00521516961274393,9.62182511817653,9.62709956539814,"Spec7_CohortBurden"
2021-01-01,4,2022-01-01,0.0189170452596095,0.0139200513901133,0.00521516961274393,9.65149063693088,9.65743430854813,"Spec7_CohortBurden"
2021-01-01,8,2023-01-01,-0.000902289187150629,0.000993699853144364,0.00521516961274393,9.67146744706258,9.66143835879362,"Spec7_CohortBurden"
2021-04-01,1,2021-07-01,-0.0494506669498289,0.00165160305305565,0.00517080486382631,9.5723744512267,9.62347672122958,"Spec7_CohortBurden"
2021-04-01,4,2022-04-01,0.0138864759168875,-0.00270506348919496,0.00517080486382631,9.66537711284776,9.63892993218459,"Spec7_CohortBurden"
2021-04-01,8,2023-04-01,-0.00295094513243832,0.0073689882938326,0.00517080486382631,9.66851650193014,9.64911848031174,"Spec7_CohortBurden"
2021-07-01,1,2021-10-01,0.0601991404445705,-0.0145914801881972,0.00632746555027178,9.63257359167127,9.5577829710385,"Spec7_CohortBurden"
2021-07-01,4,2022-07-01,0.00426375818649305,-0.0096492263381433,0.00632746555027178,9.66964087103426,9.5224458488556,"Spec7_CohortBurden"
2021-07-01,8,2023-07-01,-0.00870455176861107,0.00835545624256427,0.00632746555027178,9.65981195016153,9.51866654578536,"Spec7_CohortBurden"
2021-10-01,1,2022-01-01,0.0189170452596095,0.00277805683586714,0.00858527837954273,9.65149063693088,9.63535164850713,"Spec7_CohortBurden"
2021-10-01,4,2022-10-01,0.00272886521546845,0.00270241751024014,0.00858527837954273,9.67236973624973,9.63994548885822,"Spec7_CohortBurden"
2021-10-01,8,2023-10-01,-0.00578503065892377,0.0270969099706986,0.00858527837954273,9.6540269195026,9.72005367596159,"Spec7_CohortBurden"
2022-01-01,1,2022-04-01,0.0138864759168875,0.00127144520690092,0.00859565070663256,9.66537711284776,9.65276208213778,"Spec7_CohortBurden"
2022-01-01,4,2023-01-01,-0.000902289187150629,0.0111633753317518,0.00859565070663256,9.67146744706258,9.67348752186576,"Spec7_CohortBurden"
2022-01-01,8,2024-01-01,-0.000433469895900984,0.0350835388081394,0.00859565070663256,9.6535934496067,9.79500023987393,"Spec7_CohortBurden"
2022-04-01,1,2022-07-01,0.00426375818649305,0.00938219356537002,0.00857058905183674,9.66964087103426,9.67475930641313,"Spec7_CohortBurden"
2022-04-01,4,2023-04-01,-0.00295094513243832,0.0351807755469411,0.00857058905183674,9.66851650193014,9.73809409352118,"Spec7_CohortBurden"
2022-04-01,8,2024-04-01,-0.00773596847638736,0.0371454589717476,0.00857058905183674,9.64585748113031,9.88651836280649,"Spec7_CohortBurden"
2022-07-01,1,2022-10-01,0.00272886521546845,0.010228722585319,0.00850745858081697,9.67236973624973,9.67986959361958,"Spec7_CohortBurden"
2022-07-01,4,2023-07-01,-0.00870455176861107,0.0290296356617367,0.00850745858081697,9.65981195016153,9.75918109618466,"Spec7_CohortBurden"
2022-07-01,8,2024-07-01,-0.00184946965238098,0.0390803194009525,0.00850745858081697,9.64400801147793,9.91335246652591,"Spec7_CohortBurden"
2022-10-01,1,2023-01-01,-0.000902289187150629,0.012105784172249,0.0084537678157193,9.67146744706258,9.68447552042197,"Spec7_CohortBurden"
2022-10-01,4,2023-10-01,-0.00578503065892377,0.0326325346284074,0.0084537678157193,9.6540269195026,9.77157941066229,"Spec7_CohortBurden"
2022-10-01,8,2024-10-01,0.00160016896282933,0.0241555196844597,0.0084537678157193,9.64560818044076,9.895783023844,"Spec7_CohortBurden"
2023-01-01,1,2023-04-01,-0.00295094513243832,0.0231999311687893,0.00845551473241698,9.66851650193014,9.69466737823137,"Spec7_CohortBurden"
2023-01-01,4,2024-01-01,-0.000433469895900984,0.026713653199204,0.00845551473241698,9.6535934496067,9.76056529700229,"Spec7_CohortBurden"
2023-04-01,1,2023-07-01,-0.00870455176861107,0.00482752811014767,0.0086391700606076,9.65981195016153,9.67334403004029,"Spec7_CohortBurden"
2023-04-01,4,2024-04-01,-0.00773596847638736,0.0134433699121111,0.0086391700606076,9.64585748113031,9.70954768782308,"Spec7_CohortBurden"
2023-07-01,1,2023-10-01,-0.00578503065892377,0.00303186117576158,0.0086566775544272,9.6540269195026,9.66284381133729,"Spec7_CohortBurden"
2023-07-01,4,2024-07-01,-0.00184946965238098,0.0118062750169002,0.0086566775544272,9.64400801147793,9.69540721836779,"Spec7_CohortBurden"
2023-10-01,1,2024-01-01,-0.000433469895900984,0.00864720133769529,0.00862006927145881,9.6535934496067,9.6626741208403,"Spec7_CohortBurden"
2023-10-01,4,2024-10-01,0.00160016896282933,0.00536568103722229,0.00862006927145881,9.64560818044076,9.68650097085641,"Spec7_CohortBurden"
2015-01-01,1,2015-04-01,0.0026387838266313,-0.00188655664776183,0.00574711827360543,9.61595968676492,9.61143434629053,"Spec8_CCI_Interactions"
2015-01-01,4,2016-01-01,0.00386268344003859,-0.0234415458746501,0.00574711827360543,9.62703047973885,9.56824656983866,"Spec8_CCI_Interactions"
2015-01-01,8,2017-01-01,0.000310795292557842,-0.0963465894634231,0.00574711827360543,9.63320924557572,9.31160139638059,"Spec8_CCI_Interactions"
2015-04-01,1,2015-07-01,0.00570331868052776,0.000330080199171041,0.00571574246277859,9.62166300544545,9.61628976696409,"Spec8_CCI_Interactions"
2015-04-01,4,2016-04-01,0.000897244943260489,-0.00466636115303523,0.00571574246277859,9.62792772468211,9.60767657168648,"Spec8_CCI_Interactions"
2015-04-01,8,2017-04-01,0.00152994757351266,-0.0204916855381177,0.00571574246277859,9.63473919314924,9.55141894941605,"Spec8_CCI_Interactions"
2015-07-01,1,2015-10-01,0.00150479085336386,0.00702607555691476,0.00568737264621648,9.62316779629881,9.62868908100236,"Spec8_CCI_Interactions"
2015-07-01,4,2016-07-01,0.00203000553007016,0.0203903007637737,0.00568737264621648,9.62995773021218,9.67387376099903,"Spec8_CCI_Interactions"
2015-07-01,8,2017-07-01,0.00301751524172644,0.0555573328146048,0.00568737264621648,9.63775670839096,9.84371475070126,"Spec8_CCI_Interactions"
2015-10-01,1,2016-01-01,0.00386268344003859,0.00248354904161907,0.00566059393998014,9.62703047973885,9.62565134534043,"Spec8_CCI_Interactions"
2015-10-01,4,2016-10-01,0.00294072007098478,0.00548666741899877,0.00566059393998014,9.63289845028317,9.63819150139881,"Spec8_CCI_Interactions"
2015-10-01,8,2017-10-01,0.00630087072096153,0.00852279869370088,0.00566059393998014,9.64405757911192,9.66661195873057,"Spec8_CCI_Interactions"
2016-01-01,1,2016-04-01,0.000897244943260489,0.00526606394406211,0.00562732529182191,9.62792772468211,9.63229654368291,"Spec8_CCI_Interactions"
2016-01-01,4,2017-01-01,0.000310795292557842,0.0107627090239039,0.00562732529182191,9.63320924557572,9.65799611968172,"Spec8_CCI_Interactions"
2016-01-01,8,2018-01-01,0.00211653371390952,0.0174341409174663,0.00562732529182191,9.64617411282583,9.71942423063402,"Spec8_CCI_Interactions"
2016-04-01,1,2016-07-01,0.00203000553007016,0.00132095319732034,0.0056000569029731,9.62995773021218,9.62924867787943,"Spec8_CCI_Interactions"
2016-04-01,4,2017-04-01,0.00152994757351266,0.000924598823227675,0.0056000569029731,9.63473919314924,9.63401556562942,"Spec8_CCI_Interactions"
2016-04-01,8,2018-04-01,0.00255947356622244,-0.00112941592100486,0.0056000569029731,9.64873358639206,9.6331672997907,"Spec8_CCI_Interactions"
2016-07-01,1,2016-10-01,0.00294072007098478,0.00291052677057647,0.00556757960271733,9.63289845028317,9.63286825698276,"Spec8_CCI_Interactions"
2016-07-01,4,2017-07-01,0.00301751524172644,0.00185235266997776,0.00556757960271733,9.63775670839096,9.63936032507655,"Spec8_CCI_Interactions"
2016-07-01,8,2018-07-01,-0.00262925887424004,0.000641324341462547,0.00556757960271733,9.64610432751782,9.64426134062278,"Spec8_CCI_Interactions"
2016-10-01,1,2017-01-01,0.000310795292557842,0.00255987467599769,0.00553548990616175,9.63320924557572,9.63545832495916,"Spec8_CCI_Interactions"
2016-10-01,4,2017-10-01,0.00630087072096153,0.0022008105329947,0.00553548990616175,9.64405757911192,9.64168895600401,"Spec8_CCI_Interactions"
2016-10-01,8,2018-10-01,-0.00115999594047977,0.000115140166112265,0.00553548990616175,9.64494433157734,9.64471546676916,"Spec8_CCI_Interactions"
2017-01-01,1,2017-04-01,0.00152994757351266,0.000533096318575592,0.00550622746220335,9.63473919314924,9.6337423418943,"Spec8_CCI_Interactions"
2017-01-01,4,2018-01-01,0.00211653371390952,-0.00130174720306922,0.00550622746220335,9.64617411282583,9.63223394730269,"Spec8_CCI_Interactions"
2017-01-01,8,2019-01-01,-0.000999312088630688,-0.00402373362165286,0.00550622746220335,9.64394501948871,9.62127108764877,"Spec8_CCI_Interactions"
2017-04-01,1,2017-07-01,0.00301751524172644,0.000519983666116904,0.00547570540112204,9.63775670839096,9.63525917681535,"Spec8_CCI_Interactions"
2017-04-01,4,2018-04-01,0.00255947356622244,-0.000998435267308647,0.00547570540112204,9.64873358639206,9.63436832790022,"Spec8_CCI_Interactions"
2017-04-01,8,2019-04-01,-0.000600710546352801,-0.00393243034436424,0.00547570540112204,9.64334430894235,9.62415210843776,"Spec8_CCI_Interactions"
2017-07-01,1,2017-10-01,0.00630087072096153,0.00191451482657373,0.0054486522779409,9.64405757911192,9.63967122321754,"Spec8_CCI_Interactions"
2017-07-01,4,2018-07-01,-0.00262925887424004,0.000413970684314954,0.0054486522779409,9.64610432751782,9.64170644557858,"Spec8_CCI_Interactions"
2017-07-01,8,2019-07-01,-0.00558461233269902,-0.000407705992722131,0.0054486522779409,9.63775969660965,9.63773494870212,"Spec8_CCI_Interactions"
2017-10-01,1,2018-01-01,0.00211653371390952,0.0028935688953235,0.00543009124598978,9.64617411282583,9.64695114800725,"Spec8_CCI_Interactions"
2017-10-01,4,2018-10-01,-0.00115999594047977,0.00221088572339904,0.00543009124598978,9.64494433157734,9.65460199248125,"Spec8_CCI_Interactions"
2017-10-01,8,2019-10-01,-0.000681058957608727,0.00200368136247597,0.00543009124598978,9.63707863765205,9.65980746057251,"Spec8_CCI_Interactions"
2018-01-01,1,2018-04-01,0.00255947356622244,0.00247322139727028,0.00540088250760099,9.64873358639206,9.6486473342231,"Spec8_CCI_Interactions"
2018-01-01,4,2019-01-01,-0.000999312088630688,0.000741037259443699,0.00540088250760099,9.64394501948871,9.65365320917892,"Spec8_CCI_Interactions"
2018-01-01,8,2020-01-01,-0.017680643359224,0.00237811017115036,0.00540088250760099,9.61939799429282,9.65924005544609,"Spec8_CCI_Interactions"
2018-04-01,1,2018-07-01,-0.00262925887424004,0.00240856479498958,0.00537177204674836,9.64610432751782,9.65114215118705,"Spec8_CCI_Interactions"
2018-04-01,4,2019-04-01,-0.000600710546352801,-0.000115344015680871,0.00537177204674836,9.64334430894235,9.65371311928059,"Spec8_CCI_Interactions"
2018-04-01,8,2020-04-01,-0.138590030065481,0.000837239737775653,0.00537177204674836,9.48080796422734,9.66036521604344,"Spec8_CCI_Interactions"
2018-07-01,1,2018-10-01,-0.00115999594047977,0.000501340061885382,0.00536103158077509,9.64494433157734,9.6466056675797,"Spec8_CCI_Interactions"
2018-07-01,4,2019-07-01,-0.00558461233269902,0.000252648806346976,0.00536103158077509,9.63775969660965,9.64463205189407,"Spec8_CCI_Interactions"
2018-07-01,8,2020-07-01,0.0731272892111381,0.00208131872196044,0.00536103158077509,9.55393525343848,9.64807197689894,"Spec8_CCI_Interactions"
2018-10-01,1,2019-01-01,-0.000999312088630688,-0.00110492478303749,0.00533470041179693,9.64394501948871,9.6438394067943,"Spec8_CCI_Interactions"
2018-10-01,4,2019-10-01,-0.000681058957608727,0.000140134837209952,0.00533470041179693,9.63707863765205,9.64195842339909,"Spec8_CCI_Interactions"
2018-10-01,8,2020-10-01,0.0452070349225622,0.00425992453328582,0.00533470041179693,9.59914228836104,9.64830000901795,"Spec8_CCI_Interactions"
2019-01-01,1,2019-04-01,-0.000600710546352801,-0.001904780218242,0.00530685082365302,9.64334430894235,9.64204023927046,"Spec8_CCI_Interactions"
2019-01-01,4,2020-01-01,-0.017680643359224,0.000833181288487857,0.00530685082365302,9.61939799429282,9.6429598061766,"Spec8_CCI_Interactions"
2019-01-01,8,2021-01-01,0.0136929067858915,0.00571812169747584,0.00530685082365302,9.61283519514693,9.65425325365682,"Spec8_CCI_Interactions"
2019-04-01,1,2019-07-01,-0.00558461233269902,0.000190298975421088,0.00528068786748462,9.63775969660965,9.64353460791777,"Spec8_CCI_Interactions"
2019-04-01,4,2020-04-01,-0.138590030065481,-0.000230625673209618,0.00528068786748462,9.48080796422734,9.64470049831514,"Spec8_CCI_Interactions"
2019-04-01,8,2021-04-01,0.00898992302959378,0.00541026841351392,0.00528068786748462,9.62182511817653,9.66256341932643,"Spec8_CCI_Interactions"
2019-07-01,1,2019-10-01,-0.000681058957608727,-0.000562042601909075,0.00527915836663323,9.63707863765205,9.63719765400774,"Spec8_CCI_Interactions"
2019-07-01,4,2020-07-01,0.0731272892111381,0.000833736253596105,0.00527915836663323,9.55393525343848,9.63705128163659,"Spec8_CCI_Interactions"
2019-07-01,8,2021-07-01,-0.0494506669498289,0.00601821028439948,0.00527915836663323,9.5723744512267,9.65564764034159,"Spec8_CCI_Interactions"
2019-10-01,1,2020-01-01,-0.017680643359224,0.000322129358682572,0.0052524392278362,9.61939799429282,9.63740076701073,"Spec8_CCI_Interactions"
2019-10-01,4,2020-10-01,0.0452070349225622,0.00324358151062195,0.0052524392278362,9.59914228836104,9.64012729332962,"Spec8_CCI_Interactions"
2019-10-01,8,2021-10-01,0.0601991404445705,0.00724020355937297,0.0052524392278362,9.63257359167127,9.66260075658928,"Spec8_CCI_Interactions"
2020-01-01,1,2020-04-01,-0.138590030065481,-0.00294122839493356,0.00548729282264292,9.48080796422734,9.61645676589789,"Spec8_CCI_Interactions"
2020-01-01,4,2021-01-01,0.0136929067858915,0.002695764020795,0.00548729282264292,9.61283519514693,9.61919705437292,"Spec8_CCI_Interactions"
2020-01-01,8,2022-01-01,0.0189170452596095,0.00794382957572857,0.00548729282264292,9.65149063693088,9.6395750263691,"Spec8_CCI_Interactions"
2020-04-01,1,2020-07-01,0.0731272892111381,0.0015723135679862,0.00548729282264293,9.55393525343848,9.48238027779533,"Spec8_CCI_Interactions"
2020-04-01,4,2021-04-01,0.00898992302959378,0.00528881170404714,0.00548729282264293,9.62182511817653,9.49691435353557,"Spec8_CCI_Interactions"
2020-04-01,8,2022-04-01,0.0138864759168875,0.00727261768839505,0.00548729282264293,9.66537711284776,9.52930267959644,"Spec8_CCI_Interactions"
2020-07-01,1,2020-10-01,0.0452070349225622,0.00246255388030155,0.00548729282264292,9.59914228836104,9.55639780731878,"Spec8_CCI_Interactions"
2020-07-01,4,2021-07-01,-0.0494506669498289,0.00530631128360968,0.00548729282264292,9.5723744512267,9.56951485658676,"Spec8_CCI_Interactions"
2020-07-01,8,2022-07-01,0.00426375818649305,0.00545039756508817,0.00548729282264292,9.66964087103426,9.59675824761201,"Spec8_CCI_Interactions"
2020-10-01,1,2021-01-01,0.0136929067858915,0.0457918702389938,0.00548729282264292,9.61283519514693,9.64493415860003,"Spec8_CCI_Interactions"
2020-10-01,4,2021-10-01,0.0601991404445705,0.00509132884787275,0.00548729282264292,9.63257359167127,9.65583576973654,"Spec8_CCI_Interactions"
2020-10-01,8,2022-10-01,0.00272886521546845,0.00244865955314783,0.00548729282264292,9.67236973624973,9.67405221086771,"Spec8_CCI_Interactions"
2021-01-01,1,2021-04-01,0.00898992302959378,0.00348362696174909,0.00585679592956059,9.62182511817653,9.61631882210868,"Spec8_CCI_Interactions"
2021-01-01,4,2022-01-01,0.0189170452596095,0.0104984519942446,0.00585679592956059,9.65149063693088,9.63496339263226,"Spec8_CCI_Interactions"
2021-01-01,8,2023-01-01,-0.000902289187150629,0.00164880227219781,0.00585679592956059,9.67146744706258,9.646552671389,"Spec8_CCI_Interactions"
2021-04-01,1,2021-07-01,-0.0494506669498289,0.00904440233380373,0.0058394002751031,9.5723744512267,9.63086952051033,"Spec8_CCI_Interactions"
2021-04-01,4,2022-04-01,0.0138864759168875,0.00535148111717658,0.0058394002751031,9.66537711284776,9.65551749179212,"Spec8_CCI_Interactions"
2021-04-01,8,2023-04-01,-0.00295094513243832,0.00393617566870599,0.0058394002751031,9.66851650193014,9.67311714865781,"Spec8_CCI_Interactions"
2021-07-01,1,2021-10-01,0.0601991404445705,-0.0227403677218004,0.0070958785745777,9.63257359167127,9.5496340835049,"Spec8_CCI_Interactions"
2021-07-01,4,2022-07-01,0.00426375818649305,-0.0120883506972969,0.0070958785745777,9.66964087103426,9.50883909698159,"Spec8_CCI_Interactions"
2021-07-01,8,2023-07-01,-0.00870455176861107,-0.0152226809163817,0.0070958785745777,9.65981195016153,9.43975475508661,"Spec8_CCI_Interactions"
2021-10-01,1,2022-01-01,0.0189170452596095,0.00845893985462794,0.00904461494929214,9.65149063693088,9.6410325315259,"Spec8_CCI_Interactions"
2021-10-01,4,2022-10-01,0.00272886521546845,0.00238912475206046,0.00904461494929214,9.67236973624973,9.66292455165566,"Spec8_CCI_Interactions"
2021-10-01,8,2023-10-01,-0.00578503065892377,0.00681071305458748,0.00904461494929214,9.6540269195026,9.68320304781861,"Spec8_CCI_Interactions"
2022-01-01,1,2022-04-01,0.0138864759168875,0.0107293941335656,0.00903170671007244,9.66537711284776,9.66222003106444,"Spec8_CCI_Interactions"
2022-01-01,4,2023-01-01,-0.000902289187150629,0.00382579112577188,0.00903170671007244,9.67146744706258,9.67915351166946,"Spec8_CCI_Interactions"
2022-01-01,8,2024-01-01,-0.000433469895900984,0.00998405154655972,0.00903170671007244,9.6535934496067,9.71047475536514,"Spec8_CCI_Interactions"
2022-04-01,1,2022-07-01,0.00426375818649305,0.0110633590435575,0.008992871158897,9.66964087103426,9.67644047189132,"Spec8_CCI_Interactions"
2022-04-01,4,2023-04-01,-0.00295094513243832,0.00676116488806086,0.008992871158897,9.66851650193014,9.69054925654546,"Spec8_CCI_Interactions"
2022-04-01,8,2024-04-01,-0.00773596847638736,0.00716063962346596,0.008992871158897,9.64585748113031,9.7239706450314,"Spec8_CCI_Interactions"
2022-07-01,1,2022-10-01,0.00272886521546845,0.00254202749557632,0.00897059374362128,9.67236973624973,9.67218289852983,"Spec8_CCI_Interactions"
2022-07-01,4,2023-07-01,-0.00870455176861107,0.00670047794883405,0.00897059374362128,9.65981195016153,9.68906867758727,"Spec8_CCI_Interactions"
2022-07-01,8,2024-07-01,-0.00184946965238098,0.00888908614042633,0.00897059374362128,9.64400801147793,9.72307740662174,"Spec8_CCI_Interactions"
2022-10-01,1,2023-01-01,-0.000902289187150629,0.00392000547459245,0.00892898029662162,9.67146744706258,9.67628974172432,"Spec8_CCI_Interactions"
2022-10-01,4,2023-10-01,-0.00578503065892377,0.00836732243579668,0.00892898029662162,9.6540269195026,9.69770994558904,"Spec8_CCI_Interactions"
2022-10-01,8,2024-10-01,0.00160016896282933,0.00862112353899236,0.00892898029662162,9.64560818044076,9.73208312459575,"Spec8_CCI_Interactions"
2023-01-01,1,2023-04-01,-0.00295094513243832,0.00567273560479865,0.00889738942934503,9.66851650193014,9.67714018266737,"Spec8_CCI_Interactions"
2023-01-01,4,2024-01-01,-0.000433469895900984,0.00930744060827257,0.00889738942934503,9.6535934496067,9.70006639256249,"Spec8_CCI_Interactions"
2023-04-01,1,2023-07-01,-0.00870455176861107,0.00472671709333864,0.00888689815505761,9.65981195016153,9.67324321902348,"Spec8_CCI_Interactions"
2023-04-01,4,2024-04-01,-0.00773596847638736,0.0044297458003616,0.00888689815505761,9.64585748113031,9.69181618101748,"Spec8_CCI_Interactions"
2023-07-01,1,2023-10-01,-0.00578503065892377,0.0048492009959713,0.00892263294893927,9.6540269195026,9.6646611511575,"Spec8_CCI_Interactions"
2023-07-01,4,2024-07-01,-0.00184946965238098,0.00583049691377868,0.00892263294893927,9.64400801147793,9.68014438653127,"Spec8_CCI_Interactions"
2023-10-01,1,2024-01-01,-0.000433469895900984,0.00579723373144152,0.00892882645398898,9.6535934496067,9.65982415323404,"Spec8_CCI_Interactions"
2023-10-01,4,2024-10-01,0.00160016896282933,0.00520647660557784,0.00892882645398898,9.64560818044076,9.67245149897226,"Spec8_CCI_Interactions"
2015-01-01,1,2015-04-01,0.0026387838266313,-0.00188655664776183,0.00574711827360543,9.61595968676492,9.61143434629053,"Spec9_KalmanCCI"
2015-01-01,4,2016-01-01,0.00386268344003859,-0.0234415458746501,0.00574711827360543,9.62703047973885,9.56824656983866,"Spec9_KalmanCCI"
2015-01-01,8,2017-01-01,0.000310795292557842,-0.0963465894634231,0.00574711827360543,9.63320924557572,9.31160139638059,"Spec9_KalmanCCI"
2015-04-01,1,2015-07-01,0.00570331868052776,0.000330080199171041,0.00571574246277859,9.62166300544545,9.61628976696409,"Spec9_KalmanCCI"
2015-04-01,4,2016-04-01,0.000897244943260489,-0.00466636115303523,0.00571574246277859,9.62792772468211,9.60767657168648,"Spec9_KalmanCCI"
2015-04-01,8,2017-04-01,0.00152994757351266,-0.0204916855381177,0.00571574246277859,9.63473919314924,9.55141894941605,"Spec9_KalmanCCI"
2015-07-01,1,2015-10-01,0.00150479085336386,0.00702607555691476,0.00568737264621648,9.62316779629881,9.62868908100236,"Spec9_KalmanCCI"
2015-07-01,4,2016-07-01,0.00203000553007016,0.0203903007637737,0.00568737264621648,9.62995773021218,9.67387376099903,"Spec9_KalmanCCI"
2015-07-01,8,2017-07-01,0.00301751524172644,0.0555573328146048,0.00568737264621648,9.63775670839096,9.84371475070126,"Spec9_KalmanCCI"
2015-10-01,1,2016-01-01,0.00386268344003859,0.00248354904161907,0.00566059393998014,9.62703047973885,9.62565134534043,"Spec9_KalmanCCI"
2015-10-01,4,2016-10-01,0.00294072007098478,0.00548666741899877,0.00566059393998014,9.63289845028317,9.63819150139881,"Spec9_KalmanCCI"
2015-10-01,8,2017-10-01,0.00630087072096153,0.00852279869370088,0.00566059393998014,9.64405757911192,9.66661195873057,"Spec9_KalmanCCI"
2016-01-01,1,2016-04-01,0.000897244943260489,0.00526606394406211,0.00562732529182191,9.62792772468211,9.63229654368291,"Spec9_KalmanCCI"
2016-01-01,4,2017-01-01,0.000310795292557842,0.0107627090239039,0.00562732529182191,9.63320924557572,9.65799611968172,"Spec9_KalmanCCI"
2016-01-01,8,2018-01-01,0.00211653371390952,0.0174341409174663,0.00562732529182191,9.64617411282583,9.71942423063402,"Spec9_KalmanCCI"
2016-04-01,1,2016-07-01,0.00203000553007016,0.00132095319732034,0.0056000569029731,9.62995773021218,9.62924867787943,"Spec9_KalmanCCI"
2016-04-01,4,2017-04-01,0.00152994757351266,0.000924598823227675,0.0056000569029731,9.63473919314924,9.63401556562942,"Spec9_KalmanCCI"
2016-04-01,8,2018-04-01,0.00255947356622244,-0.00112941592100486,0.0056000569029731,9.64873358639206,9.6331672997907,"Spec9_KalmanCCI"
2016-07-01,1,2016-10-01,0.00294072007098478,0.00291052677057647,0.00556757960271733,9.63289845028317,9.63286825698276,"Spec9_KalmanCCI"
2016-07-01,4,2017-07-01,0.00301751524172644,0.00185235266997776,0.00556757960271733,9.63775670839096,9.63936032507655,"Spec9_KalmanCCI"
2016-07-01,8,2018-07-01,-0.00262925887424004,0.000641324341462547,0.00556757960271733,9.64610432751782,9.64426134062278,"Spec9_KalmanCCI"
2016-10-01,1,2017-01-01,0.000310795292557842,0.00255987467599769,0.00553548990616175,9.63320924557572,9.63545832495916,"Spec9_KalmanCCI"
2016-10-01,4,2017-10-01,0.00630087072096153,0.0022008105329947,0.00553548990616175,9.64405757911192,9.64168895600401,"Spec9_KalmanCCI"
2016-10-01,8,2018-10-01,-0.00115999594047977,0.000115140166112265,0.00553548990616175,9.64494433157734,9.64471546676916,"Spec9_KalmanCCI"
2017-01-01,1,2017-04-01,0.00152994757351266,0.000533096318575592,0.00550622746220335,9.63473919314924,9.6337423418943,"Spec9_KalmanCCI"
2017-01-01,4,2018-01-01,0.00211653371390952,-0.00130174720306922,0.00550622746220335,9.64617411282583,9.63223394730269,"Spec9_KalmanCCI"
2017-01-01,8,2019-01-01,-0.000999312088630688,-0.00402373362165286,0.00550622746220335,9.64394501948871,9.62127108764877,"Spec9_KalmanCCI"
2017-04-01,1,2017-07-01,0.00301751524172644,0.000519983666116904,0.00547570540112204,9.63775670839096,9.63525917681535,"Spec9_KalmanCCI"
2017-04-01,4,2018-04-01,0.00255947356622244,-0.000998435267308647,0.00547570540112204,9.64873358639206,9.63436832790022,"Spec9_KalmanCCI"
2017-04-01,8,2019-04-01,-0.000600710546352801,-0.00393243034436424,0.00547570540112204,9.64334430894235,9.62415210843776,"Spec9_KalmanCCI"
2017-07-01,1,2017-10-01,0.00630087072096153,0.00191451482657373,0.0054486522779409,9.64405757911192,9.63967122321754,"Spec9_KalmanCCI"
2017-07-01,4,2018-07-01,-0.00262925887424004,0.000413970684314954,0.0054486522779409,9.64610432751782,9.64170644557858,"Spec9_KalmanCCI"
2017-07-01,8,2019-07-01,-0.00558461233269902,-0.000407705992722131,0.0054486522779409,9.63775969660965,9.63773494870212,"Spec9_KalmanCCI"
2017-10-01,1,2018-01-01,0.00211653371390952,0.0028935688953235,0.00543009124598978,9.64617411282583,9.64695114800725,"Spec9_KalmanCCI"
2017-10-01,4,2018-10-01,-0.00115999594047977,0.00221088572339904,0.00543009124598978,9.64494433157734,9.65460199248125,"Spec9_KalmanCCI"
2017-10-01,8,2019-10-01,-0.000681058957608727,0.00200368136247597,0.00543009124598978,9.63707863765205,9.65980746057251,"Spec9_KalmanCCI"
2018-01-01,1,2018-04-01,0.00255947356622244,0.00247322139727028,0.00540088250760099,9.64873358639206,9.6486473342231,"Spec9_KalmanCCI"
2018-01-01,4,2019-01-01,-0.000999312088630688,0.000741037259443699,0.00540088250760099,9.64394501948871,9.65365320917892,"Spec9_KalmanCCI"
2018-01-01,8,2020-01-01,-0.017680643359224,0.00237811017115036,0.00540088250760099,9.61939799429282,9.65924005544609,"Spec9_KalmanCCI"
2018-04-01,1,2018-07-01,-0.00262925887424004,0.00240856479498958,0.00537177204674836,9.64610432751782,9.65114215118705,"Spec9_KalmanCCI"
2018-04-01,4,2019-04-01,-0.000600710546352801,-0.000115344015680871,0.00537177204674836,9.64334430894235,9.65371311928059,"Spec9_KalmanCCI"
2018-04-01,8,2020-04-01,-0.138590030065481,0.000837239737775653,0.00537177204674836,9.48080796422734,9.66036521604344,"Spec9_KalmanCCI"
2018-07-01,1,2018-10-01,-0.00115999594047977,0.000501340061885382,0.00536103158077509,9.64494433157734,9.6466056675797,"Spec9_KalmanCCI"
2018-07-01,4,2019-07-01,-0.00558461233269902,0.000252648806346976,0.00536103158077509,9.63775969660965,9.64463205189407,"Spec9_KalmanCCI"
2018-07-01,8,2020-07-01,0.0731272892111381,0.00208131872196044,0.00536103158077509,9.55393525343848,9.64807197689894,"Spec9_KalmanCCI"
2018-10-01,1,2019-01-01,-0.000999312088630688,-0.00110492478303749,0.00533470041179693,9.64394501948871,9.6438394067943,"Spec9_KalmanCCI"
2018-10-01,4,2019-10-01,-0.000681058957608727,0.000140134837209952,0.00533470041179693,9.63707863765205,9.64195842339909,"Spec9_KalmanCCI"
2018-10-01,8,2020-10-01,0.0452070349225622,0.00425992453328582,0.00533470041179693,9.59914228836104,9.64830000901795,"Spec9_KalmanCCI"
2019-01-01,1,2019-04-01,-0.000600710546352801,-0.001904780218242,0.00530685082365302,9.64334430894235,9.64204023927046,"Spec9_KalmanCCI"
2019-01-01,4,2020-01-01,-0.017680643359224,0.000833181288487857,0.00530685082365302,9.61939799429282,9.6429598061766,"Spec9_KalmanCCI"
2019-01-01,8,2021-01-01,0.0136929067858915,0.00571812169747584,0.00530685082365302,9.61283519514693,9.65425325365682,"Spec9_KalmanCCI"
2019-04-01,1,2019-07-01,-0.00558461233269902,0.000190298975421088,0.00528068786748462,9.63775969660965,9.64353460791777,"Spec9_KalmanCCI"
2019-04-01,4,2020-04-01,-0.138590030065481,-0.000230625673209618,0.00528068786748462,9.48080796422734,9.64470049831514,"Spec9_KalmanCCI"
2019-04-01,8,2021-04-01,0.00898992302959378,0.00541026841351392,0.00528068786748462,9.62182511817653,9.66256341932643,"Spec9_KalmanCCI"
2019-07-01,1,2019-10-01,-0.000681058957608727,-0.000562042601909075,0.00527915836663323,9.63707863765205,9.63719765400774,"Spec9_KalmanCCI"
2019-07-01,4,2020-07-01,0.0731272892111381,0.000833736253596105,0.00527915836663323,9.55393525343848,9.63705128163659,"Spec9_KalmanCCI"
2019-07-01,8,2021-07-01,-0.0494506669498289,0.00601821028439948,0.00527915836663323,9.5723744512267,9.65564764034159,"Spec9_KalmanCCI"
2019-10-01,1,2020-01-01,-0.017680643359224,0.000322129358682572,0.0052524392278362,9.61939799429282,9.63740076701073,"Spec9_KalmanCCI"
2019-10-01,4,2020-10-01,0.0452070349225622,0.00324358151062195,0.0052524392278362,9.59914228836104,9.64012729332962,"Spec9_KalmanCCI"
2019-10-01,8,2021-10-01,0.0601991404445705,0.00724020355937297,0.0052524392278362,9.63257359167127,9.66260075658928,"Spec9_KalmanCCI"
2020-01-01,1,2020-04-01,-0.138590030065481,-0.00294122839493356,0.00548729282264292,9.48080796422734,9.61645676589789,"Spec9_KalmanCCI"
2020-01-01,4,2021-01-01,0.0136929067858915,0.002695764020795,0.00548729282264292,9.61283519514693,9.61919705437292,"Spec9_KalmanCCI"
2020-01-01,8,2022-01-01,0.0189170452596095,0.00794382957572857,0.00548729282264292,9.65149063693088,9.6395750263691,"Spec9_KalmanCCI"
2020-04-01,1,2020-07-01,0.0731272892111381,0.0015723135679862,0.00548729282264293,9.55393525343848,9.48238027779533,"Spec9_KalmanCCI"
2020-04-01,4,2021-04-01,0.00898992302959378,0.00528881170404714,0.00548729282264293,9.62182511817653,9.49691435353557,"Spec9_KalmanCCI"
2020-04-01,8,2022-04-01,0.0138864759168875,0.00727261768839505,0.00548729282264293,9.66537711284776,9.52930267959644,"Spec9_KalmanCCI"
2020-07-01,1,2020-10-01,0.0452070349225622,0.00246255388030155,0.00548729282264292,9.59914228836104,9.55639780731878,"Spec9_KalmanCCI"
2020-07-01,4,2021-07-01,-0.0494506669498289,0.00530631128360968,0.00548729282264292,9.5723744512267,9.56951485658676,"Spec9_KalmanCCI"
2020-07-01,8,2022-07-01,0.00426375818649305,0.00545039756508817,0.00548729282264292,9.66964087103426,9.59675824761201,"Spec9_KalmanCCI"
2020-10-01,1,2021-01-01,0.0136929067858915,0.0457918702389938,0.00548729282264292,9.61283519514693,9.64493415860003,"Spec9_KalmanCCI"
2020-10-01,4,2021-10-01,0.0601991404445705,0.00509132884787275,0.00548729282264292,9.63257359167127,9.65583576973654,"Spec9_KalmanCCI"
2020-10-01,8,2022-10-01,0.00272886521546845,0.00244865955314783,0.00548729282264292,9.67236973624973,9.67405221086771,"Spec9_KalmanCCI"
2021-01-01,1,2021-04-01,0.00898992302959378,0.00348362696174909,0.00585679592956059,9.62182511817653,9.61631882210868,"Spec9_KalmanCCI"
2021-01-01,4,2022-01-01,0.0189170452596095,0.0104984519942446,0.00585679592956059,9.65149063693088,9.63496339263226,"Spec9_KalmanCCI"
2021-01-01,8,2023-01-01,-0.000902289187150629,0.00164880227219781,0.00585679592956059,9.67146744706258,9.646552671389,"Spec9_KalmanCCI"
2021-04-01,1,2021-07-01,-0.0494506669498289,0.00904440233380373,0.0058394002751031,9.5723744512267,9.63086952051033,"Spec9_KalmanCCI"
2021-04-01,4,2022-04-01,0.0138864759168875,0.00535148111717658,0.0058394002751031,9.66537711284776,9.65551749179212,"Spec9_KalmanCCI"
2021-04-01,8,2023-04-01,-0.00295094513243832,0.00393617566870599,0.0058394002751031,9.66851650193014,9.67311714865781,"Spec9_KalmanCCI"
2021-07-01,1,2021-10-01,0.0601991404445705,-0.0227403677218004,0.0070958785745777,9.63257359167127,9.5496340835049,"Spec9_KalmanCCI"
2021-07-01,4,2022-07-01,0.00426375818649305,-0.0120883506972969,0.0070958785745777,9.66964087103426,9.50883909698159,"Spec9_KalmanCCI"
2021-07-01,8,2023-07-01,-0.00870455176861107,-0.0152226809163817,0.0070958785745777,9.65981195016153,9.43975475508661,"Spec9_KalmanCCI"
2021-10-01,1,2022-01-01,0.0189170452596095,0.00845893985462794,0.00904461494929214,9.65149063693088,9.6410325315259,"Spec9_KalmanCCI"
2021-10-01,4,2022-10-01,0.00272886521546845,0.00238912475206046,0.00904461494929214,9.67236973624973,9.66292455165566,"Spec9_KalmanCCI"
2021-10-01,8,2023-10-01,-0.00578503065892377,0.00681071305458748,0.00904461494929214,9.6540269195026,9.68320304781861,"Spec9_KalmanCCI"
2022-01-01,1,2022-04-01,0.0138864759168875,0.0107293941335656,0.00903170671007244,9.66537711284776,9.66222003106444,"Spec9_KalmanCCI"
2022-01-01,4,2023-01-01,-0.000902289187150629,0.00382579112577188,0.00903170671007244,9.67146744706258,9.67915351166946,"Spec9_KalmanCCI"
2022-01-01,8,2024-01-01,-0.000433469895900984,0.00998405154655972,0.00903170671007244,9.6535934496067,9.71047475536514,"Spec9_KalmanCCI"
2022-04-01,1,2022-07-01,0.00426375818649305,0.0110633590435575,0.008992871158897,9.66964087103426,9.67644047189132,"Spec9_KalmanCCI"
2022-04-01,4,2023-04-01,-0.00295094513243832,0.00676116488806086,0.008992871158897,9.66851650193014,9.69054925654546,"Spec9_KalmanCCI"
2022-04-01,8,2024-04-01,-0.00773596847638736,0.00716063962346596,0.008992871158897,9.64585748113031,9.7239706450314,"Spec9_KalmanCCI"
2022-07-01,1,2022-10-01,0.00272886521546845,0.00254202749557632,0.00897059374362128,9.67236973624973,9.67218289852983,"Spec9_KalmanCCI"
2022-07-01,4,2023-07-01,-0.00870455176861107,0.00670047794883405,0.00897059374362128,9.65981195016153,9.68906867758727,"Spec9_KalmanCCI"
2022-07-01,8,2024-07-01,-0.00184946965238098,0.00888908614042633,0.00897059374362128,9.64400801147793,9.72307740662174,"Spec9_KalmanCCI"
2022-10-01,1,2023-01-01,-0.000902289187150629,0.00392000547459245,0.00892898029662162,9.67146744706258,9.67628974172432,"Spec9_KalmanCCI"
2022-10-01,4,2023-10-01,-0.00578503065892377,0.00836732243579668,0.00892898029662162,9.6540269195026,9.69770994558904,"Spec9_KalmanCCI"
2022-10-01,8,2024-10-01,0.00160016896282933,0.00862112353899236,0.00892898029662162,9.64560818044076,9.73208312459575,"Spec9_KalmanCCI"
2023-01-01,1,2023-04-01,-0.00295094513243832,0.00567273560479865,0.00889738942934503,9.66851650193014,9.67714018266737,"Spec9_KalmanCCI"
2023-01-01,4,2024-01-01,-0.000433469895900984,0.00930744060827257,0.00889738942934503,9.6535934496067,9.70006639256249,"Spec9_KalmanCCI"
2023-04-01,1,2023-07-01,-0.00870455176861107,0.00472671709333864,0.00888689815505761,9.65981195016153,9.67324321902348,"Spec9_KalmanCCI"
2023-04-01,4,2024-04-01,-0.00773596847638736,0.0044297458003616,0.00888689815505761,9.64585748113031,9.69181618101748,"Spec9_KalmanCCI"
2023-07-01,1,2023-10-01,-0.00578503065892377,0.0048492009959713,0.00892263294893927,9.6540269195026,9.6646611511575,"Spec9_KalmanCCI"
2023-07-01,4,2024-07-01,-0.00184946965238098,0.00583049691377868,0.00892263294893927,9.64400801147793,9.68014438653127,"Spec9_KalmanCCI"
2023-10-01,1,2024-01-01,-0.000433469895900984,0.00579723373144152,0.00892882645398898,9.6535934496067,9.65982415323404,"Spec9_KalmanCCI"
2023-10-01,4,2024-10-01,0.00160016896282933,0.00520647660557784,0.00892882645398898,9.64560818044076,9.67245149897226,"Spec9_KalmanCCI"
2015-01-01,1,2015-04-01,0.0026387838266313,0.00405737753526965,0.00712535829855234,9.61595968676492,9.61737828047356,"Benchmark_RW_drift"
2015-01-01,4,2016-01-01,0.00386268344003859,0.00405737753526965,0.00712535829855234,9.62703047973885,9.62955041307937,"Benchmark_RW_drift"
2015-01-01,8,2017-01-01,0.000310795292557842,0.00405737753526965,0.00712535829855234,9.63320924557572,9.64577992322045,"Benchmark_RW_drift"
2015-04-01,1,2015-07-01,0.00570331868052776,0.00404731658698144,0.00710087003140878,9.62166300544545,9.6200070033519,"Benchmark_RW_drift"
2015-04-01,4,2016-04-01,0.000897244943260489,0.00404731658698144,0.00710087003140878,9.62792772468211,9.63214895311285,"Benchmark_RW_drift"
2015-04-01,8,2017-04-01,0.00152994757351266,0.00404731658698144,0.00710087003140878,9.63473919314924,9.64833821946078,"Benchmark_RW_drift"
2015-07-01,1,2015-10-01,0.00150479085336386,0.00405897857355571,0.00707700940518606,9.62316779629881,9.625721984019,"Benchmark_RW_drift"
2015-07-01,4,2016-07-01,0.00203000553007016,0.00405897857355571,0.00707700940518606,9.62995773021218,9.63789891973967,"Benchmark_RW_drift"
2015-07-01,8,2017-07-01,0.00301751524172644,0.00405897857355571,0.00707700940518606,9.63775670839096,9.65413483403389,"Benchmark_RW_drift"
2015-10-01,1,2016-01-01,0.00386268344003859,0.00404111712096695,0.00705528021847001,9.62703047973885,9.62720891341978,"Benchmark_RW_drift"
2015-10-01,4,2016-10-01,0.00294072007098478,0.00404111712096695,0.00705528021847001,9.63289845028317,9.63933226478268,"Benchmark_RW_drift"
2015-10-01,8,2017-10-01,0.00630087072096153,0.00404111712096695,0.00705528021847001,9.64405757911192,9.65549673326654,"Benchmark_RW_drift"
2016-01-01,1,2016-04-01,0.000897244943260489,0.00403987799818273,0.00703058385202878,9.62792772468211,9.63107035773703,"Benchmark_RW_drift"
2016-01-01,4,2017-01-01,0.000310795292557842,0.00403987799818273,0.00703058385202878,9.63320924557572,9.64318999173158,"Benchmark_RW_drift"
2016-01-01,8,2018-01-01,0.00211653371390952,0.00403987799818273,0.00703058385202878,9.64617411282583,9.65934950372432,"Benchmark_RW_drift"
2016-04-01,1,2016-07-01,0.00203000553007016,0.00401820466676947,0.00701098872660928,9.62995773021218,9.63194592934888,"Benchmark_RW_drift"
2016-04-01,4,2017-04-01,0.00152994757351266,0.00401820466676947,0.00701098872660928,9.63473919314924,9.64400054334919,"Benchmark_RW_drift"
2016-04-01,8,2018-04-01,0.00255947356622244,0.00401820466676947,0.00701098872660928,9.64873358639206,9.66007336201626,"Benchmark_RW_drift"
2016-07-01,1,2016-10-01,0.00294072007098478,0.00400458686446331,0.00698870839137498,9.63289845028317,9.63396231707664,"Benchmark_RW_drift"
2016-07-01,4,2017-07-01,0.00301751524172644,0.00400458686446331,0.00698870839137498,9.63775670839096,9.64597607767003,"Benchmark_RW_drift"
2016-07-01,8,2018-07-01,-0.00262925887424004,0.00400458686446331,0.00698870839137498,9.64610432751782,9.66199442512788,"Benchmark_RW_drift"
2016-10-01,1,2017-01-01,0.000310795292557842,0.00399734967539203,0.00696528605515601,9.63320924557572,9.63689579995856,"Benchmark_RW_drift"
2016-10-01,4,2017-10-01,0.00630087072096153,0.00399734967539203,0.00696528605515601,9.64405757911192,9.64888784898474,"Benchmark_RW_drift"
2016-10-01,8,2018-10-01,-0.00115999594047977,0.00399734967539203,0.00696528605515601,9.64494433157734,9.66487724768631,"Benchmark_RW_drift"
2017-01-01,1,2017-04-01,0.00152994757351266,0.00397244052415666,0.00694816546505542,9.63473919314924,9.63718168609988,"Benchmark_RW_drift"
2017-01-01,4,2018-01-01,0.00211653371390952,0.00397244052415666,0.00694816546505542,9.64617411282583,9.64909900767235,"Benchmark_RW_drift"
2017-01-01,8,2019-01-01,-0.000999312088630688,0.00397244052415666,0.00694816546505542,9.64394501948871,9.66498876976898,"Benchmark_RW_drift"
2017-04-01,1,2017-07-01,0.00301751524172644,0.00395604795401811,0.00692754257282845,9.63775670839096,9.63869524110325,"Benchmark_RW_drift"
2017-04-01,4,2018-04-01,0.00255947356622244,0.00395604795401811,0.00692754257282845,9.64873358639206,9.65056338496531,"Benchmark_RW_drift"
2017-04-01,8,2019-04-01,-0.000600710546352801,0.00395604795401811,0.00692754257282845,9.64334430894235,9.66638757678138,"Benchmark_RW_drift"
2017-07-01,1,2017-10-01,0.00630087072096153,0.0039497910692695,0.0069046819024441,9.64405757911192,9.64170649946023,"Benchmark_RW_drift"
2017-07-01,4,2018-07-01,-0.00262925887424004,0.0039497910692695,0.0069046819024441,9.64610432751782,9.65355587266804,"Benchmark_RW_drift"
2017-07-01,8,2019-07-01,-0.00558461233269902,0.0039497910692695,0.0069046819024441,9.63775969660965,9.66935503694512,"Benchmark_RW_drift"
2017-10-01,1,2018-01-01,0.00211653371390952,0.00396536113318799,0.00688428701851062,9.64617411282583,9.64802294024511,"Benchmark_RW_drift"
2017-10-01,4,2018-10-01,-0.00115999594047977,0.00396536113318799,0.00688428701851062,9.64494433157734,9.65991902364468,"Benchmark_RW_drift"
2017-10-01,8,2019-10-01,-0.000681058957608727,0.00396536113318799,0.00688428701851062,9.63707863765205,9.67578046817743,"Benchmark_RW_drift"
2018-01-01,1,2018-04-01,0.00255947356622244,0.00395319779490327,0.00686309201738252,9.64873358639206,9.65012731062074,"Benchmark_RW_drift"
2018-01-01,4,2019-01-01,-0.000999312088630688,0.00395319779490327,0.00686309201738252,9.64394501948871,9.66198690400545,"Benchmark_RW_drift"
2018-01-01,8,2020-01-01,-0.017680643359224,0.00395319779490327,0.00686309201738252,9.61939799429282,9.67779969518506,"Benchmark_RW_drift"
2018-04-01,1,2018-07-01,-0.00262925887424004,0.00394408848621908,0.0068414067349887,9.64610432751782,9.65267767487828,"Benchmark_RW_drift"
2018-04-01,4,2019-04-01,-0.000600710546352801,0.00394408848621908,0.0068414067349887,9.64334430894235,9.66450994033694,"Benchmark_RW_drift"
2018-04-01,8,2020-04-01,-0.138590030065481,0.00394408848621908,0.0068414067349887,9.48080796422734,9.68028629428182,"Benchmark_RW_drift"
2018-07-01,1,2018-10-01,-0.00115999594047977,0.00390140441244986,0.0068395547611162,9.64494433157734,9.65000573193027,"Benchmark_RW_drift"
2018-07-01,4,2019-07-01,-0.00558461233269902,0.00390140441244986,0.0068395547611162,9.63775969660965,9.66170994516761,"Benchmark_RW_drift"
2018-07-01,8,2020-07-01,0.0731272892111381,0.00390140441244986,0.0068395547611162,9.55393525343848,9.67731556281741,"Benchmark_RW_drift"
2018-10-01,1,2019-01-01,-0.000999312088630688,0.00386875021662451,0.00682942327294062,9.64394501948871,9.64881308179396,"Benchmark_RW_drift"
2018-10-01,4,2019-10-01,-0.000681058957608727,0.00386875021662451,0.00682942327294062,9.63707863765205,9.66041933244383,"Benchmark_RW_drift"
2018-10-01,8,2020-10-01,0.0452070349225622,0.00386875021662451,0.00682942327294062,9.59914228836104,9.67589433331033,"Benchmark_RW_drift"
2019-01-01,1,2019-04-01,-0.000600710546352801,0.00383754468902672,0.00681850591205198,9.64334430894235,9.64778256417773,"Benchmark_RW_drift"
2019-01-01,4,2020-01-01,-0.017680643359224,0.00383754468902672,0.00681850591205198,9.61939799429282,9.65929519824481,"Benchmark_RW_drift"
2019-01-01,8,2021-01-01,0.0136929067858915,0.00383754468902672,0.00681850591205198,9.61283519514693,9.67464537700092,"Benchmark_RW_drift"
2019-04-01,1,2019-07-01,-0.00558461233269902,0.0038092755474001,0.0068058403412706,9.63775969660965,9.64715358448975,"Benchmark_RW_drift"
2019-04-01,4,2020-04-01,-0.138590030065481,0.0038092755474001,0.0068058403412706,9.48080796422734,9.65858141113196,"Benchmark_RW_drift"
2019-04-01,8,2021-04-01,0.00898992302959378,0.0038092755474001,0.0068058403412706,9.62182511817653,9.67381851332156,"Benchmark_RW_drift"
2019-07-01,1,2019-10-01,-0.000681058957608727,0.00374982056081719,0.00682517016663865,9.63707863765205,9.64150951717047,"Benchmark_RW_drift"
2019-07-01,4,2020-07-01,0.0731272892111381,0.00374982056081719,0.00682517016663865,9.55393525343848,9.65275897885292,"Benchmark_RW_drift"
2019-07-01,8,2021-07-01,-0.0494506669498289,0.00374982056081719,0.00682517016663865,9.5723744512267,9.66775826109619,"Benchmark_RW_drift"
2019-10-01,1,2020-01-01,-0.017680643359224,0.00372195339403464,0.00681260560127626,9.61939799429282,9.64080059104608,"Benchmark_RW_drift"
2019-10-01,4,2020-10-01,0.0452070349225622,0.00372195339403464,0.00681260560127626,9.59914228836104,9.65196645122818,"Benchmark_RW_drift"
2019-10-01,8,2021-10-01,0.0601991404445705,0.00372195339403464,0.00681260560127626,9.63257359167127,9.66685426480432,"Benchmark_RW_drift"
2020-01-01,1,2020-04-01,-0.138590030065481,0.00358818716432677,0.00699876009931678,9.48080796422734,9.62298618145715,"Benchmark_RW_drift"
2020-01-01,4,2021-01-01,0.0136929067858915,0.00358818716432677,0.00699876009931678,9.61283519514693,9.63375074295013,"Benchmark_RW_drift"
2020-01-01,8,2022-01-01,0.0189170452596095,0.00358818716432677,0.00699876009931678,9.65149063693088,9.64810349160744,"Benchmark_RW_drift"
2020-04-01,1,2020-07-01,0.0731272892111381,0.00270509264737144,0.0131997464170952,9.55393525343848,9.48351305687471,"Benchmark_RW_drift"
2020-04-01,4,2021-04-01,0.00898992302959378,0.00270509264737144,0.0131997464170952,9.62182511817653,9.49162833481683,"Benchmark_RW_drift"
2020-04-01,8,2022-04-01,0.0138864759168875,0.00270509264737144,0.0131997464170952,9.66537711284776,9.50244870540631,"Benchmark_RW_drift"
2020-07-01,1,2020-10-01,0.0452070349225622,0.00313979756443173,0.014274592328614,9.59914228836104,9.55707505100291,"Benchmark_RW_drift"
2020-07-01,4,2021-07-01,-0.0494506669498289,0.00313979756443173,0.014274592328614,9.5723744512267,9.5664944436962,"Benchmark_RW_drift"
2020-07-01,8,2022-07-01,0.00426375818649305,0.00313979756443173,0.014274592328614,9.66964087103426,9.57905363395393,"Benchmark_RW_drift"
2020-10-01,1,2021-01-01,0.0136929067858915,0.00339787877521781,0.014606948597031,9.61283519514693,9.60254016713626,"Benchmark_RW_drift"
2020-10-01,4,2021-10-01,0.0601991404445705,0.00339787877521781,0.014606948597031,9.63257359167127,9.61273380346191,"Benchmark_RW_drift"
2020-10-01,8,2022-10-01,0.00272886521546845,0.00339787877521781,0.014606948597031,9.67236973624973,9.62632531856278,"Benchmark_RW_drift"
2021-01-01,1,2021-04-01,0.00898992302959378,0.0034606533362585,0.0145842462281624,9.62182511817653,9.61629584848319,"Benchmark_RW_drift"
2021-01-01,4,2022-01-01,0.0189170452596095,0.0034606533362585,0.0145842462281624,9.65149063693088,9.62667780849197,"Benchmark_RW_drift"
2021-01-01,8,2023-01-01,-0.000902289187150629,0.0034606533362585,0.0145842462281624,9.67146744706258,9.640520421837,"Benchmark_RW_drift"
2021-04-01,1,2021-07-01,-0.0494506669498289,0.00349416406167265,0.0145460845319661,9.5723744512267,9.6253192822382,"Benchmark_RW_drift"
2021-04-01,4,2022-04-01,0.0138864759168875,0.00349416406167265,0.0145460845319661,9.66537711284776,9.63580177442322,"Benchmark_RW_drift"
2021-04-01,8,2023-04-01,-0.00295094513243832,0.00349416406167265,0.0145460845319661,9.66851650193014,9.64977843066991,"Benchmark_RW_drift"
2021-07-01,1,2021-10-01,0.0601991404445705,0.00317521929654312,0.0150729126880511,9.63257359167127,9.57554967052324,"Benchmark_RW_drift"
2021-07-01,4,2022-07-01,0.00426375818649305,0.00317521929654312,0.0150729126880511,9.66964087103426,9.58507532841287,"Benchmark_RW_drift"
2021-07-01,8,2023-07-01,-0.00870455176861107,0.00317521929654312,0.0150729126880511,9.65981195016153,9.59777620559904,"Benchmark_RW_drift"
2021-10-01,1,2022-01-01,0.0189170452596095,0.00351667990221994,0.015661912043255,9.65149063693088,9.63609027157349,"Benchmark_RW_drift"
2021-10-01,4,2022-10-01,0.00272886521546845,0.00351667990221994,0.015661912043255,9.67236973624973,9.64664031128014,"Benchmark_RW_drift"
2021-10-01,8,2023-10-01,-0.00578503065892377,0.00351667990221994,0.015661912043255,9.6540269195026,9.66070703088902,"Benchmark_RW_drift"
2022-01-01,1,2022-04-01,0.0138864759168875,0.00360834874363297,0.0156600889920117,9.66537711284776,9.65509898567451,"Benchmark_RW_drift"
2022-01-01,4,2023-01-01,-0.000902289187150629,0.00360834874363297,0.0156600889920117,9.67146744706258,9.66592403190541,"Benchmark_RW_drift"
2022-01-01,8,2024-01-01,-0.000433469895900984,0.00360834874363297,0.0156600889920117,9.6535934496067,9.68035742687994,"Benchmark_RW_drift"
2022-04-01,1,2022-07-01,0.00426375818649305,0.00366916606418477,0.0156334168718073,9.66964087103426,9.66904627891195,"Benchmark_RW_drift"
2022-04-01,4,2023-04-01,-0.00295094513243832,0.00366916606418477,0.0156334168718073,9.66851650193014,9.6800537771045,"Benchmark_RW_drift"
2022-04-01,8,2024-04-01,-0.00773596847638736,0.00366916606418477,0.0156334168718073,9.64585748113031,9.69473044136124,"Benchmark_RW_drift"
2022-07-01,1,2022-10-01,0.00272886521546845,0.00367266366490423,0.015587162245171,9.67236973624973,9.67331353469916,"Benchmark_RW_drift"
2022-07-01,4,2023-07-01,-0.00870455176861107,0.00367266366490423,0.015587162245171,9.65981195016153,9.68433152569387,"Benchmark_RW_drift"
2022-07-01,8,2024-07-01,-0.00184946965238098,0.00367266366490423,0.015587162245171,9.64400801147793,9.69902218035349,"Benchmark_RW_drift"
2022-10-01,1,2023-01-01,-0.000902289187150629,0.00366714437572625,0.0155414176212539,9.67146744706258,9.67603688062545,"Benchmark_RW_drift"
2022-10-01,4,2023-10-01,-0.00578503065892377,0.00366714437572625,0.0155414176212539,9.6540269195026,9.68703831375263,"Benchmark_RW_drift"
2022-10-01,8,2024-10-01,0.00160016896282933,0.00366714437572625,0.0155414176212539,9.64560818044076,9.70170689125553,"Benchmark_RW_drift"
2023-01-01,1,2023-04-01,-0.00295094513243832,0.00364057790152347,0.0154998247140899,9.66851650193014,9.6751080249641,"Benchmark_RW_drift"
2023-01-01,4,2024-01-01,-0.000433469895900984,0.00364057790152347,0.0154998247140899,9.6535934496067,9.68602975866867,"Benchmark_RW_drift"
2023-04-01,1,2023-07-01,-0.00870455176861107,0.00360247661230982,0.0154628244819455,9.65981195016153,9.67211897854245,"Benchmark_RW_drift"
2023-04-01,4,2024-04-01,-0.00773596847638736,0.00360247661230982,0.0154628244819455,9.64585748113031,9.68292640837937,"Benchmark_RW_drift"
2023-07-01,1,2023-10-01,-0.00578503065892377,0.00353174656414361,0.0154462727823377,9.6540269195026,9.66334369672567,"Benchmark_RW_drift"
2023-07-01,4,2024-07-01,-0.00184946965238098,0.00353174656414361,0.0154462727823377,9.64400801147793,9.6739389364181,"Benchmark_RW_drift"
2023-10-01,1,2024-01-01,-0.000433469895900984,0.00347850783715465,0.0154179169993781,9.6535934496067,9.65750542733976,"Benchmark_RW_drift"
2023-10-01,4,2024-10-01,0.00160016896282933,0.00347850783715465,0.0154179169993781,9.64560818044076,9.66794095085122,"Benchmark_RW_drift"
2015-01-01,1,2015-04-01,0.0026387838266313,0.00340419861526653,0.00707837578818488,9.61595968676492,9.61672510155356,"Benchmark_AR1"
2015-01-01,4,2016-01-01,0.00386268344003859,0.00409232567311669,0.00707837578818488,9.62703047973885,9.6288843973958,"Benchmark_AR1"
2015-01-01,8,2017-01-01,0.000310795292557842,0.00409484587624499,0.00707837578818488,9.63320924557572,9.64526332786918,"Benchmark_AR1"
2015-04-01,1,2015-07-01,0.00570331868052776,0.00386448595971449,0.00705298084441142,9.62166300544545,9.61982417272464,"Benchmark_AR1"
2015-04-01,4,2016-04-01,0.000897244943260489,0.00408757739411781,0.00705298084441142,9.62792772468211,9.63204862532115,"Benchmark_AR1"
2015-04-01,8,2017-04-01,0.00152994757351266,0.00408840217206766,0.00705298084441142,9.63473919314924,9.64840208521455,"Benchmark_AR1"
2015-07-01,1,2015-10-01,0.00150479085336386,0.00435028587446429,0.0070292823952002,9.62316779629881,9.62601329131991,"Benchmark_AR1"
2015-07-01,4,2016-07-01,0.00203000553007016,0.00410470391365699,0.0070292823952002,9.62995773021218,9.63836943519343,"Benchmark_AR1"
2015-07-01,8,2017-07-01,0.00301751524172644,0.0041038024607158,0.0070292823952002,9.63775670839096,9.65478480722081,"Benchmark_AR1"
2015-10-01,1,2016-01-01,0.00386268344003859,0.00368495057764117,0.00700822957548753,9.62703047973885,9.62685274687645,"Benchmark_AR1"
2015-10-01,4,2016-10-01,0.00294072007098478,0.00407866884577925,0.00700822957548753,9.63289845028317,9.63902167564514,"Benchmark_AR1"
2015-10-01,8,2017-10-01,0.00630087072096153,0.00408009544463556,0.00700822957548753,9.64405757911192,9.65534180202265,"Benchmark_AR1"
2016-01-01,1,2016-04-01,0.000897244943260489,0.00404799145996618,0.00698334939091694,9.62792772468211,9.63107847119882,"Benchmark_AR1"
2016-01-01,4,2017-01-01,0.000310795292557842,0.0040814402308372,0.00698334939091694,9.63320924557572,9.64331709574658,"Benchmark_AR1"
2016-01-01,8,2018-01-01,0.00211653371390952,0.00408156127761993,0.00698334939091694,9.64617411282583,9.65964331919663,"Benchmark_AR1"
2016-04-01,1,2016-07-01,0.00203000553007016,0.00357104588842142,0.00696370318428065,9.62995773021218,9.63149877057053,"Benchmark_AR1"
2016-04-01,4,2017-04-01,0.00152994757351266,0.00405396757363614,0.00696370318428065,9.63473919314924,9.64357838925842,"Benchmark_AR1"
2016-04-01,8,2018-04-01,0.00255947356622244,0.0040557179140748,0.00696370318428065,9.64873358639206,9.65980094751929,"Benchmark_AR1"
2016-07-01,1,2016-10-01,0.00294072007098478,0.00373289103477578,0.00694049844490453,9.63289845028317,9.63369062124696,"Benchmark_AR1"
2016-07-01,4,2017-07-01,0.00301751524172644,0.00404204841408062,0.00694049844490453,9.63775670839096,9.64576384147919,"Benchmark_AR1"
2016-07-01,8,2018-07-01,-0.00262925887424004,0.00404318394408597,0.00694049844490453,9.64610432751782,9.66193637290829,"Benchmark_AR1"
2016-10-01,1,2017-01-01,0.000310795292557842,0.00386759968830378,0.00691667021088355,9.63320924557572,9.63676604997147,"Benchmark_AR1"
2016-10-01,4,2017-10-01,0.00630087072096153,0.0040361563557157,0.00691667021088355,9.64405757911192,9.64884561961166,"Benchmark_AR1"
2016-10-01,8,2018-10-01,-0.00115999594047977,0.00403677813474787,0.00691667021088355,9.64494433157734,9.66499262007288,"Benchmark_AR1"
2017-01-01,1,2017-04-01,0.00152994757351266,0.0034355135956602,0.00689906033746238,9.63473919314924,9.63664475917138,"Benchmark_AR1"
2017-01-01,4,2018-01-01,0.00211653371390952,0.00400604529357578,0.00689906033746238,9.64617411282583,9.64856471813061,"Benchmark_AR1"
2017-01-01,8,2019-01-01,-0.000999312088630688,0.00400817173803868,0.00689906033746238,9.64394501948871,9.66459702027206,"Benchmark_AR1"
2017-04-01,1,2017-07-01,0.00301751524172644,0.00360906212843632,0.0068771856549903,9.63775670839096,9.63834825527767,"Benchmark_AR1"
2017-04-01,4,2018-04-01,0.00255947356622244,0.00399150805563396,0.0068771856549903,9.64873358639206,9.65025652349117,"Benchmark_AR1"
2017-04-01,8,2019-04-01,-0.000600710546352801,0.00399296088149115,0.0068771856549903,9.64334430894235,9.66622810219094,"Benchmark_AR1"
2017-07-01,1,2017-10-01,0.00630087072096153,0.00383676326328527,0.00685392629869802,9.64405757911192,9.64159347165425,"Benchmark_AR1"
2017-07-01,4,2018-07-01,-0.00262925887424004,0.00398769035463853,0.00685392629869802,9.64610432751782,9.65353035962534,"Benchmark_AR1"
2017-07-01,8,2019-07-01,-0.00558461233269902,0.00398826593204297,0.00685392629869802,9.63775969660965,9.66948331827906,"Benchmark_AR1"
2017-10-01,1,2018-01-01,0.00211653371390952,0.00436485650019333,0.00683371389217344,9.64617411282583,9.64842243561212,"Benchmark_AR1"
2017-10-01,4,2018-10-01,-0.00115999594047977,0.00400905859439713,0.00683371389217344,9.64494433157734,9.66051119970183,"Benchmark_AR1"
2017-10-01,8,2019-10-01,-0.000681058957608727,0.00400771016185139,0.00683371389217344,9.63707863765205,9.67654228592659,"Benchmark_AR1"
2018-01-01,1,2018-04-01,0.00255947356622244,0.00369964533128698,0.00681321512133572,9.64873358639206,9.64987375815712,"Benchmark_AR1"
2018-01-01,4,2019-01-01,-0.000999312088630688,0.00398896989642712,0.00681321512133572,9.64394501948871,9.66179083879758,"Benchmark_AR1"
2018-01-01,8,2020-01-01,-0.017680643359224,0.00399005082963636,0.00681321512133572,9.61939799429282,9.67775084632713,"Benchmark_AR1"
2018-04-01,1,2018-07-01,-0.00262925887424004,0.00376039209345949,0.00679110004130688,9.64610432751782,9.65249397848552,"Benchmark_AR1"
2018-04-01,4,2019-04-01,-0.000600710546352801,0.00398035707887027,0.00679110004130688,9.64334430894235,9.66439708955755,"Benchmark_AR1"
2018-04-01,8,2020-04-01,-0.138590030065481,0.00398118358660149,0.00679110004130688,9.48080796422734,9.68032167387256,"Benchmark_AR1"
2018-07-01,1,2018-10-01,-0.00115999594047977,0.00290464385859398,0.00678838399932687,9.64494433157734,9.64900897137641,"Benchmark_AR1"
2018-07-01,4,2019-07-01,-0.00558461233269902,0.00392778516381407,0.00678838399932687,9.63775969660965,9.66061425430078,"Benchmark_AR1"
2018-07-01,8,2020-07-01,0.0731272892111381,0.00393172294595245,0.00678838399932687,9.55393525343848,9.67634042470488,"Benchmark_AR1"
2018-10-01,1,2019-01-01,-0.000999312088630688,0.00308948243739958,0.00677394452943138,9.64394501948871,9.64803381401474,"Benchmark_AR1"
2018-10-01,4,2019-10-01,-0.000681058957608727,0.00389709123330328,0.00677394452943138,9.63707863765205,9.65958098044102,"Benchmark_AR1"
2018-10-01,8,2020-10-01,0.0452070349225622,0.00390042642473158,0.00677394452943138,9.59914228836104,9.67518205847522,"Benchmark_AR1"
2019-01-01,1,2019-04-01,-0.000600710546352801,0.00307491762943308,0.00675977764024792,9.64334430894235,9.64701993711814,"Benchmark_AR1"
2019-01-01,4,2020-01-01,-0.017680643359224,0.00386556979530243,0.00675977764024792,9.61939799429282,9.65847288137147,"Benchmark_AR1"
2019-01-01,8,2021-01-01,0.0136929067858915,0.00386901369433466,0.00675977764024792,9.61283519514693,9.67394827466537,"Benchmark_AR1"
2019-04-01,1,2019-07-01,-0.00558461233269902,0.00310542432811651,0.00674423882102366,9.63775969660965,9.64644973327047,"Benchmark_AR1"
2019-04-01,4,2020-04-01,-0.138590030065481,0.00383753303950328,0.00674423882102366,9.48080796422734,9.65782706878927,"Benchmark_AR1"
2019-04-01,8,2021-04-01,0.00898992302959378,0.00384086935432708,0.00674423882102366,9.62182511817653,9.67318989418579,"Benchmark_AR1"
2019-07-01,1,2019-10-01,-0.000681058957608727,0.00217500631909686,0.00675826142448608,9.63707863765205,9.63993470292875,"Benchmark_AR1"
2019-07-01,4,2020-07-01,0.0731272892111381,0.00376633441933601,0.00675826142448608,9.55393525343848,9.65092966555197,"Benchmark_AR1"
2019-07-01,8,2021-07-01,-0.0494506669498289,0.00377430850209364,0.00675826142448608,9.5723744512267,9.6660252832719,"Benchmark_AR1"
2019-10-01,1,2020-01-01,-0.017680643359224,0.00297872645866234,0.00674037462310464,9.61939799429282,9.64005736411071,"Benchmark_AR1"
2019-10-01,4,2020-10-01,0.0452070349225622,0.00374841134014048,0.00674037462310464,9.59914228836104,9.6511522030062,"Benchmark_AR1"
2019-10-01,8,2021-10-01,0.0601991404445705,0.00375252136077628,0.00674037462310464,9.63257359167127,9.66616143472469,"Benchmark_AR1"
2020-01-01,1,2020-04-01,-0.138590030065481,-0.000383655431154316,0.00691646713450589,9.48080796422734,9.61901433886167,"Benchmark_AR1"
2020-01-01,4,2021-01-01,0.0136929067858915,0.00356720625856876,0.00691646713450589,9.61283519514693,9.6288855303011,"Benchmark_AR1"
2020-01-01,8,2022-01-01,0.0189170452596095,0.00359315312940455,0.00691646713450589,9.65149063693088,9.64325230413429,"Benchmark_AR1"
2020-04-01,1,2020-07-01,0.0731272892111381,-0.0775115608842973,0.0126747707269825,9.55393525343848,9.40329640334304,"Benchmark_AR1"
2020-04-01,4,2021-04-01,0.00898992302959378,-0.0126084115423052,0.0126747707269825,9.62182511817653,9.32405942125837,"Benchmark_AR1"
2020-04-01,8,2022-04-01,0.0138864759168875,0.000171830386193532,0.0126747707269825,9.66537711284776,9.31396159717926,"Benchmark_AR1"
2020-07-01,1,2020-10-01,0.0452070349225622,-0.0108584862927647,0.0141160728471821,9.59914228836104,9.54307676714571,"Benchmark_AR1"
2020-07-01,4,2021-07-01,-0.0494506669498289,0.00319937928168399,0.0141160728471821,9.5723744512267,9.55467905806853,"Benchmark_AR1"
2020-07-01,8,2022-07-01,0.00426375818649305,0.00308939629337165,0.0141160728471821,9.66964087103426,9.56701768509896,"Benchmark_AR1"
2020-10-01,1,2021-01-01,0.0136929067858915,0.000079377802427815,0.0146495534879661,9.61283519514693,9.59922166616347,"Benchmark_AR1"
2020-10-01,4,2021-10-01,0.0601991404445705,0.00340587782373943,0.0146495534879661,9.63257359167127,9.60967936441413,"Benchmark_AR1"
2020-10-01,8,2022-10-01,0.00272886521546845,0.0034042050320383,0.0146495534879661,9.67236973624973,9.62329606102984,"Benchmark_AR1"
2021-01-01,1,2021-04-01,0.00898992302959378,0.0028389277654479,0.0146411157605424,9.62182511817653,9.61567412291238,"Benchmark_AR1"
2021-01-01,4,2022-01-01,0.0189170452596095,0.00348302814134487,0.0146411157605424,9.65149063693088,9.62616093552736,"Benchmark_AR1"
2021-01-01,8,2023-01-01,-0.000902289187150629,0.00348286659794086,0.0146411157605424,9.67146744706258,9.64009239232495,"Benchmark_AR1"
2021-04-01,1,2021-07-01,-0.0494506669498289,0.00318308472480642,0.0146037825668945,9.5723744512267,9.62500820290133,"Benchmark_AR1"
2021-04-01,4,2022-04-01,0.0138864759168875,0.00351832290177145,0.0146037825668945,9.66537711284776,9.6355822899159,"Benchmark_AR1"
2021-04-01,8,2023-04-01,-0.00295094513243832,0.00351824587402909,0.0146037825668945,9.66851650193014,9.64965526896176,"Benchmark_AR1"
2021-07-01,1,2021-10-01,0.0601991404445705,0.0068851482074473,0.015127459722396,9.63257359167127,9.57925959943414,"Benchmark_AR1"
2021-07-01,4,2022-07-01,0.00426375818649305,0.00321858484694986,0.015127459722396,9.66964087103426,9.5886805052569,"Benchmark_AR1"
2021-07-01,8,2023-07-01,-0.00870455176861107,0.00321982005254419,0.015127459722396,9.65981195016153,9.60155986594806,"Benchmark_AR1"
2021-10-01,1,2022-01-01,0.0189170452596095,-0.00469214091563529,0.0156010070481962,9.65149063693088,9.62788145075563,"Benchmark_AR1"
2021-10-01,4,2022-10-01,0.00272886521546845,0.0035222147911969,0.0156010070481962,9.67236973624973,9.63941076823953,"Benchmark_AR1"
2021-10-01,8,2023-10-01,-0.00578503065892377,0.00349754914189615,0.0156010070481962,9.6540269195026,9.65339780889387,"Benchmark_AR1"
2022-01-01,1,2022-04-01,0.0138864759168875,0.00191792998129631,0.0156527213923164,9.66537711284776,9.65340856691217,"Benchmark_AR1"
2022-01-01,4,2023-01-01,-0.000902289187150629,0.0036265246986605,0.0156527213923164,9.67146744706258,9.66445252623736,"Benchmark_AR1"
2022-01-01,8,2024-01-01,-0.000433469895900984,0.00362415545728717,0.0156527213923164,9.6535934496067,9.67894890879375,"Benchmark_AR1"
2022-04-01,1,2022-07-01,0.00426375818649305,0.00259641316282236,0.0156328049596231,9.66964087103426,9.66797352601059,"Benchmark_AR1"
2022-04-01,4,2023-04-01,-0.00295094513243832,0.00368991024921194,0.0156328049596231,9.66851650193014,9.67914501266453,"Benchmark_AR1"
2022-04-01,8,2024-04-01,-0.00773596847638736,0.00368856888204167,0.0156328049596231,9.64585748113031,9.69389915772828,"Benchmark_AR1"
2022-07-01,1,2022-10-01,0.00272886521546845,0.00363708083030018,0.0155864593874761,9.67236973624973,9.67327795186456,"Benchmark_AR1"
2022-07-01,4,2023-07-01,-0.00870455176861107,0.00369756422062158,0.0155864593874761,9.65981195016153,9.68437625492996,"Benchmark_AR1"
2022-07-01,8,2024-07-01,-0.00184946965238098,0.00369749088484297,0.0155864593874761,9.64400801147793,9.69916621136196,"Benchmark_AR1"
2022-10-01,1,2023-01-01,-0.000902289187150629,0.00379549486456589,0.0155401589224241,9.67146744706258,9.67616523111429,"Benchmark_AR1"
2022-10-01,4,2023-10-01,-0.00578503065892377,0.0036925382955669,0.0155401589224241,9.6540269195026,9.68723329484898,"Benchmark_AR1"
2022-10-01,8,2024-10-01,0.00160016896282933,0.00369266317568129,0.0155401589224241,9.64560818044076,9.70200395965589,"Benchmark_AR1"
2023-01-01,1,2023-04-01,-0.00295094513243832,0.00415495510686499,0.0154983026844049,9.66851650193014,9.67562240216944,"Benchmark_AR1"
2023-01-01,4,2024-01-01,-0.000433469895900984,0.00366724954789904,0.0154983026844049,9.6535934496067,9.68657894438386,"Benchmark_AR1"
2023-04-01,1,2023-07-01,-0.00870455176861107,0.00432682209169191,0.0154621992831407,9.65981195016153,9.67284332402183,"Benchmark_AR1"
2023-04-01,4,2024-04-01,-0.00773596847638736,0.00362967351614844,0.0154621992831407,9.64585748113031,9.68366811664597,"Benchmark_AR1"
2023-07-01,1,2023-10-01,-0.00578503065892377,0.00483467736866668,0.0154488764325523,9.6540269195026,9.66464662753019,"Benchmark_AR1"
2023-07-01,4,2024-07-01,-0.00184946965238098,0.00356088403034308,0.0154488764325523,9.64400801147793,9.67521383230707,"Benchmark_AR1"
2023-10-01,1,2024-01-01,-0.000433469895900984,0.00444148716741997,0.0154249706651764,9.6535934496067,9.65846840667002,"Benchmark_AR1"
2023-10-01,4,2024-10-01,0.00160016896282933,0.00350598522641169,0.0154249706651764,9.64560818044076,9.66890372383156,"Benchmark_AR1"
