"n_obs","se_pct","adj_r2","dw","lm_het_pval","ar1_pval","ar4_pval","chow_pval","reset_pval","schwarz","loglik","specification","period"
113,0.553662979096973,0.138643206474788,1.85816296082158,0.109885361693837,0.489941228107808,0.0939656750453157,0.0964279312162099,0.395080372856231,-823.106457601652,430.462780075675,"spec1","precovid"
113,0.556202262385638,0.130724148581479,1.85898905084432,0.126643875404257,0.491111337084233,0.0996804139966908,0.104087941682715,0.412609014540586,-818.416026040277,430.481258204344,"spec2","precovid"
113,0.55299764708706,0.140712132629213,1.86310190953978,0.11398078311998,0.507174604175695,0.0987235817498442,NA,0.353385677312274,-823.378203155436,430.598652852567,"spec3","precovid"
113,0.504771910812717,0.284050364790761,2.02250223755953,0.0328564786766537,0.848140035587069,0.271034815495048,0.0889704311525022,0.587240389058597,-829.437181967445,443.082917895997,"spec4","precovid"
113,0.511650086622125,0.264405934386739,2.00331933198432,0.073040705639665,0.94445552349474,0.280131305017169,0.108870507421421,0.406557227703857,-811.989481400234,443.813843249816,"spec5","precovid"
113,0.512022444322053,0.26333487512362,2.03011106917028,0.0656360578180385,0.823302350879875,0.285358044028937,0.160266032636418,0.56161431718931,-808.256664498698,444.311128708404,"spec6","precovid"
