date,cons_real,cons_nom,cons_deflator,cons_deflator_norm,ydi_nom,ydi_ann_nom,ydi_ann_r,ydi_ann_8qma,pop_millions,prime_age_share,cons_real_pc,ydi_real_pc,ln_cons_real_pc,ln_ydi_real_pc,d_ln_cons_pc,d_ln_ydi_pc,unemp_rate,fin_deposits,fin_equities,fin_super,fin_loans,housing_wealth,closing_net_worth,fin_deposits_r,fin_equities_r,fin_super_r,fin_loans_r,housing_wealth_r,eq_y,super_y,ilfa_y,nla_y,nla_y_unrestricted,ha_y,debt_y,networth_y,ln_networth_y,hpi,ln_hpi,ln_hp_over_y,mortgage_rate,hicp_4q_ann,real_rate,mortgage_burden,housing_loan_flow,fhb_loans,non_fhb_loans,cci_ratio,fhb_share,ln_y_over_c,d2000_gst,d2008_gfc,d2020_covid,d2020_rebound,d_neg_gearing_8587,d_recession_1991,d_apra_2014,d_apra_2017,d_jobkeeper_2020,compensation_of_employees,prop_inc_rec,social_assistance_benefits,prop_inc_pay,gos_dwellings,gross_mixed_income,income_tax_payable,total_income_rec,total_income_pay,wage_share,labour_force,pop_total_thousands,m3_aggregate,credit_total_d02,m3_household_proxy,labour_transfer_nom,labour_transfer_real_pc,ln_labour_transfer_real_pc,scaled_income_real_pc,ln_scaled_income_real_pc,property_tax_share,npy_rec_nom,npy_pay_nom,npy_nom,npy_real_pc,ln_npy_real_pc,housing_wealth_proxy,networth_y_raw_proxy,networth_y_proxy,ln_networth_y_proxy,ha_y_proxy,fin_deposits_proxy,fin_loans_proxy,nla_y_proxy,eq_y_proxy,super_y_proxy,networth_y_disagg_proxy,ln_networth_y_disagg_proxy,lf_share,mortgage_interest_burden_rba,mortgage_payment_burden_rba,sdmma_1979_01,sdmma_1986_01,sdmma_1990_09,sdmma_1992_01,sdmma_1993_01,sdmma_1998_09,sdmma_2007_09,sdmma_2008_12,sdmma_2009_01,sdmma_2014_12,sdmma_2017_03,sdmma_2019_01,sdmma_2019_09,sdmma_2020_04,sdmma_2021_12,cci_kalman,cci_pca,cci_creditgap,macropru_intensity
1976-07-01,             85867,             12982,15.118730129153226,18.745266105594556,             16914,             67656,35348.128724680777,,10.210529859977806,0.37959880622595787,8409.6517200907183,8837.0321811701942,9.0371353395162135,9.0867063731510918,,,4.9759306038797009,,,,,,,,,,,,,,,,,,,,,33.248848676551532,3.5040201402332332,-5.2947516542207689,9.8800000000000008,,,,,,,,,0.049571033634878248,0,0,0,0,0,0,2.6308329907348028e-27,4.8206500140909104e-29,0,             12890,              1885,              1466,               760,              1024,              2763,              2369,             20844,              3930,60.700000000000003,6229.2354600012022,           10200.4,36.853000000000002,35.046687079278762,         22.369771,             14356,7500.5577623790532,8.9227326650764223,8168.7949717746233,9.0080766827008656,0.13956054500095952,             17935,2839.3810688927269,15095.618931107274,7886.9853546693275,8.9729692565012904,181523.47306314972,3.0136757133609691,5.0494811590754693,1.6192854972319386,2.6830358440219602,32165.615443423714,18384.773044624708,0.20368987818965067,0.59891463458174155,0.066139455175122291,3.5517798119684745,1.2674488333347318, 610.0795497810476,,,                 0,                 0,                 0,                 0,                 0,                 0,                 0,                 0,                 0,                 0,                 0,                 0,                 0,                 0,                 0,-0.9909210339143697,,,
1976-10-01,             86793,             13548,15.609553765856694,19.353823808677088,             17301,             69204,34881.470951784388,,10.251080018277957,0.3798969774958284,8466.7176380679593,8720.3677379460969,9.0438981845646431,9.0734166877966302,0.006762845048429611,-0.013289685354461511, 4.866681462223772,,,,,,,,,,,,,,,,,,,,,34.543953370623818,3.5422325239169727,-5.2751983518159289,9.8800000000000008,,,,,,,,,0.029518503231987125,0,0,0,0,0,0,3.9366227771783726e-27,7.2133353630232291e-29,0,             13170,              1943,              1575,               803,              1080,              2976,              2675,             21614,              4313,60.299999999999997,6242.9917749042124,           10244.6,40.541333333333334,36.465119818851278,24.446423999999997,             14745,7432.0456792101731,8.9135564267624847,8076.2067085781346,8.9966775745209873,0.13986305172573332,             18591,3135.8663366336632,15455.133663366338,7789.9802892124426, 8.960593608593614,189343.13495859187,3.0892659233366837, 5.176134248985151,1.6440584936831792, 2.736014319383155,35151.646091991024,19128.853760074817,0.23152985856187802,0.59891463458174155,0.078633972374529376, 3.645092784901304,1.2933818205279428,609.00819852862207,,,                 0,                 0,                 0,                 0,                 0,                 0,                 0,                 0,                 0,                 0,                 0,                 0,                 0,                 0,                 0,-0.99094502236728366,,,
1977-01-01,             86664,             13837,15.966260500323086,19.796093933357504,             17652,             70608,34638.872126080714,,10.296998789085452,0.38022435466304361,8416.4329602390135,8659.7180315201786,9.0379413785495686,9.0664374411557471,-0.0059568060150745339,-0.0069792466408831189,5.1258724805897575,,,,,,,,,,,,,,,,,,,,,35.337985180362544,3.5649584528260569,-5.2680878056074354,9.8800000000000008,,,,,,,,,0.02849606260617854,0,0,0,0,0,0,5.8905293283064216e-27,1.0793608104166236e-28,0,             13497,              2026,              1619,               839,              1130,              3025,              2862,             22222,              4570,              60.5,6309.5960909454052,           10293.5,42.268000000000001,37.461909301046838,25.572140000000001,             15116,7415.6071699784161,8.9113421352356887,8037.6626007492978,8.9918935986055448,0.14202142021420214,             19066,3324.5346953469534,15741.465304653047,7722.4479345826685,8.9518866827282704,194563.04165752782,3.1177087816894375,5.2237908952280572, 1.653223363460147,2.7555382061172646,36770.319253844544,19651.749072889404,0.24244519290951647,0.59891463458174155,0.091128489573936461,3.6880265231824589,1.3050914974207806,612.76069077850252,,,                 0,                 0,                 0,                 0,                 0,                 0,                 0,                 0,                 0,                 0,                 0,                 0,                 0,                 0,                 0,-0.99097072887994864,,,
1977-04-01,             87531,             14327,16.367915367127075,20.294093917253615,             18036,             72144, 34381.64119274127,,10.339605011750116,0.38057496797192042, 8465.603850488309,8595.4102981853175,9.0437666269891501, 9.058983653522878,0.0058252484395815429,-0.00745378763286908,5.7460539615893014,,,,,,,,,,,,,,,,,,,,,35.808221803642837,3.5781775263586222,-5.2722602059757664,9.8800000000000008,,,,,,,,,0.015217026533727918,0,0,0,0,0,0,8.7373520114314945e-27,1.601003037644752e-28,0,             13942,              2044,              1707,               885,              1183,              2982,              3020,             22838,              4803,61.100000000000001,6364.0275527918484,           10339.5,41.914000000000001, 39.46300011278084,25.609453999999999,             15649,7457.8385316202066,8.9170209101450766,8026.6244149027625,8.9905193468167184,0.14129958840528942,             19611,3491.2752430160258,16119.724756983975,7682.1716666718166, 8.946657555267965,197967.82172723411, 3.099041856942145,5.1925140447058045,1.6472179815705974,2.7440649496456269,36823.973257484366,20701.480259526023,0.22347656073905442,0.59891463458174155,0.10335138683422601,3.6698075318006489,1.3001392170402133,615.50006461171881,,,                 0,                 0,                 0,                 0,                 0,                 0,                 0,                 0,                 0,                 0,                 0,                 0,                 0,                 0,                 0,-0.99099815348326492,,,
1977-07-01,             87722,             14672,16.725564852602538,20.737532931013032,             18173,             72692, 33781.47755892422,,10.376499944513352,0.38095923297940382,8453.9103232380039, 8445.369389731055,9.0423843734572742,9.0413735689284156,-0.0013822535318759321,-0.01761008459446245,5.8811684892041756,,,,,,,,,,,,,,,,,,,,,35.754255080875645,3.5766692852985895,-5.2777737022703226,9.8800000000000008,10.628106393346325,-0.74810639334632434,,,,,,,-0.0010108045288585998,0,0,0,0,0,0,1.3016908407323924e-26,2.3851745784767515e-28,0,             14084,              2119,              1801,               911,              1243,              3032,              3315,             23329,              5156,60.700000000000003, 6389.461890418278,           10381.6,42.562666666666665,41.159044601981861,25.835538666666665,             15885,7382.0884144542888,8.9068118605507696,7913.7289020926719,8.9763543658737586,0.14411247803163443,             19967,3767.2671353251317,16199.732864674868,7528.3512935203489,8.9264313450967858,198374.80982935152,3.0843882201070021,5.1679615479713545,1.6424783260446012,2.7289771890902923,37149.061629897944,21591.190403512301,0.21402453126046392,0.59891463458174155,0.11571009406407431, 3.657626448996572,1.2968144258358039, 615.7627258309534,,,                 0,                 0,                 0,                 0,                 0,                 0,                 0,                 0,                 0,                 0,                 0,                 0,                 0,                 0,                 0,-0.99102729621019769,,,
1977-10-01,             87790,             15039,17.130652693928692,21.239789358433299,             18874,             75496,34108.851830840431,,10.420933779946472,0.38136568335124987,8424.3890090673758,8527.2129577101077,9.0388862314118281,  9.05101785294762,-0.0034981420454460732,0.0096442840192043633,5.9473356185727644,,,,,,,,,,,,,,,,,,,,,36.363261421304387,3.5935589633423244,-5.2944593438504182,9.8800000000000008,9.7446663171060663,0.13533368289393444,,,,,,,0.012131621535791837,0,0,0,0,0,0,1.947773131368683e-26,3.5690340687706676e-28,0,             14459,              2108,              1780,               942,              1314,              3020,              3003,             23785,              4911,61.299999999999997,6351.6567660085666,10430.299999999999,44.284666666666666,42.788135669213659,27.146500666666665,             16239,7336.7283681389445, 8.900648295831429,7931.9706629245266,8.9786567910605477,0.14387218835400462,             20363,3536.9518183729242,16826.048181627077,7601.9548628496877,8.9361607119953508,202617.69267754134,3.0433955884312813,5.0992774754317027,1.6290988582099477,2.6838202378608318, 39034.10102314617,22445.778155910448,0.21972452669327808,0.59891463458174155,0.1282046112634814,3.6306640103993328,1.2894155545234147,609.50936836690971,,,                 0,                 0,                 0,                 0,                 0,                 0,                 0,                 0,                 0,                 0,                 0,                 0,                 0,                 0,                 0,-0.99105815709577716,,,
1978-01-01,             88093,             15251,17.312385774125072,21.465114826866756,             19680,             78720,34930.596490556753,,10.498950000000001,0.38177468363872458,8390.6485886683895,8732.6491226391881,9.0348731014398123,9.0748240532759983,-0.0040131299720158609,0.023806200328378324,6.6447190000000003,,,,,,,,,,,,,,,,,,,,,36.979976187188647, 3.610376582021201,-5.3120006975417899,9.4633333333333347,8.4310616989792031,1.0322716343541316,,,,,,,0.039950951836186022,0,0,0,0,0,0,2.9145324316388451e-26,5.3404913413846177e-28,0,             14909,              2186,              1841,               953,              1385,              3142,              2988,             24610,              4930,60.899999999999999,6424.2980260000004,           10508.4,45.677333333333337,43.937774914734099,27.817496000000002,             16750,7432.5138620023581,8.9136194199229664,8082.5814923207727,8.9974665921124188,0.14510361641609101,             21039,3543.4303941487201, 17495.56960585128,7763.3470817383159,8.9571688451496687,207596.67617740494,2.9905255611967094,5.0106925605992281,1.6115741411916551,2.6371528985950832,39998.928864089736,23048.855318789658,0.21532105621570222,0.59891463458174155,0.14069912846288848,3.5920877178554154,1.2787335704801488,611.89909714781004,,,                 0,                 0,                 0,                 0,                 0,                 0,                 0,                 0,                 0,                 0,                 0,                 0,                 0,                 0,                 0,-0.99109073617709953,,,
1978-04-01,             90060,             15961,17.722629358205641,21.973763707163542,             19910,             79640,34415.963927493642,             73270,10.530933333333333,0.38216230577422017,8551.9485452381559,8603.9909818734104,9.0539144359933932,9.0599814422552036,0.019041334553580924,-0.014842611020794649,6.2674697999999998,,,,,,,,,,,,,,,,,,,,,36.679345587873478,3.6022138061133373,-5.3287409942026267,9.3800000000000008,8.2766434252179444,1.1033565747820564,,,,,,,0.0060670062618104481,0,0,0,0,0,0,4.3230912511700339e-26,7.9214872149859974e-28,0,             15027,              2234,              1934,               982,              1423,              3148,              2986,             24916,              5006,60.399999999999999,6433.9196129000002,10530.700000000001,45.973999999999997,45.854928997462778,27.768295999999996,             16961,7329.5977420168219,8.8996759150688014,7966.7943619451162,8.9830374778190745,0.14677315781024242,             21259,3585.7353507786161,17673.264649221383,7637.3987776073791, 8.940812350050928,206536.27653154256,2.9420463652880784,4.9294645820007092,1.5952303781000998,2.5933736380153509,39928.183916373615,24054.555019386517,0.19931728901289678,0.59891463458174155,0.15292202572317801,3.5445275873331674,1.2654048894207952,610.95435791382852,,,                 0,                 0,                 0,                 0,                 0,                 0,                 0,                 0,                 0,                 0,                 0,                 0,                 0,                 0,                 0,-0.99109803330870105,,,
1978-07-01,             89861,             16255,18.089048641791212,22.428076134090734,             20828,             83312,35140.036214925647,             75227,10.570933333333333,0.38253224438273709,8500.7630988118362,8785.0090537314118,9.0479112147795586,9.0808020312104691,-0.0060032212138345642,0.020820588955265507,6.2216332999999997,,,,,,,,,,,,,,,,,,,,,36.602250983745115,3.6001097408042502,-5.3721300383937685,9.3800000000000008,8.1520941218108369,1.2279058781891639,,,,,,,0.032890816430910519,0,0,0,0,0,0,6.4405420291363677e-26,1.1801432904654886e-27,0,             15293,              2363,              1952,              1015,              1477,              3791,              3072,             25997,              5168,58.700000000000003,6430.5331484999997,           10570.5,47.482999999999997,46.940554239539459,27.872521000000003,             17245,7273.7411720567588,8.8920260422986193,8029.3751128940858,8.9908619848460081,0.14770935107897065,             22157,3699.2368734854022,18457.763126514597,7785.2706058219965,8.9599888435640516,206885.01240282631,2.8178117606446409,4.7213067192714719,1.5520856085855987,2.4832558623346732,40078.049611001916,24624.051749332677,0.18549546117809246,0.59891463458174155,0.16528073295302634,3.4329466910475337,1.2334189859680189,608.32217418518701,,,                 0,                 0,                 0,                 0,                 0,                 0,                 0,                 0,                 0,                 0,                 0,                 0,                 0,                 0,                 0,-0.99110164864705252,,,
1978-10-01,             88945,             16615, 18.68008319748159,23.160882390262628,             21203,             84812,34502.270131367288,             77178,           10.6134,0.38289674872430079,8380.4435901784527, 8625.567532841822,9.0336561264639901,9.0624860406439716,-0.014255088315568543,-0.018315990566497575,6.1631881000000002,,,,,,,,,,,,,,,,,,,,, 37.35773550198045,3.6205399986215836,-5.3655349688854779,9.2966666666666669,9.0447838225220281,0.2518828441446388,,,,,,,0.028829914179981486,0,0,0,0,0,0,9.6372458983765376e-26,1.7658965711400238e-27,0,             15398,              2431,              2011,              1047,              1536,              3915,              3045,             26411,              5208,57.899999999999999,6432.2223274999997,           10612.9,49.727333333333334, 48.90833164131805,         28.792126,             17409,7082.1348478631935,8.8653306734201394,7853.8511903525077,8.9687592879699825,0.1502025671121881,             22444,3703.6331831433872,18740.366816856615,7623.7466193003183,8.9390232101674219,212003.47341907516,2.8391689786713572,4.7570912164415082,1.5596363924694785,2.4996872308054892,41400.354644426247,25656.307404544954,0.18563466537614126,0.59891463458174155,0.17777525015243342,3.4620117809158053,1.2418498596701817,606.04729186688519,,,                 0,                 0,                 0,                 0,                 0,                 0,                 0,                 0,                 0,                 0,                 0,                 0,                 0,                 0,                 0,-0.99110698223342519,,,
1979-01-01,             89903,             17080,18.998253673403557,23.555372548308394,             22034,             88136,35095.093649328068,             79369,10.661466666666668,0.3832704647196819,8432.5171020872676, 8773.773412332017,9.0398505950496411,9.0795222564932168,0.0061944685856509807,0.017036215849245195,6.3720205999999999,,,,,,,,,,,,,,,,,,,,,37.727749674973857,3.6303958893396775,-5.3896044704153647,9.1300000000000008,9.7379293719191971,-0.60792937191919627,,,,,,,0.039671661443575701,0,0,0,0,0,0,1.442060436615604e-25,2.6423831115746062e-27,0,             16146,              2549,              2044,              1070,              1609,              3992,              3230,             27498,              5464,58.299999999999997,6462.7496578999999,10660.700000000001,51.809333333333335, 50.33166341176635,30.204841333333334,             18190,7243.1214654769628,8.8878075341053755,8008.4474389044899,8.9882521934232358,0.15121099716343006,             23340,3905.5884791621211,19434.411520837879,7738.6367924955266,8.9539808260713656,215072.93235850905,2.7829465109812381,4.6628892125366566,1.5396352587055631,2.4402393160400861,43431.705709353475,26402.958051086876,0.19320989900002949,0.59891463458174155,0.19026976735184048,3.4226336169736977,  1.23041031817039, 606.1782923456434,,,0.050000000000000003,                 0,                 0,                 0,                 0,                 0,                 0,                 0,                 0,                 0,                 0,                 0,                 0,                 0,                 0,-0.99110863403730498,,,
1979-04-01,             90306,             17523, 19.40402631054415,24.058478033795044,             22423,             89692, 34816.94932117912,           81562.5,10.707666666666666,0.38366305956800378,8433.7701958098569,8704.2373302947799, 9.039999186580518,9.0715652355317555,0.00014859153087698473,-0.0079570209614612253,6.4984038000000002,,,,,,,,,,,,,,,,,,,,,38.036125416087422,3.6385363769713575,-5.3946404851221637,9.1300000000000008,9.4872883608549721,-0.35728836085497129,,,,,,,0.031566048951237491,0,0,0,0,0,0,2.138991074354224e-25,3.9194154053260603e-27,0,             16179,              2630,              2087,              1101,              1686,              4360,              3419,             28142,              5719,57.399999999999999,6486.0928131999999,           10706.5,52.268333333333331,53.042787098432584, 30.00202333333333,             18266,7090.5587599859273,8.8665194260098499,7897.3980451403531,8.9742886228291034,0.15336507710894748,             23826,4093.6448013645086,19732.355198635491, 7659.773568862297,8.9437377020969819,217770.48324947275, 2.762481677103934,4.6285999249968865,1.5322544303591481,2.4279811270734597,43140.072603542758,27825.157917297191,0.17075006339746651,0.59891463458174155,0.20249266461213003,3.4001384896647977,1.2238161630469322,605.74287705382437,,,0.14999999999999999,                 0,                 0,                 0,                 0,                 0,                 0,                 0,                 0,                 0,                 0,                 0,                 0,                 0,                 0,-0.99110120402375224,,,
1979-07-01,             90435,             17995,19.898269475313761,24.671275508538809,             22805,             91220,34390.313738435856,           83878.5,10.751333333333333,0.38410093979034465,  8411.51485087121, 8597.578434608964,9.0373568617014008, 9.059235865220197,-0.0026423248791171972,-0.012329370311558563,6.2717966000000001,,,,,,,,,,,,,,,,,,,,,38.799318359778276,3.6584026784279562,-5.387596993947521,9.1300000000000008, 10.00174674384311,-0.87174674384310968,,,,,,,0.021879003518796125,0,0,0,0,0,0,3.1866692405804339e-25,5.8391456902083771e-27,0,             16703,              2648,              2026,              1141,              1739,              4405,              3584,             28772,              5967,57.100000000000001,6505.4210338000003,10750.700000000001,53.457666666666668,55.181377376747299,30.524327666666668,             18729,7060.9097347858497,8.8623291798042505,7829.2440846974068,8.9656212434173757,0.15247462811066315,             24385,4279.5309328513831,20105.469067148617,7579.8442126469881,8.9332479260039719,223045.94075377236,2.7797661523836772,4.6575604504716841,1.5384918025766745, 2.445142959370449, 43891.09684650143,28947.018503244075,0.16382458170639505,0.59891463458174155,0.21485137184197836, 3.422733547500564,1.2304395147129488,605.08039627333051,,,0.29999999999999999,                 0,                 0,                 0,                 0,                 0,                 0,                 0,                 0,                 0,                 0,                 0,                 0,                 0,                 0,-0.99109549225768612,,,
1979-10-01,             90811,             18477,20.346654039708845,25.227214261689745,             23428,             93712,34400.956807766517,           86155.5,10.798300000000001,0.38458178592478864,8409.7496828204439,8600.2392019416293,9.0371469882934061,9.0595452960340506,-0.00020987340799472065,0.00030943081385359505,6.3836481000000003,,,,,,,,,,,,,,,,,,,,,40.410470489995717, 3.699088921932669,-5.3695038920639737,9.1300000000000008,8.9216457154320352,0.20835428456796556,,,,,,,0.022398307740644441,0,0,0,0,0,0,4.768343243368999e-25,8.7373520114314945e-27,0,             17261,              2770,              2125,              1178,              1797,              4422,              3774,             29662,              6234,57.100000000000001,6571.5663520999997,           10797.6,56.076999999999998,57.602478435566333,32.019967000000001,             19386,7116.4519877428911,8.8701645638769318,7858.3455948422597,8.9693313791516012,0.15396803991639135,             25095,4474.9246173555393, 20620.07538264446, 7569.471600341918,8.9318785421909972, 233322.8093421238, 2.831470637080884,4.7441924726765823,1.5569212326845063,2.4897858261708619, 46041.68478225002,30217.078448818953,0.16886424719812904,0.59891463458174155,0.22734588904138542,3.4849105969921181,1.2484423902226283,608.57416001592833,,,               0.5,                 0,                 0,                 0,                 0,                 0,                 0,                 0,                 0,                 0,                 0,                 0,                 0,                 0,                 0,-0.99109149873224056,,,
1980-01-01,             91947,             19287,20.976214558386896,26.007787719340129,             24273,             97092,34423.986132441489,             88452,10.844733333333334,0.38509286263909587,8478.4934007905522,8605.9965331103722, 9.045288048000538, 9.060214510552818,0.0081410597071318591,0.00066921451876744698,6.1470558000000004,,,,,,,,,,,,,,,,,,,,,41.258469033062418,3.7198564015999205,-5.3798783049236505,9.2966666666666669,10.411277367837046,-1.1146107011703794,,,,,,,0.014926462552280029,0,0,0,0,0,0,7.135066607176762e-25,1.3074056415424297e-26,0,             17744,              2809,              2215,              1222,              1837,              4704,              3831,             30657,              6384,                57,6610.0753812000003,           10844.1,58.826999999999998,59.475867842471217,33.531390000000002,             19959,7076.4670541074411,8.8645300584868654,7841.2317936089066,8.9671512175346919,0.15154777049287274,             26011,4581.4204912418045,21429.579508758194,7597.8612844883646,8.9356220767354753,239243.35674470197,2.8094461618331272,4.7072899710872385,1.5491123647465777,2.4640892838205204,48214.968138183605,31199.820098328928,0.17524768302079138,0.59891463458174155,0.23984040624079256,3.4780920076638457,1.2464838697696052,609.51940246263928,,,0.69999999999999996,                 0,                 0,                 0,                 0,                 0,                 0,                 0,                 0,                 0,                 0,                 0,                 0,                 0,                 0,-0.99108922344261541,,,
1980-04-01,             92256,             19766,21.425164758931668,26.564427788015209,             25319,            101276,35001.057347504699,           91156.5,10.892433333333335,0.38562012379965482,8469.7328114623906,8750.2643368761746,9.0442542418666463,9.0768391888240547,-0.0010338061338917015,0.016624678271236704,6.1147650999999996,,,,,,,,,,,,,,,,,,,,,42.761724398885725,3.7556434127264517,-5.3818929708293686,9.8800000000000008,  10.4160776533746,-0.53607765337459945,,,,,,,0.032584946957408434,0,0,0,0,0,0,1.0629823358868982e-24,1.947773131368683e-26,0,             18354,              3042,              2252,              1309,              1962,              4838,              3870,             31884,              6565,56.700000000000003,      6653.4361454,             10892,59.074333333333335,62.507714750472971,33.495147000000003,             20606,7121.4481980200817,8.8708663823216565,7935.8562674481282, 8.979146537340025,0.15694392171622129,             26880,4648.6270229582233,22231.372977041778,7683.1782503574941,8.9467885752177274,249050.84628621736,2.7898613026404813,4.6744751008415868,1.5421168785421679,2.4591299645149629, 48162.85413127151,32790.264786683372,0.15178906497677769,0.59891463458174155,0.25219911347064083,3.4620327775441231,1.2418559245151262,610.83101835830985,,,0.84999999999999998,                 0,                 0,                 0,                 0,                 0,                 0,                 0,                 0,                 0,                 0,                 0,                 0,                 0,                 0,-0.99109946645992553,,,
1980-07-01,             92979,             20380,21.918927929962681,27.176630132726082,             25877,            103508, 34809.89968723886,             93681,10.941466666666667,0.38616413113362169,8497.8552540183518,8702.4749218097149,9.0475690875829251,9.0713627379589159,0.0033148457162788247,-0.0054764508651388155,6.0741876000000001,,,,,,,,,,,,,,,,,,,,,  43.7947116702777,3.7795130719714529,-5.3753312588122784,             10.25,10.154945670807169,0.095054329192830522,,,,,,,0.023793650375990794,0,0,0,0,0,0,1.5836312519788395e-24,2.9017927189039663e-26,0,             19057,              2971,              2354,              1318,              2020,              4644,              3919,             32550,              6673,58.100000000000001,6714.4130555000002,10940.700000000001,61.099333333333334,64.743305840128471, 35.49871266666667,             21411,7200.5522491350548,8.8819130033315119,7951.5135854723849,8.9811175776365957,0.15333333333333332,             27559, 4754.086666666667,22804.913333333334,7669.3274482118222,8.9449842044947321, 256215.3318214769,2.8182753457524403,4.7220834665031282,1.5522501145984029,2.4753191233670528,51043.792105542547,33963.010008248195,0.16501895599658337,0.59891463458174155,0.26455782070048917,3.5038105346458672,1.2538511004495378,613.66663721195209,,,0.94999999999999996,                 0,                 0,                 0,                 0,                 0,                 0,                 0,                 0,                 0,                 0,                 0,                 0,                 0,                 0,-0.99114922798110738,,,
1980-10-01,             93859,             21039,22.415538200918398,27.792362512384461,             26857,            107428, 35146.94026943393,             96508,10.997766666666667,0.38673866485940428,8534.3690991807416,8786.7350673584824,9.0518567132439749, 9.080998484518771,0.0042876256610497876,0.0096357465598551073,6.0550588000000003,,,,,,,,,,,,,,,,,,,,,43.316766656744505,3.7685397807678873,-5.4183441320637948,              10.5,10.168178793288995,0.33182120671100535,,,,,,,0.029141771274796113,0,0,0,0,0,0,2.369652075653092e-24,4.3420708772156099e-26,0,             19876,              3321,              2452,              1402,              2086,              4845,              4393,             34149,              7292,57.399999999999999,6713.4442173999996,             10997,64.164999999999992,67.466187200896627,36.830709999999996,             22328,7304.9938780943594,8.8963134861412403,8045.8644727264209,8.9929135083119949,0.15833552959091043,             28742,5194.4320185071301, 23547.56798149287,7703.9967730569751,8.9494945346119561,254723.16014389246,2.7139467377582425, 4.547278547021012,1.5145289324829729,2.3711058582854792,52959.078319052089,35391.377709078864,0.16352999785878192,0.59891463458174155,0.27705233789989619,3.4106028286258989,1.2268890582594651,610.43704789154151,,,                 1,                 0,                 0,                 0,                 0,                 0,                 0,                 0,                 0,                 0,                 0,                 0,                 0,                 0,                 0,-0.99122468397144836,,,
1981-01-01,             94334,             21658,22.958848347361503,28.465996685753751,             27434,            109736,34862.346801836786,             99208,11.057733333333333,0.38734860620846839,8531.0431312022956,8715.5867004591964,9.0514669227161342,9.0728682764522883,-0.00038979052784071655,-0.0081302080664826804,5.9157840999999998,,,,,,,,,,,,,,,,,,,,,46.978544701531398,3.8496910017720727,-5.3530117260322019,              11.5,9.4518187895913606,2.0481812104086394,,,,,,,0.021401353736154149,0,0,0,0,0,0,3.5458071142700834e-24,6.4972178680926264e-26,0,             20579,              3397,              2453,              1517,              2179,              4765,              4514,             35020,              7586,57.600000000000001,6757.0648472000003,             11057,66.222999999999999,69.881409422664703,38.144448000000004,             23032,7317.1026057073777,8.8979697097059471,8016.3446530832871, 8.989237818044483,0.15922330097087378,             29444,5350.2660194174759,24093.733980582525,7654.4079407146919,8.9430369622809085,277762.47455462214,2.8787902106384613,4.8234774780522933,1.5734951364048189,2.5311882568584796,54848.109337805603,36658.353737343568,0.16575923671777754,0.59891463458174155,0.28954685509930328, 3.585408983257302,1.2768725493459498,611.07142336584957,,,                 1,                 0,                 0,                 0,                 0,                 0,                 0,                 0,                 0,                 0,                 0,                 0,                 0,                 0,                 0,-0.99131805846847743,,,
1981-04-01,             96208,             22527,23.414892732413104,29.031432623873332,             28593,            114372,35457.959154923032,            102293,           11.1106,0.38798988960857078, 8659.118319442694,8864.4897887307579,9.0663681856855103,9.0898086634093787,0.014901262969376106,0.016940386957090325,5.5549037999999999,,,,,,,,,,,,,,,,,,,,,48.782433306867098,3.8873702748332528,-5.3519416902985339,              11.5,9.2868736173987276,2.2131263826012724,,,,,,,0.023440477723868369,0,0,0,0,0,0,5.2594534710385881e-24,9.6372458983765376e-26,0,             21483,              3700,              2537,              1616,              2281,              4730,              4641,             36478,              7886,58.600000000000001,6780.6861823999998,11110.200000000001,67.001000000000005,73.901554159343959,39.262586000000006,             24020,7446.7542659151823,8.9155335474376169,8155.6220273229701,9.0064627877223646,0.16396184001315861,             30497,5509.0531004989307,24987.946899501068,7746.8401403131402,8.9550403153748697,289807.00130874786,2.8771866130586847,4.8207906143894501,1.5729379424930354, 2.533898168334451,56455.886052224312,38767.239191286782,0.15465889256931356,0.59891463458174155,0.30176975235959291,3.5892414478450991,1.2779408843091964,610.28982974816836,,,                 1,                 0,                 0,                 0,                 0,                 0,                 0,                 0,                 0,                 0,                 0,                 0,                 0,                 0,                 0,-0.99147795191675736,,,
1981-07-01,             98493,             23557,23.917435756855816, 29.65452084902287,             29366,            117464,35476.191882510306,          105573.5,11.165466666666667,0.38868821540863951,8821.2166083519423,8869.0479706275764,9.0849150769432097,9.0903227381596121,0.018546891257699372,0.00051407475023346194,         5.8241844,,,,,,,,,,,,,,,,,,,,,49.075389627277666,3.8933576795559217,-5.3677038213850361,11.833333333333334,9.1177261647054308,2.7156071686279031,,,,,,,0.0054076612164024596,0,0,0,0,0,0,7.835534612262311e-24,1.4357570462297622e-25,0,             22011,              3986,              2590,              1732,              2369,              4994,              4957,             37776,              8410,57.799999999999997,      6815.3741215,           11165.5,68.810333333333332, 77.10911297475765,39.772372666666662,             24601,7429.9342479537227,8.9132722881374828,8149.4911092906495,9.0057107637075795,0.16822850487081745,             31421,5844.0913013553582,25576.908698644642, 7724.675821992817,8.9521751360948265,292987.12542739289,2.8328636696695115,4.7465265299804482, 1.557413093701626,2.4942716528246347,57188.911074169533,40449.858741467659,0.14250368055490936,0.59891463458174155,0.31412845958944119, 3.549818427550727, 1.266896455010454,610.39760584719545,,,                 1,                 0,                 0,                 0,                 0,                 0,                 0,                 0,                 0,                 0,                 0,                 0,                 0,                 0,                 0,-0.99163956406538623,,,
1981-10-01,             98758,             24249,24.553960185503961,30.443728652574642,             30640,            122560,35864.694809931687,          109179.5,11.224933333333333,0.3894288405944602,8798.0923420480594,8966.1737024829217,9.0822901976535455,9.1012142979922448,-0.0026248792896641504,0.01089155983263268,5.8724436999999998,,,,,,,,,,,,,,,,,,,,,50.809889413743285,3.9280910091368932,-5.3701274813508233,              12.5,9.5399091711210637,2.9600908288789363,,,,,,,0.01892410033869929,0,0,0,0,0,0,1.1724630234846655e-23,2.1483818663471245e-25,0,             22735,              4354,              2682,              1843,              2482,              4940,              4880,             39166,              8526,              58.5,6830.9568674000002,           11224.9,71.507666666666665,80.250044970260504,41.831984999999996,             25417,7437.7688314624147,8.9143261946073675,8201.9712669726687,9.0121298027725771,0.17453914109176327,             32330,5831.2489914721955,26498.751008527805,7754.3212937762655,8.9560055532476284,304957.92305589881,2.8295521218660151,4.7409779574625102,1.5562434345656821,2.4882337063960414,60150.438855412031, 42097.52722879986,0.1472985609220967,0.59891463458174155,0.32662297678884822,3.5610698786887278,1.2700610274360817, 608.5521102486133,,,                 1,                 0,                 0,                 0,                 0,                 0,                 0,                 0,                 0,                 0,                 0,                 0,                 0,                 0,                 0,-0.9918244952563271,,,
1982-01-01,             99491,             24969,25.096742418912264,31.116708282193667,             31295,            125180,35644.268693081744,          112690.5,11.286299999999999,0.39018231327052011,8815.2007300886926,8911.0671732704359,9.0842328659951317,9.0950492858258549,0.0019426683415861845,-0.0061650121663898716,5.9812985999999997,,,,,,,,,,,,,,,,,,,,,51.072012102737027,3.9332366388013331,-5.3806817408781669,12.666666666666666, 9.311852403069043, 3.354814263597623,,,,,,,0.010816419830723234,0,0,0,0,0,0,1.7544042741990936e-23,3.2147114693041897e-25,0,             23951,              4514,              2792,              1895,              2531,              4913,              5622,             40687,              9392,59.899999999999999,      6880.6287511,           11286.1,73.667666666666662,83.464789030958684,44.126932333333322,             26743,7614.9119480674635, 8.937863702303444,8262.9895606689497,9.0195417333177108,0.17315112935335611,             33642,6523.5443507754317,27118.455649224568,7721.8207357595547,8.9518054618123628,308206.97248364217,2.8146181883445873,4.7159558173520084,1.5509516139611808,2.4621103409781289,63450.356113702706,43783.916011248722,0.15710528920317929,0.59891463458174155,0.33911749398825536,3.5572477587513052,1.2689871443925285,609.64432551854907,,,                 1,                 0,                 0,                 0,                 0,                 0,                 0,                 0,                 0,                 0,                 0,                 0,                 0,                 0,                 0,-0.99205434585957164,,,
1982-04-01,            101660,             26154,25.726932913633682,31.898062828498468,             32756,            131024,36207.826975448224,            116409,11.344466666666667,0.39091065892171012,8961.1969418277331,9051.9567438620561,9.1006590843045529,9.1107362281143107,0.016426218309421259,0.015686942288455796,6.3333747999999996,,,,,,,,,,,,,,,,,,,,,52.112707764381881,3.9534088300424677,-5.4009968547711606,              13.5,9.8742292251462249,3.6257707748537751,,,,,,,0.010077143809757771,0,0,0,0,0,0,2.6022869694198839e-23,4.768343243368999e-25,0,             24903,              4876,              2957,              2046,              2624,              4921,              5633,             42377,              9621,60.200000000000003,6892.2336330999997,           11344.5,74.894333333333336,87.565931078117799,45.086388666666672,             27860,7698.9716352423038,8.9488420450580275,  8375.46418955218,9.0330617807754958,0.17698279727210514,             34877,6578.0559029662318,28298.944097033767,7820.2716407168191,8.9644745696006076,316108.09978389007,2.7567047903480031, 4.618920621844639, 1.530161046162166,2.4125969271575443,64829.963596173497,45935.290992576622,0.14420772227681092,0.59891463458174155,0.35134039124854488,3.5070596752646415,1.2547779870567946,607.54144162205353,,,                 1,                 0,                 0,                 0,                 0,                 0,                 0,                 0,                 0,                 0,                 0,                 0,                 0,                 0,                 0,-0.99229671592985891,,,
1982-07-01,            101426,             26959,26.579969633032949, 32.95571781449155,             33053,            132212, 35196.95528107354,            119997,11.398166666666667,0.39162283598075837,8898.4485809121343,8799.2388202683851,9.0936322237738541,9.0824204990283821,-0.0070268605306988974,-0.028315729085928609,6.8789509999999998,,,,,,,,,,,,,,,,,,,,,51.495992998497634,3.9415039987882432,-5.4172054512959527,              13.5,11.132187845070018,2.3678121549299824,,,,,,,-0.01121172474547194,0,0,0,0,0,0,3.8768875382601688e-23,7.1038785174739687e-25,0,             26016,              4994,              2980,              2172,              2729,              4390,              6130,             43373,             10320,61.700000000000003,6894.1357125000004,           11398.1,76.519999999999996,90.100036449138543,          47.21284,             28996,7719.2003398330598,8.9514660547305613,8259.2195800507216,9.0190853802172803,0.17806008346206165,             35650,7056.4916883775622,28593.508311622438,7612.0505958096064,8.9374878752422955,313845.81454064738,2.7309068355417616,4.5756955707353679,1.5207587244901888,2.3738073286891308,67887.599539212664, 47264.63068200268,0.15598409264824664,0.59891463458174155,0.36369909847839321,3.4924051543975123,1.2505906548432193, 604.8460172688591,,,                 1,                 0,                 0,                 0,                 0,                 0,                 0,                 0,                 0,                 0,                 0,                 0,                 0,                 0,                 0,-0.99259480605392358,,,
1982-10-01,            102390,             27904,27.252661392714131, 33.78976842155604,             34024,            136096,35193.467393322084,          123580.5,11.444533333333332,0.39232568923068634,8946.6295407414327, 8798.366848330521,9.0990321527153171,9.0823213978262078,0.0053999289414630169,-9.9101202174267655e-05,8.2950054000000009,,,,,,,,,,,,,,,,,,,,,52.058741041614702,3.9523727164391023,-5.4312309037607136,              13.5,10.990899988521674, 2.509100011478326,,,,,,,-0.016710754889109225,0,0,0,0,0,0,5.801145052317123e-23,1.0629823358868982e-24,0,             26114,              5309,              3354,              2229,              2781,              4207,              5828,             44171,             10146,61.200000000000003,6982.0357524999999,           11444.1,79.269666666666666,92.181144765177251,         48.513036,             29468,7620.2173256114456,8.9385601686954423,8209.2920869709833,9.0130219730249248,0.18315184170609677,             36081,6849.5910665368683,29231.408933463132,7559.0365415640326,8.9304990194601501,318566.16746088874,2.6972078787097988,4.5192322137626562,1.5083421152037788,2.3407459988602803,69757.158442478947,48356.337409805616,0.15724797960758091,0.59891463458174155,0.37619361567780024,3.4731022287274027,1.2450482086087169,610.07605545296735,,,                 1,                 0,                 0,                 0,                 0,                 0,                 0,                 0,                 0,                 0,                 0,                 0,                 0,                 0,                 0,-0.9928946162208323,,,
1983-01-01,            102396,             28503,27.836048283136059,34.513092563865257,             34932,            139728,35210.094449854703,          127329.5,11.498266666666666,0.39302487192372654,8905.3422544847344,8802.5236124636758,9.0944066289531609,9.0827937334980522,-0.0046255237621561918,0.00047233567184434833,9.2973531000000005,,,,,,,,,,,,,,,,,,,,, 52.66014389562735,3.9638588866057773,-5.4413977686763131,12.833333333333334,10.914985771856678,1.9183475614766561,,,,,,,-0.011612895455108685,0,0,0,0,0,0,8.6804901060210437e-23,1.5905838530715206e-24,0,             26123,              5591,              3601,              2203,              2896,              4258,              5620,             44920,              9989,60.600000000000001,6941.9877342999998,           11498.1,82.261333333333326,95.082024247766029,49.850367999999996,             29724,7490.1583607257044,8.9213452192417879,8146.3409865946905,9.0053241467227387,0.18893588601959038,             36433,6724.1803205699016,29708.819679430097,7486.3330678635339,8.9208343795750213,323759.34978783218,2.6738357221733096,4.4800716419882134, 1.499639037814257,2.3170685173181624, 71680.11540221647,49878.079273638883,0.15603197733151256,0.59891463458174155,0.38868813287720738,3.4607032621086242,1.2414718233608342,603.74210614063566,,,                 1,                 0,                 0,                 0,                 0,                 0,                 0,                 0,                 0,                 0,                 0,                 0,                 0,                 0,                 0,-0.99319614679096424,,,
1983-04-01,            101717,             28861,28.373821485100819,35.179861643620747,             34523,            138092,33972.655880026221,          130294.5,11.554333333333334,0.39371838919770669,8803.3638173268318,8493.1639700065552,9.0828891793955844,9.0470168800821096,-0.011517449557576498,-0.035776853415942611,        10.1521025,,,,,,,,,,,,,,,,,,,,,54.317585829510143,3.9948480387707179,-5.3937668229313598,              12.5,10.288395357320091,2.2116046426799087,,,,,,,-0.035872299313474798,0,0,0,0,0,0,1.2875667611667781e-22,2.3592940894465516e-24,0,             25545,              5563,              3743,              2260,              2933,              4327,              5572,             44596,             10073,                59,      6937.1761348,           11554.4, 84.12566666666666, 98.90980037205567,49.634143333333334,             29288,7205.2772457072679,8.8825689873195692,7849.2206078569116,8.9681695202239862,0.19051035967351332,             36100,6751.4762758991837,29348.523724100814,7220.1669688733791,8.8846333575022118,335577.82342264958,2.7895313758652414,4.6739223011398598,1.5419986123455995,2.4301032892756247,71369.204777454943,51886.052100043518,0.14108820697369454,0.59891463458174155,0.4009110301374969,3.5710171609685575,1.2728504742486382,600.39605355566448,,,                 1,                 0,                 0,                 0,                 0,                 0,                 0,                 0,                 0,                 0,                 0,                 0,                 0,                 0,                 0,-0.99345619783137129,,,
1983-07-01,            102404,             29422,28.731299558610992,35.623088128756692,             37326,            149304,36111.650043210597,          134274.5,11.606266666666667,0.39444037407215476,8823.1644973405182,9027.9125108026492,9.0851358711988794,9.1080764470179236,0.0022466918032950645,0.061059566935814047,10.524445800000001,,,,,,,,,,,,,,,,,,,,,53.940285521808313,3.9878776110199383,-5.4743169817172816,12.333333333333334,8.0938012920241285,4.2395320413092055,,,,,,,0.022940575819044184,0,0,0,0,0,0,1.9182171642500585e-22,3.5148767072776932e-24,0,             26302,              5716,              3867,              2229,              2997,              5627,              5254,             47114,              9788,56.899999999999999,7014.9723498000003,11606.200000000001,87.040999999999997,100.18354839976296,49.526328999999997,             30169,7296.8732931041386,8.8952012193698469,8162.3929019533934,9.0072926527578296,0.18493441439911704,             38401,6587.3545867470393,31813.645413252962,7694.6580785657634,8.9482816110512804,334744.68248742732,2.5737489383233356,4.3123739938695724,1.4614885631177474,2.2420342555285009,  71214.1779608957, 52554.23418391536,0.12497953019999693,0.59891463458174155,0.41326973736734518,3.3791981576775845,1.2176384498947583,604.41247399106237,,,                 1,                 0,                 0,                 0,                 0,                 0,                 0,                 0,                 0,                 0,                 0,                 0,                 0,                 0,                 0,-0.99369636980234199,,,
1983-10-01,            102550,             30158, 29.40809361287177,36.462225049478555,             37473,            149892,35276.873437538226,            137691,           11.6532,0.3951950437533871,8800.1578965434383,8819.2183593845566,9.0825249430943558,9.0846885236887598,-0.0026109281045236798,-0.02338792332916384,        10.0081633,,,,,,,,,,,,,,,,,,,,, 55.20208851400735, 4.011000787965993,-5.4510887053817454,                12, 7.909070564146381, 4.090929435853619,,,,,,,0.0021635805944040243,0,0,0,0,0,0,2.8703066317608117e-22,5.2594534710385881e-24,0,             26994,              5867,              3940,              2252,              3104,              5421,              5866,             47968,             10494,57.299999999999997,7019.8232787999996,11653.200000000001,90.541666666666671,102.63926927677095,51.880375000000001,             30934,7280.2738165933324,8.8929237526528251,8049.7460879889441, 8.993395828050426,0.18702051367578384,             38997,7144.9376667778524,31852.062333222148,7496.3385080835296,8.9221699813943118,343960.53076595988,2.6408407771326012,4.4247878725404455,1.4872223389018717,2.2947224052381707,74599.073513564974,53842.454975872388,0.13847716047349148,0.59891463458174155,0.42576425456675232,3.4578784548601558, 1.240655237672901,602.39447351800357,,,                 1,                 0,                 0,                 0,                 0,                 0,                 0,                 0,                 0,                 0,                 0,                 0,                 0,                 0,                 0,-0.9939274630664191,,,
1984-01-01,            103848,             30968,29.820506894692244,36.973564073799068,             38402,            153608,35490.855797226846,          141244.5,11.705933333333332,0.39597621342412753,8871.3985500230665,8872.7139493067116,  9.09058773480516,9.0907359979866644,0.0080627917108042624,0.0060474742979046425,9.4948707000000017,,,,,,,,,,,,,,,,,,,,,56.903011257710475,4.0413482616600973,-5.4407150842449852,              11.5,7.1290960245906643,4.3709039754093357,,,,,,,0.00014826318150440443,0,0,0,0,0,0,4.2949569599702026e-22,7.8699348846987659e-24,0,             27887,              6001,              3986,              2271,              3206,              5729,              6414,             49574,             11172,56.299999999999997,7049.3061555000004,           11705.9,94.093999999999994, 105.5891390681177,52.974921999999999,             31873,7364.2000860958497,8.9043857128279331,8118.4570177012811,9.0018953926485885,0.18572235445999918,             40367,7709.7768184935649,32657.223181506437, 7545.393460449317,8.9286925183444925,356163.32498768187, 2.663521737068915,4.4627903289296356,1.4957742046935867, 2.318650883988346,76172.928600715983,55389.896150623805,0.13529915401601594,0.59891463458174155,0.43825877176615935,3.4911234443522625,1.2502235882402786,602.19941074042231,,,                 1,                 0,                 0,                 0,                 0,                 0,                 0,                 0,                 0,                 0,                 0,                 0,                 0,                 0,                 0,-0.99413867782753584,,,
1984-04-01,            103293,             31186,30.191784535254083,37.433900233776463,             39281,            157124,35699.526894814517,            144507,           11.7575,0.3967765492245493,8785.2859876674465,8924.8817237036292,9.0808335541798222,9.0965983543139366,-0.0097541806253378383,0.0058623563272721668,9.3700270999999997,,,,,,,,,,,,,,,,,,,,,58.244720488080112,4.0646534529404077,-5.4356457937352358,              11.5,6.4071843516315896,5.0928156483684104,,,,,,,0.01576480013411441,0,0,0,0,0,0,6.3986275576610688e-22,1.1724630234846655e-23,0,             28900,              6278,              4110,              2316,              3124,              5845,              6872,             51061,             11780,57.100000000000001,      7121.4054114,           11757.5,95.018666666666675,110.93071573302871,54.255658666666676,             33010,7500.0724446795339,8.9226679587683559,8212.4770841915815, 9.013409872431783,0.18413270402068116,             41659,8198.6400579698784,33460.359942030118,7602.3969582029385,8.9362188657869197,  366167.212582757,2.6757393603104789,4.4832612303253789,1.5003507347951086,2.3304346413199575,78014.506822696552,58191.977684399215,0.12615850626446207,0.59891463458174155,0.45061747899600768,3.5061252611621687,1.2545115135168916,605.69044536678712,,,                 1,                 0,                 0,                 0,                 0,                 0,                 0,                 0,                 0,                 0,                 0,                 0,                 0,                 0,                 0,-0.99431921426572889,,,
1984-07-01,            101842,             31188,30.623907621609945,37.969676861503402,             39381,            157524,35131.997003522636,            147671,11.808833333333334,0.39760600142740404,8624.2219807206457, 8782.999250880659,9.0623300326969947,9.0805732286251466,-0.018503521482827523,-0.016025125688789998,8.9212086999999993,,,,,,,,,,,,,,,,,,,,,61.768893318712387,4.1233998933859448,-5.3750853742151445,              11.5,6.5872692571322222,4.9127307428677778,,,,,,,0.018243195928151934,0,0,0,0,0,0,9.5326763465269786e-22,1.746735597662332e-23,0,             29575,              6124,              4141,              2174,              3258,              5848,              7439,             51704,             12322,57.299999999999997,      7148.2736851,11808.799999999999,98.561000000000007,114.54424090701679,56.475452999999995,             33716,7519.5551850560496,8.9252622642710033,8151.2772179683543,9.0059299078177215,0.1814559801949559,             42322,8798.1489633297224,33523.851036670276,7476.7009101269605,8.9195469188793872,390018.05723301892,  2.83444751423922,4.7491802970324875,1.5579720341090066,2.4759278410465639,81206.361173350859,60087.558857721808,0.13406720446172679,0.59891463458174155,0.46297618622585596, 3.671885866315888,1.3007053901172012, 605.3327609360224,,,                 1,                 0,                 0,                 0,                 0,                 0,                 0,                 0,                 0,                 0,                 0,                 0,                 0,                 0,                 0,-0.99450147281955814,,,
1984-10-01,            102222,             31732,31.042241396176948,38.488356529585786,             40437,            161748,35426.516131425182,          150877.5,11.862633333333333,0.39847595588876433,8617.1423433245564,8856.6290328562955,9.0615087939990673,9.0889215008696791,-0.00082123869792738446,0.0083482722445324953,8.6955726999999996,,,,,,,,,,,,,,,,,,,,,61.831237281698698,4.1244086943956306,-5.3959927493561093,              11.5,5.5567960467519661,5.9432039532480339,,,,,,,0.027412706870611814,0,0,0,0,0,0,1.4264132677888467e-21,2.6137117649361704e-23,0,             30034,              6376,              4252,              2221,              3317,              6006,              7228,             52679,             12242,57.200000000000003,7157.0663197000003,           11862.6,           103.051,120.91200123937811,58.945171999999999,             34286,7509.4191710688456,8.9239134010307257,8183.0241019625701,9.0098170558930271,0.18400121490537028,             42986,8691.0392186639838, 34294.96078133602,7511.3817873889902,8.9241747208280842,392190.38756288105,2.7891260452239353,4.6732431605716167,1.5418532975820554,2.4247000739599938,84757.583562141386,63427.955290862679,0.1318695023819689,0.59891463458174155,0.47547070342526304,3.6309549143489672, 1.289495675486193,603.32863021139212,,,                 1,                 0,                 0,                 0,                 0,                 0,                 0,                 0,                 0,                 0,                 0,                 0,                 0,                 0,                 0,-0.99468545370810291,,,
1985-01-01,            104330,             32801,31.439662609029043,38.981107331225893,             41479,            165916,35705.271397459765,            154151,           11.9207,0.39937931310073371,8752.0028186264226,8926.3178493649411,9.0770378467168324,9.0967592539395916,0.015529052717765168,0.0078377530699125231,8.5525090000000006,,,,,,,,,,,,,,,,,,,,,64.756787421209523,4.1706385201238714,-5.3703220102998399,              11.5,5.4296720040831747,6.0703279959168253,,,,,,,0.019721407222759169,0,0,0,0,0,0,2.1344003893149461e-21,3.9110035882410467e-23,0,             30316,              6437,              4324,              2299,              3390,              6290,              6903,             53544,             12065,              56.5,7175.0545542999998,11920.700000000001,           107.812,125.59841417516581,60.913779999999996,             34640,7454.5589407170273,8.9165810625669604,8190.4383950409847,9.0107227035025712,0.18353130135962947,             43717,8499.0834267144783,35217.916573285518,7578.9271034876429,8.9331269255427426,412757.48254093819,2.8548859817072385,4.7834254070629356,1.5651569022155949,2.4877497199844392, 87588.25571729432,65886.351373292709,0.13080055174908756,0.59891463458174155,0.48796522062467018,3.7054301269399383, 1.309799345650714,601.89876050064174,,,                 1,                 0,                 0,                 0,                 0,                 0,                 0,                 0,                 0,                 0,                 0,                 0,                 0,                 0,                 0,-0.99487115715251551,,,
1985-04-01,            105404,             33989,32.246404311031839,39.981362495074734,             42008,            168032,35094.343691982896,          157893.5,           11.9756,0.40029713119426574,8801.5631784628749,8773.5859229957241,9.0826846186074981,9.0795008869717169,0.0056467718906656472,-0.01725836696787475,8.4015444000000006,,,,,,,,,,,,,,,,,,,,,67.220231618440025,4.2079742679685008,-5.3410642020431558,12.043333333333333, 6.805228002931174, 5.238105330402159,,,,,,,-0.0031837316357812284,0,0,0,0,0,0,3.1659306821824891e-21,5.801145052317123e-23,0,             31153,              6861,              4409,              2472,              3595,              6303,              7693,             55111,             13103,56.399999999999999,7217.5854468999996,           11975.6,110.28699999999999,132.60729434813982,62.201867999999997,             35562,7427.3058130254703,8.9129184626699143,8100.4458680105972,8.9996743845789933,0.18972618896409066,             44655,9171.4364282992501,35483.563571700754,7410.9239633021716,8.9107104019206069,430432.63064417616,2.9317897700686548, 4.912279426979838,1.5917380758269899,2.5616110660122842,89440.404461476312,69563.066121982411,0.11829495774313167,0.59891463458174155,0.50018811788495976,3.7790087762221169,1.3294617467309207, 602.6909254567621,,,                 1,                 0,                 0,                 0,                 0,                 0,                 0,                 0,                 0,                 0,                 0,                 0,                 0,                 0,                 0,-0.99505858337601638,,,
1985-07-01,            107698,             35322,32.797266430202974,40.664360135957487,             42869,            171476,35048.903748853932,            160665,12.031366666666667,0.40126119998073312,8951.4352761254613,8762.2259372134831,9.0995691644591794,9.0782052540735148,0.01688454585168131,-0.0012956328982021148,8.3101324000000005,,,,,,,,,,,,,,,,,,,,,66.913899037960149,4.2034067039703418,-5.3612747617233358,12.626666666666667,7.0969349680880756,5.5297316985785914,,,,,,,-0.021363910385664653,0,0,0,0,1,0,4.7166040306020027e-21,8.6425468156502856e-23,0,             31829,              7117,              4424,              2807,              3709,              6479,              7705,             56389,             13520,55.700000000000003,7291.3120677999996,12031.299999999999,115.54133333333334,140.21320308384435,64.356522666666677,             36253,7409.9460426368805,8.9105784365681924,8086.0859899251818,8.9979000845647974,0.19198779903881963,             45563,9233.7340084058942,36329.265991594104,7425.5344596672094,8.9126799421803469, 430466.3425813053,2.8856683457041914,4.8350019474137449,1.5758815316794774,2.5103591323643268,92538.594130980695,73552.969806394627,0.11071884301351832,0.59891463458174155,0.51254682511480798,3.7325394350743948,1.3170888157000828,606.02525629950594,,,                 1,                 0,                 0,                 0,                 0,                 0,                 0,                 0,                 0,                 0,                 0,                 0,                 0,                 0,                 0,-0.99528294084464863,,,
1985-10-01,            109118,             36355,33.317142909510807,41.308939598876364,             44458,            177832,35589.288094226402,          164157.5,12.096133333333333,0.4022744492956527,9020.8992405286535,8897.3220235566005,9.1072993021594577,9.0935056142122814,0.0077301377002783056,0.015300360138766678,7.8487672999999996,,,,,,,,,,,,,,,,,,,,, 68.39149555894744,4.2252484829648838,-5.3704602381017477,              13.5,7.3284061041224646,6.1715938958775354,,,,,,,-0.013793687947176281,0,0,0,0,1,0,7.057647111462234e-21,1.2932195531658006e-22,0,             32857,              7461,              4479,              3106,              3809,              6890,              7796,             58441,             13982,57.100000000000001,7331.6448264999999,           12096.1,119.15000000000001,148.92563959336226,68.034649999999999,             37336,7472.0053774688304,8.9189186995910781,8184.6637005127159,9.0100174016688523,0.19284406495439846,             47171,9372.5876696155101, 37798.41233038449,7564.5473589141047,8.9312277908453233,442340.36024250451,2.8699840874674103,4.8087226214366394,1.5704314815795484,2.4874058675744775,97827.393437685503,78123.335260078049,0.11080153278154356,0.59891463458174155,0.52504134231421506,3.7221633772519778,1.3143050522733526,606.11474960317901,,,                 1,                 0,                 0,                 0,                 0,                 0,                 0,                 0,                 0,                 0,                 0,                 0,                 0,                 0,                 0,-0.99554682184581988,,,
1986-01-01,            107676,             36584, 33.97600208031502,42.125839588315358,             45453,            181812,35480.459236256735,            167683,12.164233333333334,0.40332823577604171,8851.8525622932812,8870.1148090641836,9.0883820451683892,9.0904430187445691,-0.018917256991068498,-0.0030625954677123701,7.8064555999999996,,,,,,,,,,,,,,,,,,,,,68.780902719887976,4.2309261296619285,-5.3813023835682383,              13.5,8.0673240766825813,5.4326759233174187,,,,,,,0.0020609735761798476,0,0,0,0,1,0,1.0560645419194468e-20,1.9350971980410575e-22,0,             34038,              7692,              4559,              3262,              4014,              6835,              8289,             60137,             14684,56.899999999999999,7450.9402625000002,12164.200000000001,120.78133333333334,154.29954986205354,68.724578666666673,             38597,  7532.17216213342,8.9269387469419215,8201.1434855988009,9.0120288729934401,0.19465553652493472,             48431,9808.5002577448158,38622.499742255182,7537.1484154369418,8.9275991952293925,447363.46626933198,2.8385807588937948,4.7561056410290545,1.5594291907410278, 2.460582724293952,98819.445621652616,80942.378339059447,0.098327213179510528,0.59891463458174155,0.53753585951362215, 3.695360431568826,1.3070780953989971,612.52855468353948,,,                 1,0.050000000000000003,                 0,                 0,                 0,                 0,                 0,                 0,                 0,                 0,                 0,                 0,                 0,                 0,                 0,-0.99586901882522283,,,
1986-04-01,            109816,             37873,34.487688497122463,42.760264435093873,             46098,            184392,35263.078017267682,          171091.5,12.228733333333334,0.40440001623138461,8980.1614776128354,8815.7695043169206, 9.102773143051369,9.0842973858962903,0.014391097882979764,-0.006145632848278737,7.9003943000000003,,,,,,,,,,,,,,,,,,,,,69.332283552221099, 4.238910649844847,-5.382120181490607,              15.5,6.9504933463972574,8.5495066536027426,,,,,,,-0.018475757155078654,0,0,0,0,1,0,1.5664479599822757e-20,2.8703066317608117e-22,0,             34406,              7944,              4689,              3358,              4293,              6937,              8754,             61388,             15289,56.600000000000001,7569.4162213999998,12228.700000000001,123.95066666666666,162.57923864420937,70.156077333333329,             39095,7476.5176096852356, 8.919522402359215,8146.1435570010781, 9.005299911058362,0.19933863295758128,             49151,10185.989607089334, 38965.01039291067,7451.6584311079387,8.9161918948024841,453340.87683377467, 2.839043744669552,4.7568813840664497,1.5595922821101358,2.4585712874407495,100877.80534378716,85285.733212965904,0.084559374218085667,0.59891463458174155,0.54975875677391173,3.6918040530144882,1.3061152418341371,618.98612187143931,,,                 1,0.14999999999999999,                 0,                 0,                 0,                 0,                 0,                 0,                 0,                 0,                 0,                 0,                 0,                 0,                 0,-0.99619293978317514,,,
1986-07-01,            110572,             39216, 35.46648337734689, 43.97384324335772,             46845,            187380,34666.577697690198,          174823.5,12.291866666666667,0.4055240177992519,8995.5417674559867,8666.6444244225495,9.1044843744159127,9.0672369619194342,0.0017112313645437638,-0.017060423976856143,8.1055826999999994,,,,,,,,,,,,,,,,,,,,,69.558490023843362,4.2421679817151539,-5.3897881407440851,              15.5,8.1385348160779802,7.3614651839220198,,,,,,,-0.03724741249647856,0,0,0,0,1,0,2.3336944183147339e-20,4.276183273568669e-22,0,             35290,              8290,              4875,              3592,              4337,              6836,              9269,             62929,             16084,57.299999999999997,7603.9167321000004,12291.799999999999,126.90599999999999,  172.381546222563,72.717137999999991,             40165,7430.7988751613138,8.9133886521420571,8048.7216497919317,8.9932685565342698,0.20065470609734781,             50302,10632.131529183684, 39669.86847081632,7339.1961660833858,8.9009846014538709,457168.06711871678,2.8278642604264959,4.7381499078152975,1.5556467447074349, 2.439791157640713,104560.36841210281,90427.822670208421,0.075421847272357692,0.59891463458174155,0.56211746400376006,3.6762451034985721,1.3018918789568767,618.61366855861331,,,                 1,0.29999999999999999,                 0,                 0,                 0,                 0,                 0,                 0,                 0,                 0,                 0,                 0,                 0,                 0,                 0,-0.99664818599523664,,,
1986-10-01,            110386,             39991,36.228326055840412,44.918429436573923,             48235,            192940,34761.423407674753,          178722.5,12.356633333333333,0.40669055715523994,8933.3394479078725,8690.3558519186881,9.0975455622979027,9.0699691670089067,-0.0069388121180100626,0.0027322050894724725,8.3099044000000006,,,,,,,,,,,,,,,,,,,,,70.350212674521259,4.2534858066478147,-5.4024557011849739,              15.5,8.7377934963882353,6.7622065036117647,,,,,,,-0.027576395288996025,0,0,0,0,1,0,3.4920022040418016e-20,6.3986275576610688e-22,0,             35741,              8953,              4932,              3714,              4473,              7201,              9516,             64722,             16487,55.899999999999999,       7654.909729,           12356.6,129.72399999999999,179.02985772307835,72.515715999999998,             40673,7327.9329027695394,8.8994487500305972,8009.1443773441133,8.9883392150489652,0.20744105559160719,             51296,10798.990914990267,40497.009085009733,7296.2251453740764,8.8951123900190101,464807.87297687063,2.7849258265619916, 4.666205600125596,1.5403462360930236, 2.409079884818444,104270.74262228828,93915.390490540551,0.053671359654544046,0.59891463458174155,0.57461198120316714,3.6362778602578967,1.2909605926082759,619.49800746697463,,,                 1,               0.5,                 0,                 0,                 0,                 0,                 0,                 0,                 0,                 0,                 0,                 0,                 0,                 0,                 0,-0.99710515712243253,,,
1987-01-01,            110748,             40810,36.849423917361939,45.688510296036213,             48417,            193668,34117.453636721264,          182191.5,12.424366666666668,0.40787375712853541,8913.7742768913758, 8529.363409180316,9.0953530308717028,9.0512700080619108,-0.0021925314261999063,-0.018699158946995809,8.1870507999999997,,,,,,,,,,,,,,,,,,,,,71.141935325199142,4.2646769706090764,-5.3895640630328732,              15.5,8.4572099750126917,7.0427900249873083,,,,,,,-0.044083022809791927,0,0,0,0,1,0,5.2252254182613191e-20,9.5745275640375084e-22,0,             36301,              8777,              5036,              3784,              4576,              7239,              9853,             65378,             16961,55.600000000000001,7651.2979042999996,12424.299999999999,132.98966666666666,184.12550303802428, 73.94225466666667,             41337,7282.1177529645938,8.8931769990199907,7905.7405810724549,8.9753444304005487,0.20424301752883234,             52025,11164.593548288414,40860.406451711584,7198.1588217664057,8.8815805531033067,472615.36462283344,2.8221369523591928,4.7285536748663271,1.5536193787606642, 2.440337921715686,106321.97033343359,96588.461483506835,0.050258735825881189,0.59891463458174155,0.58710649840257423,3.6766177905258828,1.3019932509076395,615.83001448497703,,,                 1,0.69999999999999996,                 0,                 0,                 0,                 0,                 0,                 0,                 0,                 0,                 0,                 0,                 0,                 0,                 0,-0.99756385371405387,,,
1987-04-01,            111365,             41739,37.479459435190591,46.469672691077626,             50060,            200240,34500.435717327942,          186217.5,12.489833333333333,0.40903415754450628,8916.4520476654343,8625.1089293319856,9.0956533939456712,9.0624328713075748,0.00030036307396841266,0.011162863245663956,8.2999237000000008,,,,,,,,,,,,,,,,,,,,, 71.93365797587704,4.2757442772487577,-5.406612668816984,              15.5,8.6748955016737295,6.8251044983262705,,,,,,,-0.033220522638096384,0,0,0,0,1,0,7.7505146437416359e-20,1.4201782727427869e-21,0,             37279,              9363,              5081,              3926,              4670,              7671,             10156,             67524,             17464,                55,7725.8131050000002,12489.799999999999,135.06100000000001,193.44215335555722,74.283550000000005,             42360,7298.4341639333397, 8.895415106037154,7961.7715466326626,8.9824068101861219,0.20782240388602571,             53491,11427.355666133522,42063.644333866476,7247.3734387590202,8.8883943978988054,480393.02145086997,2.7700587867102979,4.6412955418570414,1.5349935388729783, 2.399086203809778, 106812.7207503527,101475.78510518077,0.026652694991869435,0.59891463458174155,0.5993293956628637,3.6239829290462526,1.2875736776415623,618.56815049573652,,,                 1,0.84999999999999998,                 0,                 0,                 0,                 0,                 0,                 0,                 0,                 0,                 0,                 0,                 0,                 0,                 0,-0.99802427632147128,,,
1987-07-01,            113022,             43080,38.116472899081593,47.259486834955872,             51557,            206228, 34767.67787685684,          190561.5,12.551133333333333,0.41019898056636295,9004.9238581376449,  8691.91946921421, 9.105526802064885,9.0701490764017638,0.0098734081192137779,0.0077162050941890215,8.0725221000000005,,,,,,,,,,,,,,,,,,,,,73.177793569799434,4.2928920084095363,-5.4140346564860424,15.103333333333333,7.4718135811212116,7.6315197522121219,,,,,,,-0.03537772566312114,0,0,0,0,1,0,1.1546717940997622e-19,2.1157818151515243e-21,0,             38532,              9410,              5243,              3828,              4894,              7640,             10129,             69080,             17523,54.899999999999999,7800.9591621999998,           12551.1,140.61266666666666,202.16275491653479,77.196353999999985,             43775,7379.9634339634204,8.9065239628347399,8035.9414515888147,8.9916794401428302,0.20706427330631152,             54776,11597.645975680371,43178.354024319633,7279.3757587254413,8.8928003900863875,491100.24976507627,2.7556714110842186,4.6171891717421865,1.5297861155557892,2.3813461303269987,111001.05747163901,106050.43377735057,0.024005584567994852,0.59891463458174155,0.61168810289271203,3.6159544523694471,1.2853558463138302,621.53424356366224,,,                 1,0.94999999999999996,                 0,                 0,                 0,                 0,                 0,                 0,                 0,                 0,                 0,                 0,                 0,                 0,                 0,-0.99848642549812405,,,
1987-10-01,            114157,             44164,38.687071314067467,47.966954924998412,             51534,            206136,34059.778863532905,          194099.5,           12.6174,0.41136368301123244,9047.5850809200001,8514.9447158832263,9.1102531591980487, 9.049578100519426,0.0047263571331637166,-0.020570975882337805,8.0856904000000007,,,,,,,,,,,,,,,,,,,,,76.683993879944367,4.3396930018490307,-5.3615216085645629,14.210000000000001,6.7868033826273821,7.4231966173726187,,,,,,,-0.060675058678622662,0,0,0,0,0,0,1.7277825315505596e-19,3.1659306821824891e-21,0,             39244,              9348,              5273,              3820,              5064,              7718,             11031,             70022,             18488,54.600000000000001,7797.6426177000003,12617.299999999999,146.14033333333333,212.90469661686637,79.792621999999994,             44517,7355.5282709856328,8.9032074551993823,7935.2364934344296,8.9790684363518505,0.20582102767701579,             55610,12397.588243694838,43212.411756305162,7139.9716137874193,8.8734640796657018,517347.66870805243,2.8968268070984808,4.8536981994109114,1.5797409297247227,2.5097395346181766, 114734.2453561313,111685.43601800315,0.014790280873443506,0.59891463458174155,0.62418262009211922, 3.747627070165481,1.3211228584025365,618.00708685624613,,,                 1,                 1,                 0,                 0,                 0,                 0,                 0,                 0,                 0,                 0,                 0,                 0,                 0,                 0,                 0,-0.99892459762376973,,,
1988-01-01,            115138,             45386, 39.41878441522347, 48.87418434684453,             53690,            214760,34632.067622678769,            198218,12.688066666666666,0.41251291473151991,9074.5109578028696,8658.0169056696923,9.1132247687336481,9.0662409806068212,0.0029716095355993843,0.016662880087395138,7.6307263000000001,,,,,,,,,,,,,,,,,,,,,80.077090954278205, 4.382989807602355,-5.3536246777469296,13.666666666666666,6.9725933941967355,6.6940732724699306,,,,,,,-0.046983788126826909,0,0,0,0,0,0,2.5853515185747764e-19,4.7373112920278761e-21,0,             40012,              9292,              5514,              3740,              5216,              8653,             11092,             72085,             18395,53.899999999999999,7899.3103573999997,             12688,148.75133333333332,225.95865428851587,80.176968666666667,             45526,7341.4952066961887,8.9012978074975404,7999.7560561829405,8.9871663272199207,0.2012623985572588,             57577,12422.597475202885,45154.402524797115,7281.5716227436706,8.8931020001365226,543264.89281949413, 2.902970113085122,4.8639914461913962,1.5818593860668007,2.5296372360751262,115286.89951950929,118533.27440525287,-0.01511629207368032,0.59891463458174155,0.63667713729152631,3.7501127158747138,1.3217858970971903,622.57793601862113,,,                 1,                 1,                 0,                 0,                 0,                 0,                 0,                 0,                 0,                 0,                 0,                 0,                 0,                 0,                 0,-0.99930660900503254,,,
1988-04-01,            115008,             46131,40.111122704507515,49.732594104598995,             55299,            221196,34874.675464671345,          202818.5,12.753399999999999,0.41363199639200288, 9017.830539307166,8718.6688661678363,9.1069590674213643, 9.073221852287972,-0.0062657013122837668,0.006980871681150802,7.9125909999999999,,,,,,,,,,,,,,,,,,,,,84.375013915101036,4.4352713141123958,-5.3257352484499121,13.583333333333334,7.0216147964129449, 6.561718536920389,,,,,,,-0.03373721513339234,0,0,0,0,0,0,3.8516571009149545e-19,7.057647111462234e-21,0,             41202,              9156,              5539,              3759,              5350,              8502,             10671,             73100,             17801,54.100000000000001,7992.2655991000001,12753.299999999999,152.36333333333334,238.56157451753364,82.428563333333344,             46741,  7369.37921976077,8.9050887509384609,8044.0240429643036,8.9926847398194916,0.19844049247606019,             58594,11924.441504787961,46669.558495212041,7358.1154568799411,8.9035591268816425,575370.69676916546,2.9738298165540913, 4.982718466493524,1.6059756189059446,2.6011803864860372,118524.47974250147,125144.50780331617,-0.029928335326202555,0.59891463458174155,0.64903584452137453,3.8192025302629506,1.3400416391134551,626.67724678125057,,,                 1,                 1,                 0,                 0,                 0,                 0,                 0,                 0,                 0,                 0,                 0,                 0,                 0,                 0,                 0,-0.99965514025618574,,,
1988-07-01,            116662,             47527,40.739058133753922,50.511152661951442,             56018,            224072,34617.734750831194,            207405,12.814500000000001,0.41473090322676753,9103.9057317882089,8654.4336877077985,9.1164588017198191, 9.065827033662254,0.0094997342984548538,-0.0073948186257180026,6.7545510999999996,            120700,            134200,            148200,            131900,            634700,           1204100,238957.12855295767,   265683.89935217,293400.55055135314,261130.44951230419,1256554.1797229678,0.59891463458174155,0.66139455175122286,1.2603091863329645,-0.04998393373558499,0.53866614302545612,2.8325716733906958,0.58865007676104109, 5.373719161698026,1.6815202501188014,92.631550129313354,4.5286297977617052,-5.2405155677221584,              14.5,6.8804509840560746,7.6195490159439254,0.085354261130350953,,,,,,-0.050631768057565196,0,0,0,0,0,0,5.738199357589413e-19,1.0514483781919499e-20,0,             41760,              9745,              5540,              3929,              5567,              9379,             12448,             75341,             19323,53.100000000000001,7912.5095399000002,           12814.4,158.08199999999999,251.43949367971283,83.941541999999984,             47300,7307.5567394155241,8.8966642615006588,7980.9952135616613,8.9848183961466805,0.20323595386310242,             60029,12864.118846312102,  47164.8811536879,7286.6817153988222,8.8938035383025777,            634700,3.2071902870505911, 5.373719161698026,1.6815202501188014,2.8325716733906958,            120700,            131900,-0.04998393373558499,0.59891463458174155,0.66139455175122286,4.0428969259880754,  1.39696149589587,617.46533535448123,,,                 1,                 1,                 0,                 0,                 0,                 0,                 0,                 0,                 0,                 0,                 0,                 0,                 0,                 0,                 0,                -1,-0.28772295429749911,0.13825990489462558,
1988-10-01,            118496,             48968,41.324601674318117,51.237150770954173,             58839,            235356,35665.569880196177,            212707,12.879266666666666,0.41581791969289722,9200.5238393490308,8916.3924700490443,9.1270157004758428,9.0956467121606828,0.010556898756023614,0.029819678498428814,6.8176921999999998,129699.99999999999,            132400,            152400,            139700,            683000,           1264200,253136.63630477595,258406.25016771271,297440.42693020712, 272653.7246860232,1333017.1364391828,0.56255204881116272,0.64752969968898177,1.2100817485001445,-0.042488825438909632,0.55108006594265702,2.9019867774775232,0.59356889138156665,5.3714373119869476,1.6810955285708242,101.90601546582579,4.6240509715169731,-5.1891847856950406,14.743333333333334,6.8176015156039549,7.9257318177293792,0.087511840219355652,,,,,,-0.031368988315159996,0,0,0,0,0,0,8.5863018939744207e-19,1.5733251214329558e-20,0,             43813,             10041,              5562,              4260,              5849,              9387,             11956,             77824,             18985,53.899999999999999,8012.6922475000001,12879.200000000001,168.17233333333334, 265.8227217289953,90.644887666666676,             49375,7482.2291032932499,8.9202860350344864,8199.3107866711471,9.0118053793139534,0.20417865953947367,             61934,12283.839946546053,49650.160053453947,7523.9265323568825,8.9258434259337065,            683000,3.2871262583773802,5.3714373119869476,1.6810955285708242,2.9019867774775232,129699.99999999999,            139700,-0.042488825438909632,0.56255204881116272,0.64752969968898177,4.0695797005387577,1.4035397264411347,622.13885734953851,,,                 1,                 1,                 0,                 0,                 0,                 0,                 0,                 0,                 0,                 0,                 0,                 0,                 0,                 0,                 0,-0.98917248322252715,-0.35502430398962781,0.10858563747034181,
1989-01-01,            121094,             50737,41.898855434621041,51.949151015489235,             61083,            244332,36342.801116581468,            219040,12.941466666666667,0.41687714856420532,9357.0538115205891,9085.7002791453669,9.1438857561967062, 9.114457058668215,0.016870055720863419,0.018810346507532216,6.8057021000000004,            131000,            132900,            155500,            148700,            713800,           1299000,252169.66483425465,255827.08745398812,299331.16703608091, 286241.4439759822,1374035.9294556563,0.54393202691419873,0.63642912103203841, 1.180361147946237,-0.072442414419723988,0.53615572254145993, 2.921434769084688,0.60859813696118392,5.3165365158882176,1.6708220604928683,110.16255168003811,4.7019570175511705,-5.143889591321547,15.493333333333334,6.2915969028201957,9.2017364305131384,0.094292138019852784,,,,,,-0.029428697528491199,0,0,0,0,0,0,1.2848033959810003e-18,2.354230591889439e-20,0,             45353,             10466,              5617,              4833,              6159,             10060,             12121,             80752,             19670,53.700000000000003,8106.6488413999996,           12941.4,178.92633333333333,275.73640060925874,96.083441000000008,             50970,7581.4570867187158,8.9334606879623237,8333.5786829320423,9.0280482567006679,0.20587725381414701,             64127,12341.561806518725,51785.438193481277,7702.7482319168666, 8.949332457399354,            713800,3.3146842861352583,5.3165365158882176,1.6708220604928683, 2.921434769084688,            131000,            148700,-0.072442414419723988,0.54393202691419873,0.63642912103203841,4.0293535026112011,1.3936059419014488,626.40881827407497,,,                 1,                 1,                 0,                 0,                 0,                 0,                 0,                 0,                 0,                 0,                 0,                 0,                 0,                 0,                 0,-0.9566490996950181,-0.21028584438231873,0.18400372563715722,
1989-04-01,            122309,             52326,42.781806735399684,53.043896205725893,             63020,            252080,36559.829912192843,            225520,12.998666666666667,0.41788290476457818,9409.3496768899367,9139.9574780482108,9.1494591204027049,9.1204110121450555,0.0055733642059987432,0.0059539534768404678,6.1999624000000004,            134100,            136300,            163600,            158600,            736400,           1332700,252809.48345103729,256956.99175523029,308423.79934817075,298997.64411136851,1388284.1432762407,0.54070136464614404,0.64900031735956842,1.1897016820057125,-0.097191367819739763,0.53197397651539191,2.9212948270390351,0.62916534433513172,5.2868137099333543,1.6652157411366622,112.31151316044951,4.7212763779538083,-5.1513786103784325,16.333333333333332,6.6582131110282994,9.6751202223050328,0.10276367290807151,,,,,,-0.029048108257649474,0,0,0,0,0,0,1.9057335785129173e-18,3.4920022040418016e-20,0,             46769,             11047,              5860,              5591,              6565,             10240,             12169,             83540,             20520,53.399999999999999,      8161.7259955,           12998.6,187.70033333333333,290.02262784720045,        100.231978,             52629,7632.9232325007815,8.9402261744310838,8386.4403552744952,9.0343714371169721,0.21082116351448407,             65928,12363.517261192243,53564.482738807754,7768.5987712845154,8.9578450887827632,            736400,3.3189145430022213,5.2868137099333543,1.6652157411366622,2.9212948270390351,            134100,            158600,-0.097191367819739763,0.54070136464614404,0.64900031735956842,4.0138051412250082,1.3897397044088167,627.88947549748696,,,                 1,                 1,                 0,                 0,                 0,                 0,                 0,                 0,                 0,                 0,                 0,                 0,                 0,                 0,                 0,-0.91342406244593344,-0.10256026410538112,0.31126964573756749,
1989-07-01,            123324,             53592,43.456261554928481,53.880132778524356,             62779,            251116,35700.599153120602,            231131,13.054800000000002,0.41886304145514425,9446.6403162055321,8925.1497882801505,9.1534144351801725,9.0966283895075843,0.0039553147774675779,-0.023782622637471107,6.0413091999999997,            137800,            141500,            171600,            161000,            752800,           1369900,255752.89609331582,262619.99127143825,318484.73853129894,298811.43883181311,1397175.4729974465,0.56348460472450979,0.68334952770831014,  1.24683413243282,-0.092387581834689939,0.54875037831121876,2.9978177416014908,0.64113796014590863,5.4552477739371446,1.6965780396902019,112.31151316044951,4.7212763779538083,-5.1432380025625699,                17,6.6697747705739108,10.330225229426089,0.10899345322480447,,,,,,-0.056786045672588159,0,0,0,0,0,0,2.8391621864162543e-18,5.2023854353944252e-20,0,             48108,             11944,              6005,              6161,              6418,             10076,             13443,             85436,             22656,54.200000000000003,8232.8357360000009,13054.700000000001,198.63300000000001,300.60224832451394,        107.659086,             54113,7693.1239824336762,8.9480822195949834,8309.1368853569129,9.0251110178772063,0.21492111053888291,             67074,13605.815511025798,53468.184488974206,7601.4520057900272,8.9360945614194716,            752800,3.4265402682425652,5.4552477739371446,1.6965780396902019,2.9978177416014908,            137800,            161000,-0.092387581834689939,0.56348460472450979,0.68334952770831014,4.1522642921996216,1.4236537980284059,630.63668045469865,,,                 1,                 1,                 0,                 0,                 0,                 0,                 0,                 0,                 0,                 0,                 0,                 0,                 0,                 0,                 0,-0.88891385527186983,-0.05797179858832658,0.34791746367979787,
1989-10-01,            124200,             54709,44.049114331723025,54.615193393239949,             66680,            266720,37241.941849502116,            238704,13.113233333333334,0.41979936099530196, 9471.348281761173,9310.4854623755291,9.1560265500439204,9.1388965130980679,0.0026121148637479052,0.042268123590483597,5.9239280000000001,            145200,            140800,            176700,            166900,            764100,           1390400,265860.08577234531, 257803.7195368197,323536.34404940373,305592.61925209663,1399061.2364920734,0.52789442111577689,0.66249250149970007,1.1903869226154771,-0.08135872825434913,0.54439112177564486,2.8648020395920817,0.62574985002999395,5.2129574085182959,1.6511473355086437,112.65082286788288,4.7242929714932336,-5.1960398280537916,                17,6.5929556414771495, 10.40704435852285,0.10637747450509898,,,,,,-0.017130036945852467,0,0,0,0,0,0,4.2483542552915889e-18,7.7845416538259516e-20,0,             49049,             12573,              6352,              6322,              6839,             10331,             12567,             88622,             21941,54.299999999999997,8282.6420441999999,13113.200000000001,           204.446,309.79511646191838,111.01417799999999,             55401,7735.6059553249352,8.9535890993473188,8523.0457088502317,9.0505290335080613,0.21904267563358987,             69210,12866.290695312677, 56343.70930468732,7867.2358484943625,8.9704620533503601,            764100,3.2810219631073783,5.2129574085182959,1.6511473355086437,2.8648020395920817,            145200,            166900,-0.08135872825434913,0.52789442111577689,0.66249250149970007,3.9738302339532092,1.3797304240307253,631.62469801752422,,,                 1,                 1,                 0,                 0,                 0,                 0,                 0,                 0,                 0,                 0,                 0,                 0,                 0,                 0,                 0,-0.92048168998971447,-0.18328440674212598,0.11278561499142677,
1990-01-01,            125580,             56210,44.760312151616496,55.496986524920665,             67847,            271388,37132.684637053266,          245782.5,13.169366666666667,0.42066095066533243,9535.7660834107428,9283.1711592633164,9.1628048591605982,9.1359584871555537,0.0067783091166777609,-0.0029380259425142441,6.1105473999999997,            151600,            137300,            180000,            173800,            780500,           1408100,273167.98531380569,247400.82047219999, 324341.9350691624,313170.15730566904,1406382.6684526736,0.50591772664966761,0.66325703420932391,1.1691747608589915,-0.081801700885816619,0.55860981325629722,2.8759561955576518,0.64041151414211384,5.1885123881674948,1.6464470256805626,113.21633904693853,4.7293004932238558,-5.2041108914934817,                17,6.8294388648884707, 10.17056113511153,0.10886995740415936,,,,,,-0.026846372005044472,0,0,0,0,0,0,6.3569858618172044e-18,1.1648327389944124e-19,0,             50530,             12647,              6206,              6505,              7067,             10247,             12235,             89728,             21881,54.799999999999997,8352.4091585999995,13169.299999999999,209.66566666666668,317.05743983220032,114.89678533333334,             56736,7762.9077025065735,8.9571122469245381,8523.0394308849445,9.0505282969207173,0.21970845221112695,             70014,12687.867087196861,57326.132912803136,7843.6526851331619, 8.967459908560981,            780500,3.2993234237819404,5.1885123881674948,1.6464470256805626,2.8759561955576518,            151600,            173800,-0.081801700885816619,0.50591772664966761,0.66325703420932391, 3.963329255530827,1.3770843931520063,634.23013194256362,,,                 1,                 1,                 0,                 0,                 0,                 0,                 0,                 0,                 0,                 0,                 0,                 0,                 0,                 0,                 0,-0.89037478363803402,-0.15026376756539916,0.17657055175834482,
1990-04-01,            126147,             57385,45.490578452123316,56.402422101454455,             68283,            273132,36625.280734971333,          252274.5,           13.2219,0.42141236795879877,9540.7619177274064,9156.3201837428333,9.1633286268431213,9.1221996502887723,0.00052376768252315742,-0.013758836866781365,         6.2791226,            151600,            137000,            184000,            177900,            797000,           1420800,268782.78334804118,242897.37017600026,326227.12490791274,315411.98652781348,1413059.8834326437,0.50158897529399704,0.6736669449204048, 1.175255920214402,-0.096290438322862201,0.55504298288007259,2.9180030168563187,0.6513334212029348,5.2018804094723432,1.6490201774258579,114.23426816923867, 4.738251323743941,-5.1975846043197809,16.523333333333333,6.3315972919915753,10.191736041341759,0.10762199229676493,,,,,,-0.041128976554348995,0,0,0,0,0,0,9.42924143327528e-18,1.7277825315505596e-19,0,             51811,             12390,              6517,              6461,              7240,             10480,             13395,             91356,             23072,55.399999999999999,8393.0616391999993,13221.799999999999,214.13999999999999,328.64070843493545,         118.63356,             58328,7821.4173905269545, 8.964621069100744,8488.8687871348939,9.0465110298079185,0.21487368098428128,             71726,13732.767043215552, 57993.23295678445,7776.5272387373952,8.9588651471773026,            797000,3.3523481686510554,5.2018804094723432,1.6490201774258579,2.9180030168563187,            151600,            177900,-0.096290438322862201,0.50158897529399704,0.6736669449204048,3.9969684987478584,1.3855361984741761, 634.7848372170414,,,                 1,                 1,                 0,                 0,                 0,                 0,                 0,                 0,                 0,                 0,                 0,                 0,                 0,                 0,                 0,-0.86838369021402317,-0.22112401610999177,0.20097873014864198,
1990-07-01,            126360,             58098,45.978157644824314,57.006957114425347,             68532,            274128,36236.743346497067,          258531.5,13.270166666666668,0.42207040784590782,9522.1110008666037,9059.1858366242668,9.1613718469924006,9.1115345314918024,-0.0019567798507207357,-0.010665118796969963,7.0978833999999997,            155100,            132900,            185400,            177400,            795900,           1423300,272072.05550136731,233129.44020716773,325223.46286236943, 311190.0879815768,1396145.3834528578,0.48481001575906146,0.67632638767291198,1.1611364034319736,-0.08134885892721648,0.56579408159691824,2.9033881982139729,0.64714294052413468,5.1921000408568263,1.6471382474859628,113.21633904693853,4.7293004932238558,-5.206531528425276,16.336666666666666,5.8032973837571555,10.533369282909511,0.1057215850502928,,,,,,-0.049837315500598223,0,0,0,0,0,0,1.4047685377320604e-17,2.5740506885315833e-19,0,             52191,             11741,              6911,              6220,              7323,             10064,             13583,             91508,             22975,55.899999999999999,8501.5346403000003,           13270.1,219.23366666666666,334.12599000553655,122.55161966666667,             59102,7812.6422885100028,8.9634985068080848,8435.9140625671353,9.0402533545585282,0.20833151199895092,             72444,13925.233072518249,58518.766927481753,7735.5452128372044,8.9535812469920462,            795900, 3.350448037656375,5.1921000408568263,1.6471382474859628,2.9033881982139729,            155100,            177400,-0.08134885892721648,0.48481001575906146,0.67632638767291198,3.9831757427187298,1.3820794264294036,640.65017824192103,,,                 1,                 1,                 0,                 0,                 0,                 0,                 0,                 0,                 0,                 0,                 0,                 0,                 0,                 0,                 0,-0.8767732808080152,-0.20273815906696147,0.078191939353072365,
1990-10-01,            125636,             58926,46.902161800757746,58.152602524964706,             70537,            282148,36423.150864912088,          264380.5,13.320799999999998,0.42265999601461191,9431.5656717314287, 9105.787716228022,9.1518173927824176,9.1166655031068462,-0.009554454209983021,0.0051309716150438334,7.6371783000000004,            157100,            128500,            187300,            180300,            801100,           1424000,270151.27987188112,220970.33394994732,322083.60738385317,310046.31292743579,1377582.3698622785,0.45543473637948878,0.66383600096403306,1.1192707373435218,-0.082226349291861012,0.55679997731686914,2.8392900180047351,0.63902632660873016, 5.046996611707331,1.6187933360100362, 113.8949584618053,4.7352766066271981,-5.225583704948054,15.543333333333333, 6.476968975015307, 9.066364358318026,0.099325992032550298,,,,,,-0.035151889675571368,0,0,0,0,0,0,2.1020124963367518e-17,3.8516571009149545e-19,0,             52006,             11682,              7193,              5768,              7421,             10914,             13001,             92572,             22036,              54.5,8477.1254031999997,13320.700000000001,226.04233333333335,338.31956043521899,123.19307166666667,             59199,7642.1385515826114,  8.94143275812025,8373.9631339053158,9.0328825441219784,0.2063582940846044,             73469,13585.135818606057,59883.864181393947,7730.5492842508793,8.9529351978215814,            801100,3.2759157309875193, 5.046996611707331,1.6187933360100362,2.8392900180047351,            157100,            180300,-0.082226349291861012,0.45543473637948878,0.66383600096403306, 3.876334406056396, 1.354889966379295,636.38260488859532,,,                 1,                 1,0.050000000000000003,                 0,                 0,                 0,                 0,                 0,                 0,                 0,                 0,                 0,                 0,                 0,                 0,-0.8931741632074458,-0.35273603956817162,-0.083459406514662701,
1991-01-01,            125811,             59224,47.073785281096249,58.365393399689694,             69035,            276140,35390.780461947666,          268356.5,13.368533333333334,0.4232116586184041,9410.9800127662966,8847.6951154869166,9.1496323730403919, 9.087912265153836,-0.0021850197420256734,-0.028753237953010213,8.4002850000000002,            158000,            133100,            193800,            181400,            818500,           1454600,270708.36123386782,228046.09417865699,332046.07852609857,310800.61220141529,1402372.1118349417,0.48200188310277398,0.70181791844716446,1.1838198015499384,-0.084739624827985804,0.57217353516332292,2.9640761932353152,0.65691315999130873,5.2676178749909468,1.6615782442324341,113.78185522599416,  4.73428306456832,-5.2014765111348673,              14.5,5.1685813129348723,9.3314186870651277,0.095252408198739771,,,,,,-0.061720107886555908,0,0,0,0,0,0,3.1453270884677382e-17,5.7633917191784807e-19,0,             51807,             11232,              7384,              5482,              7454,              9277,             12887,             90713,             21679,56.399999999999999,8454.3555011999997,           13368.4,225.47933333333333,340.08582436697316,127.17034399999999,             59191, 7586.063903538583,8.9340681460913736,8216.8795095127498,9.0139457942618844,0.20599032112266158,             72027, 13542.40273169226,58484.597268307742,7495.5295948725416,8.9220620677965918,            818500,3.4246047077569348,5.2676178749909468,1.6615782442324341,2.9640761932353152,            158000,            181400,-0.084739624827985804,0.48200188310277398,0.70181791844716446,4.0631563699572677,1.4019601025946353,632.40710782534109,,,                 1,                 1,0.14999999999999999,                 0,                 0,                 0,                 0,                 0,                 0,                 0,                 0,                 0,                 0,                 0,                 0,-0.85728544636598047,-0.41660109957669178,0.0082702718226065827,
1991-04-01,            126359,             59706,47.251086190932185,58.585223551246521,             70009,            280036,35633.972011450751,            271851,13.414100000000001,0.42375143166792756,9419.8641727734248,8908.4930028626877,9.1505759484402773,9.0947603706786566,0.00094357539988543238,0.0068481055248206246,9.8610038000000007,            154300,            133900,            200100,            185900,            826800,           1469000,263376.99277536845,228555.92568128213,341553.70223169943,317315.50847012957, 1411277.366342674,0.47815280892456685,0.71455098630176117, 1.192703795226328,-0.11284263451841905,0.55100058563898924,2.9524775386021798,0.66384322015740838,5.2457541173277722, 1.657419009840654, 115.1390940557277,4.7461409110191033,-5.2002261417486313,13.816666666666666,3.8700491370135204,9.9466175296531461,0.091721004918415255,,,,,,-0.055815577761620716,0,0,0,0,0,1,4.6654262174660655e-17,8.5487703096980826e-19,0,             51428,             10805,              7709,              5281,              7581,             10541,             12915,             91555,             21547,55.700000000000003,8537.8579210999997,           13414.1,225.86699999999999,339.70272015248577,        125.807919,             59137,7525.0546459782408,8.9259933515147267,8216.7738244204647,9.0139329322293058,0.20081917972803234,             73169,13672.420293812462,59496.579706187535,7570.8103816199891,8.9320553924350232,            826800,3.4017337735148336,5.2457541173277722, 1.657419009840654,2.9524775386021798,            154300,            185900,-0.11284263451841905,0.47815280892456685,0.71455098630176117,4.0323386993100883,1.3943465300461109,636.48384320230195,,,                 1,                 1,0.29999999999999999,                 0,                 0,                 0,                 0,                 0,                 0,                 0,                 0,                 0,                 0,                 0,                 0,-0.84363503746531654,-0.39848356578213745,-0.0078169848830757505,
1991-07-01,            127893,             60951,47.657807698623067,59.089505513250252,             70704,            282816,35557.246759371352,          275813.5,13.460633333333334,0.4243240918364542,9501.2617038821845,8889.3116898428379,9.1591798797050075,9.0926049002959353,0.0086039312647301358,-0.0021554703827213473,9.6753151000000006,            158200,            134900,            206200,            186300,            847300,           1497200,267729.43626093667,228297.73041466725,348962.13500003255, 315284.4119811157,1433926.3675340812,0.47698857207513012,0.7290959493097986,1.2060845213849287,-0.099357886399637926,0.55937429282643136, 2.995940823715773,0.65873217922606919,5.2939013351436977, 1.666555466521999,118.64529436587266,4.7761383223049325,-5.1766440900793222,                13,3.6531477985130456,9.3468522014869535,0.085635183299389003,,,,,,-0.066574979409072199,0,0,0,0,0,0,6.9505527160206299e-17,1.273595935828144e-18,0,             51663,             10359,              8045,              5024,              7799,              9263,             11839,             90909,             20204,55.600000000000001,8447.7727333999992,13459.200000000001,229.96366666666665,338.20720932713402,127.85979866666666,             59708,7506.8316131638394,8.9235687666785442,8198.0716515033382,9.0116542411460365,0.19973819973819973,             72751,12815.299453299453,59935.700546700551,7535.4594295754823,8.9273750819391235,            847300,3.4480361742852836,5.2939013351436977, 1.666555466521999, 2.995940823715773,            158200,            186300,-0.099357886399637926,0.47698857207513012,0.7290959493097986,4.1026674587010641,1.4116373618452251,627.59102964942201,,,                 1,                 1,               0.5,                 0,                 0,                 0,                 0,                 0,                 0,                 0,                 0,                 0,                 0,                 0,                 0,-0.85367314942806838,-0.47926670549758255,-0.13872434934768668,
1991-10-01,            128061,             61494, 48.01930330077073,59.537713213260282,             70715,            282860,35191.092607772356,            277831,13.500399999999999,0.42491679317966058, 9485.718941660989, 8797.773151943089,9.1575426772468465,9.0822539175279537,-0.0016372024581610134,-0.01035098276798152,9.9875825999999996,            160400,            135900,            212900,            189400,            854500,           1512000,269409.07089504338, 228258.6828842668,357588.47377527889,318117.69343841157,1435224.7573554525,0.4804496924273492,0.75266916495792968,1.2331188573852789,-0.10252421692710174,0.56706497914162479,3.0209290815244292,0.66958919606872658,5.3454005515095808,1.6762364811471246,118.64529436587266,4.7761383223049325,-5.1738497176344938,12.333333333333334, 2.381855029963531,9.9514783033698038,0.082582667515142955,,,,,,-0.075288759718892706,0,0,0,0,0,0,1.0400395704412833e-16,1.9057335785129173e-18,0,             52397,              9727,              8152,              4699,              7862,              9281,             12490,             91319,             20604,55.700000000000003,      8461.3204446,13507.299999999999,231.73366666666666,337.77609461006386,129.07565233333335,             60549,7533.0038404440656,8.9270491576415836,8165.3884961935773,9.0076595849454613,0.19261051916906669,             73730,13499.294615578357,60230.705384421643,7493.4042671803554,8.9217784815554371,            854500,3.4772525360013202,5.3454005515095808,1.6762364811471246,3.0209290815244292,            160400,            189400,-0.10252421692710174,0.4804496924273492,0.75266916495792968,4.1515237219826062,1.4234754287786817,626.74590712867769,,,                 1,                 1,0.69999999999999996,                 0,                 0,                 0,                 0,                 0,                 0,                 0,                 0,                 0,                 0,                 0,                 0,-0.83243059338451864,-0.48284636868217928,-0.1180034820319413,
1992-01-01,            129541,             62441, 48.20172763835388,59.763895751272443,             72273,            289092,35702.399935903653,            280044,13.548766666666667,0.42549919237960215,9561.0916614796424,8925.5999839759133,9.1654571900575483,9.0966788294836753,0.0079145128107018792,0.014424911955721598,10.349940399999999,            158900,            133500,            212700,            190000,            845200,           1501000,265879.58834095387,  223379.012231072,355900.49364456191,317917.69531013997,1414231.7688217382,0.46179071022373502,0.73575194055871485,1.1975426507824498,-0.10757821039669033,0.54965201389177143, 2.923636766150568,0.65723022428846178,5.1921187718788486,1.6471418550798242,117.85357171519476,4.7694429362219477,-5.1987617970409801,             11.25,2.3961156948017592,8.8538843051982408,0.073938400232451948,,,,,,-0.068778360573872988,0,0,0,0,0,0,1.5562536567638211e-16,2.8516269329252109e-18,0,             52567,              9290,              9369,              4282,              7908,              9674,             12681,             92686,             20413,54.799999999999997,8511.7667098999991,           13551.6,232.51766666666666, 336.0000326165582,127.41968133333332,             61936,7648.9970059016796,8.9423298078852191,8287.2984949387974,9.0224793198623257,0.18555121593336643,             75488, 13778.02503074898,61709.974969251023,7621.0832758665192,8.9386738007638122,            845200, 3.364395006895152,5.1921187718788486,1.6471418550798242, 2.923636766150568,            158900,            190000,-0.10757821039669033,0.46179071022373502,0.73575194055871485,4.0136012065363271, 1.389688894799862,628.23184717182119,,,                 1,                 1,0.84999999999999998,0.050000000000000003,                 0,                 0,                 0,                 0,                 0,                 0,                 0,                 0,                 0,                 0,                 0,-0.85664121304614538,-0.63131574508151522,-0.31764826652803907,
1992-04-01,            130638,             63003,48.227162081477061, 59.79543116466489,             72519,            290076, 35701.82269963585,            282162,13.587933333333332,0.42604139282043479,9614.2655983985806,8925.4556749089625,9.1710032742839367, 9.096662661356735,0.0055460842263883592,-1.6168126940385719e-05,10.471356999999999,            159900,            132500,            220800,            192400,            860700,           1522500,267411.73512014112,221588.83616897248,369258.98132912547,321763.71380309662,1439407.6323821479,0.45677684468897806,0.76117982873453849,1.2179566734235165,-0.11203960341427764,0.55123484879824602,2.9671534356513467,0.66327445221252357, 5.248624498407314,1.6579660419720881,118.19288142262813,4.7723178783075468,-5.1963982142901166,10.793333333333333,2.0657215933634898,8.7276117399698432,0.071589422542138376,,,,,,-0.074340612927201732,0,0,0,0,0,0,2.3185069437689572e-16,4.2483542552915889e-18,0,             53243,              9025,              8598,              4079,              7954,              9633,             12226,             92296,             19778,55.200000000000003,8516.2517091000009,           13591.6,232.95166666666665,334.44181419599624,128.58932000000001,             61841,7611.2343577827214,8.9373806397763431,8268.3450163458419,9.0201896490488078,0.18396246857935339,             75317,13449.874859148826,61867.125140851174,7614.4497742483081,8.9378030072030548,            860700,3.4104487099932435, 5.248624498407314,1.6579660419720881,2.9671534356513467,            159900,            192400,-0.11203960341427764,0.45677684468897806,0.76117982873453849,4.0730705056605858,1.4043971390149985,626.75106656641447,,,                 1,                 1,0.94999999999999996,0.14999999999999999,                 0,                 0,                 0,                 0,                 0,                 0,                 0,                 0,                 0,                 0,                 0,-0.84474657997380631,-0.56580736989001068,-0.34231305906671633,
1992-07-01,            130922,             63435,48.452513710453552,60.074837981005103,             73859,            295436,36098.797614924239,          284825.5,13.623166666666666,0.42653478117595778,9610.2472503945482,9024.6994037310596, 9.170585230082331,9.1077204755805781,-0.00041804420160573841,0.01105781422384311,11.140113899999999,            162500,            134700,            219200,            196100,            871900,           1535200,270495.94382823043,224220.33005330854,364878.22084398835,326426.18205979071,1451356.3903005177,0.4559363110792185,0.74195426420612243,1.1978905752853408,-0.11373021568123046,0.55003452524404606,2.9512314003709772,0.66376474092527649,5.1963877117209822,1.6479637133689173,118.30598465843926, 4.773274358533504,-5.2111613768523704,10.066666666666666,1.6675253231454024, 8.399141343521265,0.06681898391981117,,,,,,-0.062864754501752884,0,0,0,0,0,0,3.4541120112019482e-16,6.3291988408665747e-18,0,             54133,              8567,              8582,              3811,              8012,             10253,             11909,             93189,             19330,55.200000000000003,8610.4293620999997,           13629.9,238.13166666666666,334.12011116848555,         131.44868,             62715,7663.0339309358833,8.9441632588525337,8343.8666673334719,9.0292820170866683,0.17790726373284402,             76610,13400.302396205559,63209.697603794441,7723.4801483229439, 8.952020337855533,            871900,3.3961625529725556,5.1963877117209822,1.6479637133689173,2.9512314003709772,            162500,            196100,-0.11373021568123046,0.4559363110792185,0.74195426420612243,4.0353917599750879,1.3951033874612535, 632.0431638826019,,,                 1,                 1,                 1,0.29999999999999999,                 0,                 0,                 0,                 0,                 0,                 0,                 0,                 0,                 0,                 0,                 0,-0.84378209635844648,-0.64913208921625554,-0.42003151093159125,
1992-10-01,            131424,             64011,48.705715850986124,60.388775822493315,             73876,            295504,35832.250813468265,            286495,           13.6563,0.4270028920360755,9623.6901649788015,8958.0627033670662,9.1719830631398924,9.1003092664488285,0.0013978330575614706,-0.0074112091317495299,        11.0915859,            165400,            136100,            223200,            196400,            883200,           1558700,273891.95715140266,225373.00706351816,369605.10783671751,325225.99990650231,1462523.4374614197, 0.460569061670908,0.75531972494450161,1.2158887866154096,-0.104905517353403,0.55972169581460829,2.9887920298879203,0.66462721316801121,5.2747170935080403,1.6629250463614498,119.43701701655053,4.7827891781748422,-5.1994475203244583,9.9199999999999999,1.4294512894450273,8.4905487105549717,0.06593101954626672,,,,,,-0.071673796691063885,0,0,0,0,0,0,5.1685287762888516e-16,9.4706385414784851e-18,0,             54578,              8535,              8642,              3763,              8052,             10346,             12444,             93734,             19858,54.200000000000003,8598.0397878000003,           13670.5,           240.893, 335.5911268394583,130.56400600000001,             63220,7665.9364896159241,8.9445419612226349, 8311.999596491496,9.0254554842337651,0.17695820086628117,             77147,13892.932148419997,63254.067851580003,7670.0674922503749,8.9450806938337166,            883200,3.4306270168931725,5.2747170935080403,1.6629250463614498,2.9887920298879203,            165400,            196400,-0.104905517353403, 0.460569061670908,0.75531972494450161,4.0997752991499272, 1.410932167123025,629.60243900617297,,,                 1,                 1,                 1,               0.5,                 0,                 0,                 0,                 0,                 0,                 0,                 0,                 0,                 0,                 0,                 0,-0.84209773263691334,-0.5785049783310795,-0.49426898419166848,
1993-01-01,            131269,             64348,49.019951397511981,60.778387178020175,             74493,            297972,35787.302552741581,            289224,13.699266666666666,0.42746783478287836,9582.1917474901329,8946.8256381853953,9.1676616284607686,9.0990540710583101,-0.0043214346791238256,-0.0012551953905184376,        10.8344953,            167000,            139800,            230100,            195900,            878100,           1575200,274768.72578217025,230015.97523561321,378588.52576333762,322318.52323788719,1444756.9946666092,0.46917160001610891,0.77222020861020502, 1.241391808626314,-0.096988978830225656,0.5604553447974977,2.9469211872256453,0.65744432362772343,5.2864027492516072,1.6651380049655471, 120.5680493746618, 4.792214318634425,-5.1951981792862103,9.9199999999999999,1.6974988226501786,8.2225011773498213,0.065218476903870157,,,,,,-0.068607557402458497,0,0,0,0,0,0,7.7338805530022151e-16,1.4171302978223052e-17,0,             54699,              8486,              9615,              3719,              8059,             10335,             12793,             94727,             20233,54.200000000000003,8580.4192980000007,           13711.5,244.93133333333333,336.74697152408805,132.75278266666666,             64314,7724.2981769328062,8.9521262467562703,8335.5619075591003,9.0282862083365849,0.17465981188045646,             78182, 14279.57702661332,63902.422973386681, 7674.866580758774,8.9457061886898099,            878100,3.3924421847242918,5.2864027492516072,1.6651380049655471,2.9469211872256453,            167000,            195900,-0.096988978830225656,0.46917160001610891,0.77222020861020502,4.0913240170217335,1.4088686382117319,626.34150475207923,,,                 1,                 1,                 1,0.69999999999999996,0.050000000000000003,                 0,                 0,                 0,                 0,                 0,                 0,                 0,                 0,                 0,                 0,-0.85622072841048347,-0.56956238233016998,-0.64517915217401212,
1993-04-01,            132347,             65284,49.327903163653126,61.160207460192709,             75666,            302664, 36036.99212934768,          292052.5,13.732299999999999,0.42794630936724687,9637.6426381596684,  9009.24803233692, 9.173431818089913,9.1060068878893823,0.0057701896291444399,0.0069528168310721838,        10.7665173,            168000,            140500,            237400,            200700,            895600,           1597900,274688.40766988246,229724.53141439575,388160.88083827437,328154.54416277027,1464350.8208877782,0.46421113842412709,0.78436814421272438,1.2485792826368516,-0.10804059947664738,0.55507096978828008,2.9590569079903788,0.66311156926492743,5.2794518013374567,1.6638222668236597,121.35977202533969,4.7987594565393339,-5.2018683796264371,9.5733333333333341,2.2824089883547893,7.2909243449785448,0.063481880897629073,,,,,,-0.067424930200530753,0,0,0,0,0,0,1.1471572933390825e-15,2.1020124963367518e-17,0,             55420,              8462,              9803,              3557,              8079,             10103,             12647,             95682,             20017,53.799999999999997,8530.7639610999995,13751.700000000001,245.84833333333333,339.94799829833403,132.26640333333333,             65223,7765.8417838013229,8.9574901371509537,8387.5449080691214,9.0345031354318177,0.17287473087937125,             79141,14273.653278568592,64867.346721431408,7723.4955701764684, 8.952022334602832,            895600,3.3960642935180045,5.2794518013374567,1.6638222668236597,2.9590569079903788,            168000,            200700,-0.10804059947664738,0.46421113842412709,0.78436814421272438,4.0995955911505826,1.4108883325406461,621.21887528673278,,,                 1,                 1,                 1,0.84999999999999998,0.14999999999999999,                 0,                 0,                 0,                 0,                 0,                 0,                 0,                 0,                 0,                 0,-0.84505369077371806,-0.63061150385092823,-0.67361784213287734,
1993-07-01,            132041,             65409, 49.53688627017366,61.419319429904185,             75143,            300572,35546.500226560878,            294272,13.767233333333333,0.42847400686011516,9590.9611468777312,8886.6250566402196,9.1685763867216981,9.0923026227550778,-0.0048554313682149797,-0.01370426513430445,10.947877500000001,            170100,            148200,            249000,            206100,            907900,           1634000,276948.68907515239,241292.15591380119,405409.89758796559, 335562.1682444968,1478199.3816068834,0.49305989912566706,0.82842047828806409,1.3214803774137311,-0.1197716354151418,0.56592097733654501,3.0205741053724231,0.6856926127516868,5.4363014518983803,1.6930989494787838,121.47287526115085,4.7996909889774457,-5.1914602432665164,9.3000000000000007,2.2380109444892549,7.0619890555107458,0.063769412985906881,,,,,,-0.076273763966620223,0,0,0,0,0,0,1.7090351168925814e-15,3.1315785492065774e-17,0,             55269,              8484,              9741,              3566,              8112,             10275,             13129,             95879,             20735,53.700000000000003,8565.8942318000009,13791.200000000001,250.94366666666667, 342.3096577825267,134.75674900000001,             65010,7688.2676354707773,8.9474507621501811, 8287.446346055498,9.0224971603923763,0.1730931695157438,             79283,14896.459777427799,64386.540222572199,7614.5355076625019, 8.937814266444903,            907900,3.4689084445656948,5.4363014518983803,1.6930989494787838,3.0205741053724231,            170100,            206100,-0.1197716354151418,0.49305989912566706,0.82842047828806409,4.2222828473710123,1.4403759408749541,622.19430908170852,,,                 1,                 1,                 1,0.94999999999999996,0.29999999999999999,                 0,                 0,                 0,                 0,                 0,                 0,                 0,                 0,                 0,                 0,-0.80151101933505686,-0.60548445788400007,-0.54522941420798454,
1993-10-01,            134289,             66777,49.726336483256262,61.654213143043954,             76298,            305192,35864.535969928613,          297063.5,13.802100000000001,0.42904597610951595,9729.6063642489171,8966.1339924821532,9.1829287184777133,9.1012098691143297,0.014352331756015246,0.0089072463592518858,10.957667300000001,            175000,            157700,            258300,            212400,            933600,           1682700, 283841.1052201452,255781.38453266802,418949.47130493436,344502.00427862199,1514251.7476201577,0.51672389839838528,0.84635246009069698,1.3630763584890824,-0.1225458072295473,0.57340952580670523,3.0590579045322288,0.69595533303625257,5.5135783375711025,1.7072138384354381,122.60390761926212,4.8089588959082272,-5.1949167153219458,              8.75,2.0954843070014606,6.6545156929985394,0.060896091640672098,,,,,,-0.081718849363383583,0,0,0,0,0,0,2.5572989968769826e-15,4.6859087934299128e-17,0,             55962,              8650,              9796,              3455,              8181,             10496,             13445,             97249,             20951,53.600000000000001,8669.1468535000004,13832.299999999999,255.68899999999999,347.77762944403327,137.04930400000001,             65758,7727.5294120113431,8.9525444801473739, 8346.831702246749,9.0296373089838458,0.17307118839268271,             80418,15169.057872060381,65248.942127939619,7667.7076461613706,8.9447729769600084,            933600,3.5081171983538231,5.5135783375711025,1.7072138384354381,3.0590579045322288,            175000,            212400,-0.1225458072295473,0.51672389839838528,0.84635246009069698,4.2995884557917634,1.4585193101638143,628.10346639279533,,,                 1,                 1,                 1,                 1,               0.5,                 0,                 0,                 0,                 0,                 0,                 0,                 0,                 0,                 0,                 0,-0.78218275733960707,-0.66587526081374981,-0.53423368006988603,
1994-01-01,            135129,             67288,49.795380710284249,61.739819037033627,             78122,            312488,36554.121100728073,            299988,13.846233333333334,0.42964343665470522,9759.2606412815039,9138.5302751820182,9.1859719225706034,9.1202548501158596,0.0030432040928900506,0.019044981001529848,        10.5678985,            177200,            157900,            257200,            218700,            967500,           1712800,287010.88335505076, 255750.6686329713,416586.90292843711,354228.44350874494,1567059.9867156411,0.50529940349709423,0.82307160594966844,1.3283710094467627,-0.1328050997158291,0.5670617751721666,3.0961188909654132,0.6998668748879957, 5.481170476946315,1.7013186688363158,123.96114644899562,4.8199681814165967,-5.204339931851762,              8.75,1.5818647115419804,7.1681352884580196,0.061238351552699626,,,,,,-0.065717072454743786,0,0,0,0,0,0,3.8265908609992994e-15,7.0117165753057786e-17,0,             57660,              8920,              9732,              3518,              8237,             10311,             13464,             99168,             21046,53.899999999999999,8683.9433946999998,13874.299999999999,261.09200000000004,352.25958949127102,140.72858800000003,             67392,7883.3597745201932,8.9725094593081032,8510.9450248511057,9.0491082641506253,0.1730094385285576,             82011,15198.600919651501,66812.399080348492,7815.5594039234511,8.9638718210901409,            967500,3.5464676659583727, 5.481170476946315,1.7013186688363158,3.0961188909654132,            177200,            218700,-0.1328050997158291,0.50529940349709423,0.82307160594966844,4.2916848006963466,1.4566793832777372,627.17008919633975,,,                 1,                 1,                 1,                 1,0.69999999999999996,                 0,                 0,                 0,                 0,                 0,                 0,                 0,                 0,                 0,                 0,-0.77488455888235996,-0.5856530764796114,-0.58154671836489935,
1994-04-01,            135863,             68031, 50.07323553874123,62.084323016776409,             80058,            320232, 37153.56542784669,          303757.5,13.882966666666666,0.43023985665527015,9786.3088821073306,9288.3913569616725,9.1887396350242891,9.1365206582524952,0.0027677124536857889,0.016265808136635584,        10.0631162,            179400,            157300,            258700,            227900,            980800,           1715600,288961.83655175328,253365.08857074022,416691.34401303553,367081.39660058293,1579786.8968225175,0.49120637537785106,0.80785180743960627,1.2990581828174572,-0.15145269679482376,0.56021884134002853,3.0627794848734666,0.71167153813485218,5.3573659097154565,1.6784724195344962,125.43148851454031,4.8317597012590028,-5.2143786417996125,              8.75,1.5109751829817997,7.2390248170182003,0.06227125958679957,,,,,,-0.05221897677179399,0,0,0,0,0,0,5.6759366591406854e-15,1.0400395704412833e-16,0,             59167,              9343,              9726,              3661,              8274,             10662,             13794,            101636,             21578,54.700000000000003,8685.7429867999999,13915.799999999999,264.73599999999999,360.45338193207124,144.81059199999999,             68893,7993.0193828869124,8.9863238626058024,8640.7053699242933,9.0642394985032695,0.17333425164311858,             84019,15526.027332834823,68492.972667165173, 7946.607900950673, 8.980500437469237,            980800,3.5149847360663515,5.3573659097154565,1.6784724195344962,3.0627794848734666,            179400,            227900,-0.15145269679482376,0.49120637537785106,0.80785180743960627,4.2103849708961008,1.4375540855317999,625.64026805990079,,,                 1,                 1,                 1,                 1,0.84999999999999998,                 0,                 0,                 0,                 0,                 0,                 0,                 0,                 0,                 0,                 0,-0.75312539061610295,-0.5693444799660542,-0.5588279897883015,
1994-07-01,            138442,             69624,50.291096632524813,62.354442540184948,             79971,            319884,36845.812266106812,          306813.5,13.923133333333332,0.43084715675247987,9943.3077803368014, 9211.453066526703,9.2046550189751759, 9.128202887328964,0.015915383950886763,-0.0083177709235311426,         9.6334529,            181100,            157500,            263400,            235000,           1003400,           1740400, 290436.4029608448,252588.25768267841,422423.79094360309,376877.71781225031, 1609187.668309838,0.49236598266871739,0.82342349101549317,1.3157894736842106,-0.16849858073551663,0.56614272673844268,3.1367620762526416,0.73464130747395928,5.4407222618199098,1.6939118207717605,127.35424352332946,4.8469725226082714,-5.1951894610871712,8.8499999999999996,1.5225227484781723,7.3274772515218274,0.065015755711445397,,,,,,-0.076452131646211896,0,0,0,0,0,0,8.4560113317102706e-15,1.5494511163924907e-16,0,             58794,             10108,              9748,              3901,              8361,             10533,             14179,            102205,             22234,                54,8795.5824902000004,           13959.5,270.32733333333334,368.85521988406362,145.97676000000001,             68542, 7895.004640255509,8.9739855144356753,8553.2288533911051,9.0540641343128563,0.18070544493909299,             83736,  15770.7774962086,67965.222503791403,7828.5685717287388,8.9655349589555655,           1003400,3.5931048755173749,5.4407222618199098,1.6939118207717605,3.1367620762526416,            181100,            235000,-0.16849858073551663,0.49236598266871739,0.82342349101549317,4.2840529692013352,1.4548995169351455,631.72435971309142,,,                 1,                 1,                 1,                 1,0.94999999999999996,                 0,                 0,                 0,                 0,                 0,                 0,                 0,                 0,                 0,                 0,-0.71181689292526329,-0.51707979441049012,-0.44139011513783138,
1994-10-01,            139217,             70344,50.528311915929805,62.648558750591157,             81371,            325484,37218.428406333129,            310561,13.959200000000001,0.43147785580194004,9973.1359963321665,9304.6071015832822,9.2076503567605279,9.1382649437446037,0.0029953377853519925,0.010062056415639731,9.0926991000000008,            184000,            153800,            264100,            242200,           1014700,           1743800,293701.88823101023,245496.46961918136,421557.98196635762,386601.07244321017,1619670.1412391635,0.47252706738272848,0.81140701232625878,1.2839340797089873,-0.1788106327807204,0.56531196617959711,3.1175111526219417,0.74412259896031752,5.3575598186085953,1.6785086136991738,126.78872734427382,4.8425221369807954,-5.2144076581939993,9.6333333333333329, 1.612778035525686,8.0205552978076469,0.071683810366510586,,,,,,-0.069385413015924158,0,0,0,0,0,0,1.265307487389809e-14,2.3185069437689572e-16,0,             59768,             10762,             10145,              4387,              8439,             10533,             14329,            104377,             23005,54.200000000000003,8776.4173984000008,14004.200000000001,279.30099999999999,378.60755734748415,151.38114200000001,             69913,7994.4082817341814, 8.986497611488975,8649.5076916587313,9.0652576840471415,0.1839581517000872,             85176, 15982.06364428945,69193.936355710553,7912.1848275410903,8.9761592334368121,           1014700,3.5826066473313589,5.3575598186085953,1.6785086136991738,3.1175111526219417,            184000,            242200,-0.1788106327807204,0.47252706738272848,0.81140701232625878,4.2226345995502088,1.4404592459354502,628.71922448277837,,,                 1,                 1,                 1,                 1,                 1,                 0,                 0,                 0,                 0,                 0,                 0,                 0,                 0,                 0,                 0,-0.69512862691351973,-0.35390408923332783,-0.44328263053784994,
1995-01-01,            140813,             71664,50.893028342553599, 63.10075985556103,             82290,            329160,37244.882750874109,          314459.5,14.005733333333334,0.43214295268901876,10053.954094989671,9311.2206877185272,9.2157212783966305,9.1389754774354337,0.0080709216361025682,0.00071053369082996198,          8.855226,            184600,            156100,            267900,            248300,           1013700,           1750000,292547.98265908891,247382.12401453833,424559.07125877525,393497.63864708436,1606478.2774730141,0.47423745291043867,0.81388990156762664,1.2881273544780654,-0.19352290679304898,0.56082148499210116,3.0796573095151296,0.75434439178515011, 5.316563373435411,1.6708271121800475,128.03286293819625,4.8522869726717639,-5.2125454914550913,             10.56,2.2043161767465902,8.3556838232534112,0.079658767772511851,,,,,,-0.076745800961196764,0,0,0,0,0,0,1.8933312348351561e-14,3.4692765660270176e-16,0,             61376,             11240,              9998,              4984,              8500,             10596,             15023,            106665,             24375,54.600000000000001,8832.4770989999997,           14055.1,282.99033333333335,384.92306135050359,154.51272200000002,             71374,8076.0610689661207, 8.996659541187956,8693.6408783423249,9.0703471038566548,0.18506539164674449,             86925,16610.762621290956,70314.237378709047,7956.1475479619276,8.9817001852973632,           1013700,3.5490725543808486, 5.316563373435411,1.6708271121800475,3.0796573095151296,            184600,            248300,-0.19352290679304898,0.47423745291043867,0.81388990156762664,4.1742617572001457,1.4289375180447825,630.63296214407433,,,                 1,                 1,                 1,                 1,                 1,                 0,                 0,                 0,                 0,                 0,                 0,                 0,                 0,                 0,                 0,-0.67737817564827552,-0.25101903012699517,-0.44000897950777751,
1995-04-01,            142565,             73328,51.434784133553116,63.772466829611083,             82779,            331116,36941.896774918947,            318016,           14.0549,0.43284382535803345,10143.437520010815,9235.4741937297367,9.2245822256138776,9.1308072387682433,0.0088609472172471726,-0.0081682386671904084,8.2674494000000003,            185300,            157900,            278300,            255600,1028099.9999999999,           1788700,290564.26575921755,247599.01545267378,436395.22482887341,400799.92621724773,1612137.7313926148,0.47687215356551782,0.84049094577127048,1.3173630993367884,-0.21231230142910643,0.55962260959905286,3.1049541550393212,0.77193491102815937,5.4020343323789852,1.6867756108443013,127.12803705170721,4.8451947443622716,-5.2220582123473074,10.536666666666667,2.7191144733566652,7.8175521933100018,0.081336208458667056,,,,,,-0.093774986845634345,0,0,0,0,0,0,2.808355675864041e-14,5.1459366201141306e-16,0,             61895,             11308,             10124,              4979,              8605,             10429,             15285,            107459,             24680,                55,      8895.4267086,             14108,285.61733333333336,394.01925527862568,157.08953333333335,             72019,8035.0042397011548,8.9915628058256303,8635.2392167154467,9.0636066933488131,0.18530788486771699,             87546,16868.568979796946,70677.431020203047,7885.3282869592376, 8.972759132894339,1028099.9999999999,3.5793786266243046,5.4020343323789852,1.6867756108443013,3.1049541550393212,            185300,            255600,-0.21231230142910643,0.47687215356551782,0.84049094577127048,4.2100049529470027,1.4374638241655702,632.90572744025212,,,                 1,                 1,                 1,                 1,                 1,                 0,                 0,                 0,                 0,                 0,                 0,                 0,                 0,                 0,                 0,-0.64740527074233445,-0.35523984882163301,-0.37745851407883846,
1995-07-01,            142937,             74135,51.865507181485548,64.306507591125651,             84640,            338560, 37329.55325425804,          322764.5,14.103533333333333,0.43361248810065145,10134.836187622015,9332.3883135645101,9.2237338957186754, 9.141246243244801,-0.00084832989520222668,0.010439004476557656,8.4280649000000007,            190000,            163300,            285800,            261300,           1020900,           1798200,295459.98860342428,253940.08494178517,444434.02496241394,406335.23695828818,1587553.1703433464,0.48233695652173914,0.84416351606805295, 1.326500472589792,-0.21059782608695651,0.56120037807183365,3.0154182419659734,0.77179820415879019, 5.311318525519849,1.6698401143207926,127.35424352332946,4.8469725226082714,-5.2390587285957588,             10.49,3.1305949847642012, 7.359405015235799,0.080961631616257079,,,,,,-0.082487652473874462,0,0,0,0,0,0,4.1838887296839927e-14,7.6664171898169531e-16,0,             63361,             11484,             10395,              4891,              8546,             10970,             15918,            109934,             25294,54.700000000000003,8963.1257705000007,14160.299999999999,293.00733333333335,404.42675647116948,160.27501133333334,             73756,8132.3207993296783,9.0036016229777296,8732.3545564470951,9.0747903211110899,0.18220022922844617,             89904,17502.736751141594,72401.263248858406,7982.9478146379233,8.9850630225629171,           1020900,3.4888203312066794, 5.311318525519849,1.6698401143207926,3.0154182419659734,            190000,            261300,-0.21059782608695651,0.48233695652173914,0.84416351606805295,4.1313208884688093,1.4185971835553783,635.52342229843123,,,                 1,                 1,                 1,                 1,                 1,                 0,                 0,                 0,                 0,                 0,                 0,                 0,                 0,                 0,                 0,-0.64762014624120168,-0.36215915586331371,-0.46120100680471776,
1995-10-01,            144519,             75223,52.050595423439134, 64.53599302533857,             85955,            343820,37638.610606397699,            327593,14.154533333333333,0.43443007839067144,10210.085814674216,9409.6526515994246, 9.231131316086584,9.1494913192094458,0.0073974203679085804,0.0082450759646448546,8.5751372000000003,            195500,            166800,            293100,            270200,           1020900,           1807500,302931.72977634578,258460.42213142957,454165.16622735013,418681.09148628457,1581907.9433691632,0.48513757198534119,0.8524809493339538, 1.337618521319295,-0.2172648478855215,0.56861148275260309,2.9692862544354606,0.78587633063812457,5.2571112791576988,1.6595816894195723,127.12803705170721,4.8451947443622716,-5.2526438495396741,10.483333333333334,3.0127337522024122, 7.470599581130922,0.082386035328563409,,,,,,-0.081639996877138188,0,0,0,0,0,0,6.2605234647955515e-14,1.1471572933390825e-15,0,             64865,             11583,             10616,              5000,              8611,             10965,             16532,            112056,             26101,                55,8984.6527005999997,           14215.1,304.02300000000002, 419.4782123319107,167.21265000000002,             75481,8263.0445209164809,9.0195483846712374,8836.3485862579528,9.0866290144474497,0.18021346469622332,             91862,18121.711001642037,73740.288998357966,8072.4856716084805,8.9962167276675196,           1020900,3.4556240183817111,5.2571112791576988,1.6595816894195723,2.9692862544354606,            195500,            270200,-0.2172648478855215,0.48513757198534119,0.8524809493339538,4.0896399278692339,1.4084569289834226,634.75442736367143,,,                 1,                 1,                 1,                 1,                 1,                 0,                 0,                 0,                 0,                 0,                 0,                 0,                 0,                 0,                 0,-0.62411629397521318,-0.33606664872878239,-0.42992111587196191,
1996-01-01,            145821,             76331,52.345684092140367,64.901864733629992,             87161,            348644,37809.526829559101,          332112.5,14.207700000000001,0.43525966376499703,10263.519077683228,9452.3817073897753,9.2363510499447319,9.1540220212609444,0.0052197338581478903,0.0045307020514986363,8.4516918000000008,            197800,            165100,            299000,            276700,           1038300,           1833200,304767.82263777795,254384.06227248302,460695.54584780388,426335.97838156298,1599799.9506815209,0.47354894964491001,0.85760833400259295, 1.331157283647503,-0.22630534298596849,0.56734089787863839,2.9781094755682012,0.79364624086460689, 5.258085611684125,1.6597670083516529,126.90183058008495,4.8434137999912767,-5.2646087521121485,             10.48,2.8543315202411712,7.6256684797588292,0.083174126042610805,,,,,,-0.082329028683787442,0,0,0,0,0,0,9.3678767733900688e-14,1.7165382773703065e-15,0,             65401,             11741,             10800,              5143,              8762,             11310,             16522,            113459,             26298,54.700000000000003,9056.9635639000007,           14271.9,309.34800000000001,433.20921607059535,169.21335600000003,             76201,8263.7984704719802,9.0196396240635899,8858.0900889308778, 9.089086454778105,0.18070844974836725,             92956,18169.334993257475,74786.665006742522, 8110.417552189856,9.0009046318740893,           1038300,3.4634565803513042, 5.258085611684125,1.6597670083516529,2.9781094755682012,            197800,            276700,-0.22630534298596849,0.47354894964491001,0.85760833400259295,4.0829614162297352,1.4068225624347761,637.46866585724638,,,                 1,                 1,                 1,                 1,                 1,                 0,                 0,                 0,                 0,                 0,                 0,                 0,                 0,                 0,                 0,-0.6113120080661294,-0.32424653847969759,-0.45047816892868736,
1996-04-01,            146735,             77113, 52.55256073874672,65.158364966026568,             88743,            354972,38214.328525300421,            336455,            14.256,0.43606379165231579,10292.859147025814,9553.5821313251054,  9.23920564708685,9.1646714554306019,0.0028545971421181093,0.010649434169657468,8.5783939999999994,            198000,            167800,            308700,            287100,           1065000,           1870200, 303875.0283301872,257526.41289800711,473768.79416933726,440618.79107877141,1634479.3190487341,0.47271334077053967,0.86964605659037897,1.3423593973609187,-0.25100571312666914,0.55779047361482037,3.0002366383827459,0.80879618674148945, 5.268584564416348,1.6617617428760247,128.48527588144071,4.8558143131897324,-5.2668020081892735,10.290000000000001,2.1731919828636537,8.1168080171363464,0.083225127615699279,,,,,,-0.074534191656248083,0,0,0,0,0,0,1.3956264297325913e-13,2.5572989968769826e-15,0,             66441,             11784,             11040,              5317,              9000,             11522,             16595,            115336,             26592,                55,9074.6423802999998,           14324.1,           311.697,445.17558888781787,171.43334999999999,             77481,8341.1772998118213,9.0289596484372083,8947.3797155684624,9.0991159991934012,0.18020392592078796,             94552,18284.515849344523, 76267.48415065548,8210.5368737007193,9.0131735929638541,           1065000,3.4831855752002978, 5.268584564416348,1.6617617428760247,3.0002366383827459,            198000,            287100,-0.25100571312666914,0.47271334077053967,0.86964605659037897,4.0915903226169954,1.4089337264148591,636.54898851711562,,,                 1,                 1,                 1,                 1,                 1,                 0,                 0,                 0,                 0,                 0,                 0,                 0,                 0,                 0,                 0,-0.58672193171849507,-0.34216855830184428,-0.41382544719484105,
1996-07-01,            146976,             77335,52.617434138907029,65.238799575202833,             89484,            357936,38355.419510880958,          341211.5,14.304500000000001,0.43682853803696181,10274.808626655948,9588.8548777202395,9.2374504140480109,9.1683567527936933,-0.0017552330388390658,0.0036852973630914221,8.5686052000000004,            199000,            173900,            319800,            292200,           1076300,           1902300,305033.20308738423,266559.16591405083,490199.08717259031,447892.97458358627,1649785.1079545307,0.48584104420902063,0.89345581332975732,1.3792968575387778,-0.26038174422243082,0.55596531223458945,3.0069621384828573,0.81634705645702021,5.3146372535872333,1.6704647599045468,128.93768882468524, 4.859329255297177,-5.2682060500770005,9.6033333333333335,1.4497630473184531,8.1535702860148795,0.078396528988422504,,,,,,-0.069093661254317595,0,0,0,0,0,0,2.0792044755550705e-13,3.809864449656664e-15,0,             67972,             11377,             11018,              5353,              9333,             11093,             17093,            116642,             27159,55.700000000000003,9085.9896757000006,14375.299999999999,           320.267,458.30303202260433,178.38871900000001,             78990,8464.3472217505005,9.0436181766203632,9026.6010497353709,9.1079311691000004,0.17755182524305138,             95932,18771.106651120521,77160.893348879472,8268.3452746597632, 9.020189680290116,           1076300,3.5053437458093066,5.3146372535872333,1.6704647599045468,3.0069621384828573,            199000,            292200,-0.26038174422243082,0.48584104420902063,0.89345581332975732,4.1258772517992046,1.4172786642790391,635.18401032542204,,,                 1,                 1,                 1,                 1,                 1,                 0,                 0,                 0,                 0,                 0,                 0,                 0,                 0,                 0,                 0,-0.57463042589192059,-0.45374029124242193,-0.43766048253944489,
1996-10-01,            148086,             78343,52.903718109747039,65.593754599157791,             91061,            364244,38695.985283356757,          346056.5,           14.3504,0.43755849326922375,10319.294235700747,9673.9963208391891,9.2417706486834934,9.1771967730685287,0.0043202346354824783,0.0088400202748353252,8.7595372999999999,            207500,            181900,            330900,            300200,           1133800,           1983800,316341.09263607278,277312.98674940551, 504468.7592928987,457665.52293662191,1728518.2208712255,0.4993905184436806,0.90845696840579393,1.4078474868494746,-0.25449973094958322,0.56967307628952024,3.1127485970942557,0.82417280723910347,5.4463491505693984,1.6949455035754046,129.27699853211863,4.8619573777034466,-5.2798440576335777,8.8833333333333329,1.6390257966649946,7.2443075366683383,0.073214017709740356,,,,,,-0.064573875614964749,0,0,0,0,0,0,3.1111985160997555e-13,5.700855669402083e-15,0,             69026,             11082,             11255,              5149,              9600,             11808,             17783,            118742,             27681,55.899999999999999,9098.7678309000003,14431.200000000001,331.73333333333335,468.26962043632642,185.43893333333332,             80281,8528.7675144495552,9.0512001417050776,9101.3819176443722,9.1161815400573172,0.17417594448468107,             98060,19434.629179228916,78625.370820771088, 8352.879367069947,9.0303615927828247,           1133800,3.6218549470501458,5.4463491505693984,1.6949455035754046,3.1127485970942557,            207500,            300200,-0.25449973094958322,0.4993905184436806,0.90845696840579393,4.2660963529941469,1.4506992060561996, 634.0428023539414,,,                 1,                 1,                 1,                 1,                 1,                 0,                 0,                 0,                 0,                 0,                 0,                 0,                 0,                 0,                 0,-0.56222058486427973,-0.50568922816289352,-0.45982659166010714,
1997-01-01,            149556,             79490,53.150659284816392, 65.89992965483772,             92156,            368624, 38836.28280736028,          350989.5,14.403266666666667,0.43824690755958806,10383.477822160714,9709.0707018400699,9.2479711509075617,9.1808158514365417,0.0062005022240683161,0.0036190783680130068,8.5683357000000004,            209000,            183800,            336400,            306300,           1149200,           2004900,317147.53125636652,278907.73322928307,510470.95461551048,464795.64030538307,1743856.1862192173,0.4986110508268588,0.91258301141542597,1.4111940622422847,-0.26395459872390292,0.56697339294240201,3.1175398237770735,0.83092799166630493, 5.438875385216372, 1.693572308837368, 130.4080308902299,4.8706682341776943,-5.2794091664453928,7.7833333333333332,1.5378062330011266,6.2455271003322066,0.064673895351360727,,,,,,-0.067155299471020058,0,0,0,0,0,0,4.6554133181137838e-13,8.530423009218192e-15,0,             69485,             10814,             11543,              4714,              9803,             11950,             17907,            119598,             27441,55.899999999999999,9114.2240459999994,           14482.4, 336.2763333333333,475.65833880320389,187.97847033333332,             81028,8536.6832417715323,9.0521278321602257,9122.8769718058011,9.1185404907569882,0.17238582584993059,             98981,19640.087016505291,79340.912983494709,8358.9406409272415,9.0310869804569602,           1149200,3.6274861927962729, 5.438875385216372, 1.693572308837368,3.1175398237770735,            209000,            306300,-0.26395459872390292,0.4986110508268588,0.91258301141542597,4.2647792872954549,1.4503904298497019, 632.7886761336548,,,                 1,                 1,                 1,                 1,                 1,                 0,                 0,                 0,                 0,                 0,                 0,                 0,                 0,                 0,                 0,-0.55159818880486811,-0.63828434626824893,-0.4905454915419229,
1997-04-01,            152049,             80830, 53.16049431433288,65.912123816904781,             93595,            374380,39323.107242675564,          356397.5,           14.4444,0.43888198237890963,10526.501620004985,9830.7768106688909,9.2616513201083794, 9.193273234502044,0.013680169200817716,0.01245738306550237,8.5684792000000005,            209400,            192500,            359900,            316700,           1190300,           2079400,317695.72557195352,292055.52613467549,546030.04600451794,480488.23442520376, 1805889.313029113,0.51418344997061805,0.96132272023078158,1.4755061702013996,-0.28660719055505102,0.55932475025375283,3.1793899246754633,0.84593194080880385,5.5542496928254712,1.7145633451706868, 132.1045794273968,4.8835938772968079,-5.2791259298669599,7.2699999999999996,1.1568105664886197,6.1131894335113799,0.061499252096800044,,,,,,-0.068378085606335404,0,0,0,0,0,0,6.9053191406063302e-13,1.265307487389809e-14,0,             71300,             10657,             11314,              4605,              9974,             12444,             18446,            121607,             28012,55.600000000000001,9111.6564252000007,           14532.4,341.07933333333335,487.14003416578083,189.64010933333336,             82614,8677.3844269095553,9.0684754289390419,9254.0806187892231,9.1328198812065224,0.16965306273487546,            100976,20277.579604792489,80698.420395207504,8476.1809912796125,9.0450152725438357,           1190300,3.6859343697134817,5.5542496928254712,1.7145633451706868,3.1793899246754633,            209400,            316700,-0.28660719055505102,0.51418344997061805,0.96132272023078158,4.3682889043218118,1.4743713773546938,630.80892423361308,,,                 1,                 1,                 1,                 1,                 1,                 0,                 0,                 0,                 0,                 0,                 0,                 0,                 0,                 0,                 0,-0.52832509984249043,-0.58311112214295302,-0.45980905884849294,
1997-07-01,            154341,             82256,53.294976707420581,66.078864556597267,             94416,            377664,39460.855335622531,          361285.5,14.483600000000001,0.43948274792759562,10656.259493496091,9865.2138339056328, 9.273902744350794,9.1967700942385839,0.012251424242414544,0.0034968597365399035,8.5898021999999994,            214200,            199500,            374500,            323400,           1232400,           2140500,324158.11233641184,301911.96737214824,566747.02647052391,489415.18921379826, 1865044.153330504,0.52824733096085408,0.99162218268090152,1.5198695136417557,-0.28914590747330959,0.56717081850533813,3.2632180986273513,0.85631672597864772,5.6677364006100657,1.7347898141502971,134.47974737943048, 4.901413610599417,-5.2673296049758509,6.8433333333333337,1.2876769451069858,5.5556563882263479,0.058600607947805458,,,,,,-0.077132650112210044,0,0,0,0,0,0,1.0287545546863732e-12,1.8850552946596649e-14,0,             71082,             10331,             11421,              4258,             10069,             13011,             17960,            121672,             27256,54.899999999999999,9131.4034675999992,           14581.1,347.37200000000001,504.76576745072435,190.70722799999999,             82503,8620.4640838281266,9.0618942002396299,9242.8389588668797,9.1316043640757645,0.16766388322703663,            101272,19986.756657242422,81285.243342757574,8493.2247406939259,9.0470240353036697,           1232400,3.7681834328927297,5.6677364006100657,1.7347898141502971,3.2632180986273513,            214200,            323400,-0.28914590747330959,0.52824733096085408,0.99162218268090152,4.4939417047957972,1.5027302018934663,630.46504098428557,,,                 1,                 1,                 1,                 1,                 1,                 0,                 0,                 0,                 0,                 0,                 0,                 0,                 0,                 0,                 0,-0.51244316842531146,-0.59531790857410249,-0.46477472695960476,
1997-10-01,            156500,             83804,53.548881789137383,66.393673954058912,             95030,            380120,39417.388231764315,            365823,14.524666666666668,0.4400262203136166,10774.773947767017,9854.3470579410787,9.2849629354263126, 9.195667962489896,0.011060191075518588,-0.0011021317486878957,8.0332921000000006,            217600,            198400,            383300,            336800,           1220100,           2127500, 327742.0679424493,298823.65018282138,577314.03787840449,507277.24486680567,1837675.0785688527,0.52194043986109651,1.0083657792276124,1.5303062190887089,-0.31358518362622329,0.57245080500894452,3.2097758602546564,0.88603598863516786,5.5969167631274335,1.7222158681044146,137.08112180308643, 4.920572880537895,-5.2518210372513234,6.7400000000000002,1.2195053626513852, 5.520494637348615,0.059718825634010313,,,,,,-0.089294972936416528,0,0,0,0,0,0,1.5393674271095241e-12,2.8206851728452679e-14,0,             71861,             10230,             11734,              4330,             10246,             13447,             18876,            123337,             28307,54.799999999999997,9121.7090124000006,             14639,354.09433333333334,520.39302274040097,194.04369466666668,             83595,8668.5693182004034,9.0674590409562814, 9261.458188070741,9.1336167869567593,0.1660166859904165,            102861,20843.269035244899,82017.730964755101, 8505.010900047746,9.0484107864338146,           1220100,3.7202559577677223,5.5969167631274335,1.7222158681044146,3.2097758602546564,            217600,            336800,-0.31358518362622329,0.52194043986109651,1.0083657792276124,4.4264968957171424,1.4876085027735988,628.01503275347682,,,                 1,                 1,                 1,                 1,                 1,                 0,                 0,                 0,                 0,                 0,                 0,                 0,                 0,                 0,                 0,-0.46807214479938269,-0.52779750971466521,-0.33149770411190449,
1998-01-01,            156949,             84516,53.849339594390536,66.766202695881816,             94679,            378716,38906.867158576519,            369582,           14.5791,0.44047889619973829,10765.342167897881,9726.7167896441297,9.2840871945137504,9.1826316865459177,-0.0008757409125621507,-0.013036275943978382,7.8662105999999996,            215800,            212700,            392300,            346600,           1229400,           2150700,323217.42331664864,318574.35560450028,587572.73015348124,519124.92549374612, 1841350.788811343,0.56163457577709941,1.0358685664191638,1.5975031421962633,-0.34537753884177064,0.56982012906769186, 3.246232004985266,0.91519766790946255,5.6789256329281042,1.7367620657097307,140.47421887742024,4.9450239764020596,-5.2199288901171084,6.7400000000000002,1.3145280208664012, 5.425471979133599,0.061684322817097771,,,,,,-0.10145550796783276,0,0,0,0,0,0,2.3034183079438235e-12,4.2207063457762001e-14,0,             72591,             10175,             11581,              4494,             10387,             13257,             19508,            123911,             29232,54.700000000000003,9159.5742341999994,14694.200000000001,356.64166666666665, 532.0971341047391,195.08299166666669,             84172,8647.2946019489609,9.0650017882249792,9187.0056957965462, 9.125545340255659,0.16594168395057743,            103349,21500.809629492134,81848.190370507858,8408.5612171527755,9.0370056583255245,           1229400,3.7613488515580715,5.6789256329281042,1.7367620657097307, 3.246232004985266,            215800,            346600,-0.34537753884177064,0.56163457577709941,1.0358685664191638,4.4983576083397585,1.5037123542318529,  628.267467415684,,,                 1,                 1,                 1,                 1,                 1,                 0,                 0,                 0,                 0,                 0,                 0,                 0,                 0,                 0,                 0,-0.42595262361446162,-0.48250771312387802,-0.20893376150500839,
1998-04-01,            159469,             86172,54.036834745310998,  66.9986723852994,             95591,            382364,39029.245810745691,            373006,14.622466666666668,0.44080827473357098, 10905.75233544728,9757.3114526864229,9.2970456662099323, 9.185772175546159,0.012958471696181917,0.003140489000241331,7.6039266999999997,            216900,            225300,            404200,            357200,           1260200,           2197300,323737.75819413312,336275.32006057259,603295.53647795576,533144.89270144934,1880932.7933436909,0.58922911152723578,1.0571078867257377,1.6463369982529734,-0.36692784885606383,0.56726051615737882,3.2958123672730695,0.93418836501344271,5.7466184054984257,1.7486115784170499,143.52800624432069, 4.966530181623023,-5.2050389731047924,6.7400000000000002,1.6484805912382772, 5.091519408761723,0.062964295801906031,,,,,,-0.11127349066377334,0,0,0,0,0,0,3.4166329483067179e-12,6.2605234647955515e-14,0,             73701,             10383,             10806,              4512,             10534,             13532,             19630,            125062,             29470,54.899999999999999,9187.2698122000002,14744.799999999999,361.45933333333335,544.98060550191087,198.44117399999999,             84507,8625.9283712082906,9.0625278733486301,9191.6199119473567,9.1260474687984825,0.16725304249092451,            104145,21674.822775903151,82470.177224096842,8418.0226667129664, 9.038130241975141,           1260200,3.8147973501689494,5.7466184054984257,1.7486115784170499,3.2958123672730695,            216900,            357200,-0.36692784885606383,0.58922911152723578,1.0571078867257377,4.5752215166699797,1.5206551164995832,628.29822229263641,,,                 1,                 1,                 1,                 1,                 1,                 0,                 0,                 0,                 0,                 0,                 0,                 0,                 0,                 0,                 0,-0.39923966776640452,-0.46236784799091979,-0.16074130815423512,
1998-07-01,            162633,             87938,54.071436916247009,67.041574593122803,             97746,            390984,39768.899287391905,            377137,14.664633333333333,0.4410097020651878,11090.151134589114,9942.2248218479763,9.3138127082577835,9.2045460997411226,0.016767042047851177,0.018773924194963598,7.9750316999999997,            220100,            230200,            408500,            365500,           1290000,           2242400,328303.74485652091,343369.02347101818,609323.39742793632,  545184.092435522,1924179.1497724303,0.58877089599574406,1.0447997872035684,1.6335706831993124,-0.37188222535960552,0.56293863687516621,3.2993677490639004,0.93482086223477179,5.7352730546518531,1.7466353614186008,143.52800624432069, 4.966530181623023,-5.2244530365154853,6.7400000000000002,1.4569106823876465,5.2830893176123537,0.063006926114623621,,,,,,-0.10926660851666092,0,0,0,0,0,0,5.0901003062817849e-12,9.3269288471521681e-14,0,             75941,             10468,             12680,              4607,             10677,             13071,             21025,            129031,             31284,55.600000000000001,9257.1797939000007,14794.799999999999,374.43266666666665,562.58249683659221,208.18456266666669,             88621,9014.0763400751894,9.1065426722712193,9478.1505809615828,9.1567444898207828,0.16387534778464091,            107886,23231.520812827926,84654.479187172081,8610.6220638728446,9.0607518438099515,           1290000,3.8318308745796932,5.7352730546518531,1.7466353614186008,3.2993677490639004,            220100,            365500,-0.37188222535960552,0.58877089599574406,1.0447997872035684,4.5610562069036078,1.5175542210264898,631.25886501765024,,,                 1,                 1,                 1,                 1,                 1,                 0,                 0,                 0,                 0,                 0,                 0,                 0,                 0,                 0,                 0,-0.39833653120411222,-0.46169972991249131,-0.23739389988465387,
1998-10-01,            164167,             88886,54.143646408839778,67.131105006222199,             96847,            387388,39227.177503906867,            380030,14.710766666666666,0.44109402508187068,11159.649508409941,9806.7943759767168,9.3200598293856647,9.1908307281057926,0.0062471211278811722,-0.013715371635329987,7.3138059000000002,            225000,            255000,            420700,            377500,           1308400,           2293800,335165.04752773751, 379853.7205314358,626684.15775519621,562332.46862987068,1949021.9919346299,0.65825477299245205,1.0859913058742139, 1.744246078866666,-0.39366216816215266,0.58081303499334003,3.3774923332679383,0.97447520315549263,5.9211952874121039,1.7785383351729585,145.90317419635434,4.9829432112643532,-5.1956591904799501, 6.666666666666667,1.1106947518427113,5.5559719148239557,0.064965013543699518,,,,,,-0.12922910127987208,0,0,0,0,0,0,7.6165248323817306e-12,1.3956264297325913e-13,0,             76416,             10624,             10890,              4705,             10810,             13315,             20707,            127972,             31125,55.100000000000001,9262.9224462999991,14850.700000000001,381.29233333333332,578.21595756537818,210.09207566666669,             87306,8840.6661000239892,9.0871175034744152, 9323.730238000353,9.1403180677337144,0.16748976338574062,            106538,22951.789469571468,83586.210530428536,8463.9976389460935,9.0435768751455488,           1308400,3.9198221825835255,5.9211952874121039,1.7785383351729585,3.3774923332679383,            225000,            377500,-0.39366216816215266,0.65825477299245205,1.0859913058742139,4.7280762439724517,1.5535184060254768,629.66959208788114,,,                 1,                 1,                 1,                 1,                 1,0.050000000000000003,                 0,                 0,                 0,                 0,                 0,                 0,                 0,                 0,                 0,-0.34432249104107443,-0.43713482127414438,-0.056325203541775601,
1999-01-01,            167145,             90633,54.224176613120342,67.230952023523358,             98010,            392040,39487.802201874583,            382957,14.767200000000001,0.44108200941996561,11318.665691532586,9871.9505504686458,9.3342084730370107,9.1974527370634025,0.014148643651346049,0.0066220089576098928,7.1189214999999999,            226600,            264200,            435900,            386200,           1367000,           2372000,337047.13852737827,392973.75992468372,648362.08157142182,574437.79743721755,2033289.6662265053,0.67391082542597691,1.1118763391490665,1.7857871645750434,-0.40710131619222528,0.57800224466891137,3.4868890929496992,0.9851035608611366,6.0504030200999894,1.8001248847166369, 148.5045486200103,5.0006155882114314,-5.1860950610594312,6.5199999999999996,0.69608470884356954,  5.82391529115643,0.064228752168146108,,,,,,-0.13675573597360824,0,0,0,0,0,0,1.1396916962642565e-11,2.0883327870168365e-13,0,             77058,             10962,             11405,              4768,             10954,             13078,             20941,            129548,             31538,54.899999999999999,9244.6647543000017,           14891.9,387.40033333333332,592.42412691136565,212.68278299999997,             88463,8910.3393689022341,9.0949676082807205,  9391.14495968544,9.1475224987077812,0.16917281625343503,            107632,23227.352054836818,84404.647945163189,8501.5662763428827,9.0480056933082267,           1367000, 4.029391855422916,6.0504030200999894,1.8001248847166369,3.4868890929496992,            226600,            386200,-0.40710131619222528,0.67391082542597691,1.1118763391490665,4.8655749413325173, 1.582184887757633, 626.0269214407607,,,                 1,                 1,                 1,                 1,                 1,0.14999999999999999,                 0,                 0,                 0,                 0,                 0,                 0,                 0,                 0,                 0,-0.33020535558677655,-0.45034891786177511,-0.068303009463171388,
1999-04-01,            168204,             91709,54.522484602030865,67.600815271678698,            102117,            408468,40789.228569168772,            387218,14.813600000000001,0.44099981799107218,11354.701085489009,10197.307142292193,9.3373871297095885,9.2298789587591052,0.0031786566725777732,0.03242622169570275,6.9796794000000002,            223800,            265000,            461600,            401300,           1380300,           2396900,331061.09608379356,392007.10662290122,682832.00157408009,593631.89391611423,2041839.2802701532,0.64876563157946276, 1.130076285045585,1.7788419166250478,-0.4345505645485081,0.54790093716031607,3.3792120802608774,0.98245150170882423,5.8680239333313748,1.7695179388905797,151.89764569434411,5.0232069104318731,-5.2014162666671595,6.5199999999999996,0.89873853457342889,5.6212614654265707,0.064055837911415336,,,,,,-0.10750817095048326,0,0,0,0,0,0,1.690491122225582e-11,3.0975991562415463e-13,0,             78300,             11113,             12440,              4899,             11116,             12865,             20589,            133324,             31207,55.899999999999999,9269.7756821999992,14927.700000000001,397.84399999999999,607.48374782356643,222.39479599999999,             90740,9061.2106710106418,9.1117580182564488,9629.2589066514174,9.1725615450968334,0.16672917104197293,            111095,22875.213097416818,88219.786902583175,8809.5445721398664,9.0835910231717598,           1380300,3.9236728360605975,5.8680239333313748,1.7695179388905797,3.3792120802608774,            223800,            401300,-0.4345505645485081,0.64876563157946276, 1.130076285045585,4.7235034323374174,1.5525507768780884,625.76117096451901,,,                 1,                 1,                 1,                 1,                 1,0.29999999999999999,                 0,                 0,                 0,                 0,                 0,                 0,                 0,                 0,                 0,-0.33369790442254305,-0.43309525298742169,-0.16525112527632774,
1999-07-01,            170137,             93185,54.770567248746602, 67.90840560427543,            102453,            409812,40611.601998671686,          391236.5,14.859733333333333,0.44086463043493029,11449.532517407222,10152.900499667921,9.3457041799748506,9.2255147071613983,0.0083170502652620826,-0.0043642515977069252,6.6755411000000002,            224800,            264700,            476600,            411400,           1447100,           2471900,331034.13045799272,389789.74347077706,701827.69829305762,605816.01988620206,2130958.5862355931,0.64590592759606846,1.1629722897328532,1.8088782173289215,-0.45533073702087784,0.54854421051604152,3.5311313480327566,1.0038749475369193,6.0317901867197641,1.7970438467319603,154.72522658962231,5.0416508120911319,-5.1831478909822861,6.5499999999999998,1.2929753163070101,5.2570246836929897,0.06575380906366822,,,,,,-0.12018947281345227,0,0,0,0,0,0,2.5184939410055087e-11,4.6148037124565882e-13,0,             78568,             12044,             12907,              5145,             11359,             13679,             21889,            135167,             32713,55.299999999999997,9300.9109076999994,           14964.9,408.94099999999997,623.09304000003181,226.14437299999997,             91475,9065.0012513750044,9.1121762612336195,9608.9508755214629,9.1704503259238379,0.1731413732641843,            111764,23778.108480620271,87985.891519379729,8719.2371328398203,9.0732870283099345,           1447100,4.0829560212975702,6.0317901867197641,1.7970438467319603,3.5311313480327566,            224800,            411400,-0.45533073702087784,0.64590592759606846,1.1629722897328532,4.8846788283408005,1.5861035368319787,625.91371588319214,,,                 1,                 1,                 1,                 1,                 1,               0.5,                 0,                 0,                 0,                 0,                 0,                 0,                 0,                 0,                 0,-0.30564935580922031,-0.40438738245346117,-0.10896391908553946,
1999-10-01,            172442,             94921,  55.0451746094339,68.248883144827104,            104592,            418368,41114.956094503366,          396017.5,           14.9095,0.44067724351523629,11565.914349911131,10278.739023625842,9.3558176333571055,9.2378328684140101,0.010113453382254889,0.012318161252611759,         6.7765274,            229000,            288600,            512400,            425700,           1512800,           2595800,335536.62631233397,422864.06268008554,750781.51669187739,623746.47083476232,2216593.0492807808,0.68982331344653514,1.2247590637907297,1.9145823772372648,-0.47016024170108611,0.54736499923512316,3.6159553311916781,1.0175252409362092,6.2045854367446838,1.8252886052633941,159.81487220112302,5.0740160965931631,-5.1681020167054639,6.7000000000000002, 1.665067390893249,5.0349326091067512,0.068174191142726021,,,,,,-0.1179847649430954,0,0,0,0,0,0,3.7685252720868776e-11,6.9053191406063302e-13,0,             80770,             12472,             11980,              5517,             11540,             13336,             21381,            137245,             32654,55.100000000000001,9376.9303970000001,15014.799999999999,418.18366666666668,639.58742375472457,230.41920033333335,             92750,9114.9709771425823,9.1176735030311811, 9696.855000384212,9.1795568851540992,0.17495719334037671,            113233,23396.240249189406,89836.759750810597, 8828.673399559777,9.0857600444357161,           1512800,4.1667125600747026,6.2045854367446838,1.8252886052633941,3.6159553311916781,            229000,            425700,-0.47016024170108611,0.68982331344653514,1.2247590637907297,5.0603774667278572,1.6214410786846301,628.92319641839094,,,                 1,                 1,                 1,                 1,                 1,0.69999999999999996,                 0,                 0,                 0,                 0,                 0,                 0,                 0,                 0,                 0,-0.28808094480599195,-0.35931076389282662,-0.10308824793671081,
2000-01-01,            172944,             95844,55.419095198445739,68.712496218379599,            106542,            426168,41431.352636310556,            401949,14.969799999999999,0.44043728917919789,11552.859757645394,10357.838159077639,9.3546882833671336,9.2454988221347598,-0.0011293499899718284,0.0076659537207497408,6.7668689999999998,            228800,            294500,            531800,            435700,           1522100,           2622400,332981.64466742118,428597.44036081969,773949.46955478401,634091.35743704287,2215172.0338648679,0.69104203037299849,1.2478646918586098,1.9389067222316083,-0.48548929060839857,0.53687747554954857,3.5715961780330763,1.0223667661579472,6.1534418351448252,1.8170115732649219,162.75555633221234,5.0922494207960032,-5.1643046546219269,7.1333333333333329,2.2036638635399175,4.9296694697934154,0.072928829319266891,,,,,,-0.10918946123237383,0,0,0,0,0,0,5.6389981707080451e-11,1.0332710859382468e-12,0,             82130,             13030,             12617,              6133,             11715,             13682,             21219,            139856,             33314,54.399999999999999,9374.1501344000008,15066.299999999999,420.29166666666669,654.87305329132903,228.63866666666669,             94747,9211.1476418513739,9.1281697297221545,9784.4929004645055,9.1885540543139825,0.17693198718682074,            115111,23426.680163882851,91684.319836117153,8913.3989092340416,9.0953109190176846,           1522100,4.1080950861319172,6.1534418351448252,1.8170115732649219,3.5715961780330763,            228800,            435700,-0.48548929060839857,0.69104203037299849,1.2478646918586098,5.0250136096562859,1.6144281623307823,626.20409988109407,,,                 1,                 1,                 1,                 1,                 1,0.84999999999999998,                 0,                 0,                 0,                 0,                 0,                 0,                 0,                 0,                 0,-0.28188523804579924,-0.27230837310893691,-0.1519644644533597,
2000-04-01,            174411,             97433,55.864022338040606,69.264148212830136,            105491,            421964,40561.439109472711,            406899,15.019433333333332,0.44014667870315743,11612.355548256372,10140.359777368178,9.3598249437126579,9.2242787575185172,0.005136660345524291,-0.021220064616242595,6.3764747000000002,            230400,            305900,            555300,            454400,           1542600,           2656700,332639.62084979756,441642.62160569913, 801713.4611887699,656039.25223154516,2227126.2114709103,0.72494336009706994,1.3159890417191988,2.0409324018162689,-0.53085097306879259,0.54601814372790092,3.6557621029282119,1.0768691167966935,6.2960347328208091,1.8399200277486798,166.60106634979067,5.1156021303712658,-5.1277282328012612,7.7166666666666668,2.4605220136276751,5.2561446530389917,0.083098400179478185,,,,,,-0.13554618619414072,0,0,0,0,0,0,8.4009803655742531e-11,1.5393674271095241e-12,0,             83113,             13555,             13791,              6804,             11871,             13276,             24715,            142932,             37441,54.299999999999997,9478.3716251000005,15119.299999999999,427.79399999999998,674.99957853733792,232.29214199999998,             96904,9314.9313578038491,9.1393739140127082,9727.6455675860125,9.1827271692891212,0.17788878627599139,            117506,26240.478647188873,91265.521352811134,8772.9305986916661,9.0794261913130594,           1542600,4.2062643780038105,6.2960347328208091,1.8399200277486798,3.6557621029282119,            230400,            454400,-0.53085097306879259,0.72494336009706994,1.3159890417191988,5.1658435316756881,1.6420684061150108,631.07385044042951,,,                 1,                 1,                 1,                 1,                 1,0.94999999999999996,                 0,                 0,                 0,                 0,                 0,                 0,                 0,                 0,                 0,-0.21438681461147893,-0.13285124129085732,0.096873807350131777,
2000-07-01,            176367,            100936,57.230661064711654,70.958603129533813,            114682,            458728,42904.917414816366,            415367,15.067566666666668,0.43979871518573094,11705.075139316898,10726.229353704091,9.3677777993249016,9.2804473622812633,0.0079528556122436811,0.056168604762746099,         5.9543149,            238300,            297900,            567600,            461800,           1562100,           2684100,335829.60978669085,419822.24404303485,799903.00677685987,650801.98824798083,2201424.3955005864,0.64940444010393961,1.2373345424739715,1.8867389825779111,-0.48721682565703422,0.51947995326206375,3.4052859210686943,1.0066967789190979,5.8511797840986377,1.7666433134060948,166.37485987816842,5.1142434345100733,-5.209424755388314,7.9833333333333334,4.4916347219707831,3.4916986113625503,0.080367959517041329,,,,,,-0.087330437043638298,1,0,0,0,0,0,1.2515781875656708e-10,2.293349836159862e-12,0,             84691,             14632,             14125,              7063,             11882,             13503,             18409,            146008,             31327,54.399999999999999,9561.2737211000003,           15176.9,438.16199999999998,697.31107155395239,238.36012799999997,             98816,9242.2793447587537,9.1315438165478451,9984.2543492314217,9.2087645659689468,0.18159278943619528,            119494,20921.058339269082,98572.941660730925,9219.5460518851523,9.1290810801850952,           1562100, 3.924896949826477,5.8511797840986377,1.7666433134060948,3.4052859210686943,            238300,            461800,-0.48721682565703422,0.64940444010393961,1.2373345424739715,4.8048080779895708,1.5696170994787761,634.55990822008414,,,                 1,                 1,                 1,                 1,                 1,                 1,                 0,                 0,                 0,                 0,                 0,                 0,                 0,                 0,                 0,-0.30195175272897878,-0.22755609003651706,-0.40543478525198173,
2000-10-01,            177440,            101881,57.417155094679892,71.189831558707127,            112084,            448336,41654.287275065013,          422985.5,           15.1191,0.43937255032611983,11736.148315706623,10413.571818766253,9.3704289574139423,9.2508652169534447,0.002651158089040706,-0.029582145327818665,6.0099461999999999,            242100,            311500,            571600,            473400,           1580600,           2710900,340076.65799904411,437562.49056878244,802923.65845623135, 664982.6100650453,2220260.9072006983,0.69479140644516613,1.2749366546518683,1.9697280610970345,-0.51590771207308805,0.53999678812319329,3.5254808893330001,1.0559045001962815, 6.046581135576889,1.7994930107551472,170.33347313155787,5.1377581222684743,-5.1595812628489428,8.0700000000000003,4.3091524408380488,3.7608475591619515,0.085211493165839897,,,,,,-0.11956374046049767,0,0,0,0,0,0,1.87278752305308e-10,3.4316329591614705e-12,0,             85801,             14669,             14347,              7184,             11953,             12615,             20982,            146590,             34506,55.399999999999999,9533.4050418999996,           15236.1,440.34500000000003,714.35055414409214,243.95113000000001,            100148,9304.6143116395106,9.1382657186352958,9859.0930652028819,9.1961494621494033,0.18160856811515111,            119968,23511.489023807899,96456.510976192105,8961.6430930212337,9.1007088700742997,           1580600,4.0696065673958817, 6.046581135576889,1.7994930107551472,3.5254808893330001,            242100,            473400,-0.51590771207308805,0.69479140644516613,1.2749366546518683,4.9793012383569462,1.6052895676087473,630.55373943554844,,,                 1,                 1,                 1,                 1,                 1,                 1,                 0,                 0,                 0,                 0,                 0,                 0,                 0,                 0,                 0,-0.23993533290206015,-0.18686667123125955,-0.1821574455737239,
2001-01-01,            179005,            103698,57.930225412697972,71.825972263645397,            114823,            459292,42098.235106467619,            431392,15.189500000000001,0.43885246256160881,11784.785542644589,10524.558776616905,9.3745646177201056,9.2614667362102772,0.0041356603061633024,0.010601519256832503,6.1377297999999998,            245500,            313500,            578100,            483200,           1663800,           2797000,341798.36661154317, 436471.6412738036,804862.06003312871,672737.15171770938,2316432.2703392482, 0.682572306941989,1.2586763975858495,1.9412487045278386,-0.51753568535920502,0.53451834562761813,3.6225320711007378,1.0520540309868232,6.0898077911219879,1.8066165198316142,174.06587991332506,5.1594338477475148,-5.1574032049314065,7.6533333333333333,4.5311642228375248,3.1221691104958085,0.080517201838191527,,,,,,-0.11309788150982847,0,0,0,0,0,0,2.8023284052408474e-10,5.1348924532662272e-12,0,             87374,             14311,             15134,              6837,             12108,             13530,             22031,            149728,             34905,55.299999999999997,9543.6607946000004,           15295.9,448.58566666666667,732.60205697290428,248.06787366666663,            102508,9395.7784683682348,9.1480157682731242,9960.1686224925688,9.2063492804044671,0.17644662321008764,            123309, 24180.70444405856, 99128.29555594144,9085.9982146813618, 9.114489849828173,           1663800,4.1626413559710747,6.0898077911219879,1.8066165198316142,3.6225320711007378,            245500,            483200,-0.51753568535920502, 0.682572306941989,1.2586763975858495,5.0462450902693714,1.6186444202381685,628.30644817801772,,,                 1,                 1,                 1,                 1,                 1,                 1,                 0,                 0,                 0,                 0,                 0,                 0,                 0,                 0,                 0,-0.24466291787840821,-0.3027915274539893,-0.28197569459952115,
2001-04-01,            180066,            105146,58.393033665433784,72.399794521155599,            117263,            469052,42491.318524034708,            438965,15.246966666666667,0.43823434667028038,11809.955641449993,10622.829631008677,9.3766981531682649,9.2707607029039423,0.0021335354481593072,0.0092939666936651122,6.7824857999999999,            245400,            334100,            606200,            498900,           1718200,           2907100,338951.23822249635,461465.39808531391, 837295.1940117249,689090.35350123653,2373211.1553133386,0.7122877634036312,1.2923940202792015,2.0046817836828326,-0.54045180491715206,0.52318293067719568,3.6631332986534542,1.0636347355943478,6.1978202843181567,1.8241976631914052,180.28655788293707, 5.194547573258796,-5.1395407660590031,6.8200000000000003, 4.527084197571396,2.2929158024286043,0.072539888967534522,,,,,,-0.10593745026432266,0,0,0,0,0,0,4.1566603543159486e-10,7.6165248323817306e-12,0,             88597,             13860,             14752,              6134,             12255,             14140,             21218,            150865,             33602,55.899999999999999,9670.8411228999994,           15355.6,461.91199999999998,749.30187342232205,258.20880799999998,            103349,9362.3634013722622,9.1444530377454498,9992.5965161904696,9.2095997494020256,0.17310177973685081,            124750,23795.126437543498, 100954.8735624565,9145.4800088177635,9.1210150481098964,           1718200,4.2136240928511119,6.1978202843181567,1.8241976631914052,3.6631332986534542,            245400,            498900,-0.54045180491715206,0.7122877634036312,1.2923940202792015,5.1273632774191347,1.6345915460392455,634.27967898970064,,,                 1,                 1,                 1,                 1,                 1,                 1,                 0,                 0,                 0,                 0,                 0,                 0,                 0,                 0,                 0,-0.23043007209992555,-0.43381703524546594,-0.28925604254039439,
2001-07-01,            180526,            105625,58.509577567774173,72.544293856992155,            119930,            479720,43228.744510910692,          447703.5,           15.2972,0.43749241684866297,11801.244672227596,10807.186127727673,9.3759602855883131,9.2879665740407304,-0.00073786757995186747,0.017205871136788176,6.8801347000000002,            250500,            324200,            584900,512799.99999999994,           1823000,           2975800,345306.27659539296,446899.38072745065,806266.03265726683, 706878.4775972754,2512947.4739856343,0.67581088968564995,1.2192528975235555,1.8950637872092053,-0.54677728675060444,0.5221796047694488,3.8001334111565082,1.0689568915200534,6.2032018677561913,1.8250655890300767,189.67412645526065,5.2453074757318445,-5.1079805984991102,6.7366666666666672,2.2346701562933724,4.5019965103732948,0.072012062592067591,,,,,,-0.08799371154758262,0,0,0,0,0,0,6.192593251442669e-10,1.1347099898818013e-11,0,             89549,             13596,             14644,              6353,             12462,             16143,             21330,            153959,             34029,54.799999999999997,9691.2236618000006,15417.700000000001,473.94533333333334,763.66387233780949,259.72204266666665,            104193, 9389.086502179016,9.1473032833569121,10098.136314953344,9.2201061625308913,0.16925285303230081,            127901,24065.836644821022,103835.16335517899, 9356.840965416719,9.1438630088096531,           1823000,4.3415368186997974,6.2032018677561913,1.8250655890300767,3.8001334111565082,            250500,512799.99999999994,-0.54677728675060444,0.67581088968564995,1.2192528975235555,5.1484199116151093,1.6386898543202018,633.52925122244596,,,                 1,                 1,                 1,                 1,                 1,                 1,                 0,                 0,                 0,                 0,                 0,                 0,                 0,                 0,                 0,-0.22393779536470612,-0.33517272584118585,-0.33346202911152717,
2001-10-01,            181898,            107482,59.089159858821979, 73.26290078912011,            124554,            498216,44292.954783748377,          457684.5,15.353200000000001,0.43666245487519034,11847.562723080529,11073.238695937094,9.3798774480316141,9.3122865480391539,0.0039171624433009811,0.02431997399842345,7.1936647999999996,257399.99999999997,            344100,            618000,            531500,           1845600,           3052400, 351337.4398604554,469678.37240086525, 843537.4430216063,725469.49994495756,2519146.7715868554,0.69066429018738862,1.2404258393949612,1.9310901295823499,-0.55016298151805643,0.5166433835926586,3.7044173611445639,1.0668063651107151,6.1266599226038503,1.8126497274868749,196.79963031136168,5.2821861061172104,-5.1052789694316028,6.2366666666666672,2.9120299697624752,3.3246366969041921,0.066533156970738264,,,,,,-0.067590899992460152,0,0,0,0,0,0,9.266230019841883e-10,1.6979128691813003e-11,0,             90569,             13261,             15730,              6007,             12704,             18065,             21058,            158184,             33630,54.100000000000001,9747.1581134999997,15477.200000000001,494.87433333333331,785.84603093930275,267.72701433333333,            106299,9450.3123154568875,9.1538030691963712,10261.775505696991,9.2361811549906463,0.16414428766499772,            132219,24166.449590350479,108052.55040964953,9606.2084107361043,9.1701648778811631,           1845600, 4.241788730858369,6.1266599226038503,1.8126497274868749,3.7044173611445639,257399.99999999997,            531500,-0.55016298151805643,0.69066429018738862,1.2404258393949612,5.0853445092088574,1.6263627772958269,634.86166489722007,,,                 1,                 1,                 1,                 1,                 1,                 1,                 0,                 0,                 0,                 0,                 0,                 0,                 0,                 0,                 0,-0.22654027191192871,-0.44641845294243226,-0.42116966348390467,
2002-01-01,            184204,            109464,59.425419643438794,73.679819345732056,            124829,            499316,43959.656448481699,            466828,15.416033333333333,0.43580397242490243,11948.858439589951,10989.914112120425,9.3883910247287741,9.3047332322734455,0.0085135766971600191,-0.0075533157657083905,6.9156417000000001,            262800,            360000,            630600,            552700,           1903100,           3133000,356678.39896138781,488600.54652244912,855865.29065849003,750137.56128599332,2582932.5002413136,0.72098630927108287,1.2629276850731801, 1.983913994344263,-0.58059425293801925,0.52632000576789051,3.8114140143716604,1.1069142587059098,6.2745836304063962,1.8365071290962458, 204.2644438748961,5.3194154478855662,-5.0661708995871235,6.0700000000000003,2.5810260880032354,3.4889739119967649,0.067189695503448721,,,,,,-0.083657792455328561,0,0,0,0,0,0,1.3865438158321954e-09,2.5406563236688597e-11,0,             91705,             13372,             15246,              6199,             12922,             17948,             21616,            159187,             34358,54.200000000000003,9758.0544695999997,           15544.1,508.34899999999999,803.68634177660624,275.52515800000003,            106951,9415.9394387954053,9.1501592171857205,10202.926775457916,  9.23042989688369,0.16517680463856974,            132893,24588.538190932675,108304.46180906732,9535.0978798282176,9.1627347833020423,           1903100,4.3632191998654157,6.2745836304063962,1.8365071290962458,3.8114140143716604,            262800,            552700,-0.58059425293801925,0.72098630927108287,1.2629276850731801,5.2147337557779041,1.6514880336073507,632.98088805377949,,,                 1,                 1,                 1,                 1,                 1,                 1,                 0,                 0,                 0,                 0,                 0,                 0,                 0,                 0,                 0,-0.17852830483535378,-0.38104804880060428,-0.26305313533941882,
2002-04-01,            187100,            111752,59.728487439871728,74.055584138385953,            120942,            483768,42239.168497413244,          474553.5,           15.4655,0.43498649155356622,12097.895315379392,10559.792124353311,9.4007867755776271,9.2648088718726811,0.012395750848853027,-0.039924360400764414,6.3455504999999999,            263000,            366200,            630700,            583200,           2007800,           3225900,355138.64762519189,494493.43254884135,851657.58576885378,787516.57526620501,2711206.7555203815,0.75697441748937511,1.3037240991549668,2.0606985166443419,-0.66188751633014176,0.54364902184518193,4.1503365249458417,1.2055365381753238,  6.66827900977328, 1.897361807110522,214.33063186208645,5.3675198314251622,-4.9832291638264889,6.3200000000000003,2.2870087245158155,4.0329912754841848,0.076189909212680457,,,,,,-0.135977903704946,0,0,0,0,0,0,2.0566439304299912e-09,3.7685252720868776e-11,0,             93157,             13970,             15288,              7121,             13102,             18980,             27785,            162687,             41745,53.799999999999997,9737.5446393999991,           15597.9,498.13233333333335,841.32657580153216, 267.9951953333333,            108445,9468.6432912097935,9.1557409120530746,10014.217707781552,9.2117611329952496,0.16640542882959303,            135615, 30000.42515996976,105614.57484003024,9221.5107705567534, 9.129294161105344,           2007800,4.7043111477678003,  6.66827900977328, 1.897361807110522,4.1503365249458417,            263000,            583200,-0.66188751633014176,0.75697441748937511,1.3037240991549668,5.5491475252600422, 1.713644316908556,629.63012119879727,,,                 1,                 1,                 1,                 1,                 1,                 1,                 0,                 0,                 0,                 0,                 0,                 0,                 0,                 0,                 0,-0.067548377321447556,-0.20451672538607232,0.20089631138765102,
2002-07-01,            189666,            114311,60.269631879198172,74.726533115587202,            123723,            494892,42691.617195270359,            479074,           15.5129,0.43422207123293727,12226.340658419767, 10672.90429881759, 9.411347973640682,9.2754635002118686,0.010561198063054889,0.010654628339187511,6.1799023000000002,            276100,            367500,            622400,            609800,           2127000,           3320600,369480.54257104069,491793.18868112081,832903.62077586283,816042.14002108155,2846378.5369380787,0.7425862612448777,1.2576481333301004,2.0002343945749779,-0.67428853163922631,0.55789950130533528, 4.297907422225455,1.2321880329445616,6.7097467730333085,1.9035612115282929,222.47406484048759,5.4048105322976943,-4.9656123677748258,6.5700000000000003,3.0081473573882134,3.5618526426117869,0.080954753764457696,           11009.5,             24529,             64722,-3.773096537553835,0.27483165454728797,-0.13588447342881338,0,0,0,0,0,0,3.0639884494629652e-09,5.6143495457610591e-11,0,             94813,             14641,             15397,              7748,             13201,             16871,             24481,            163188,             39465,54.299999999999997,9770.9003372000006,15649.799999999999,510.96233333333333,867.72908620149576,277.45254699999998,            110210,9507.2119393539324,9.1598059410898163,10090.058119085761,9.2193058733990298,0.1706130352722014,            135346,27540.222283501236,107805.77771649876,9299.8128757611194,9.1377495580530184,           2127000,4.8585399380066754,6.7097467730333085,1.9035612115282929, 4.297907422225455,            276100,            609800,-0.67428853163922631,0.7425862612448777,1.2576481333301004,5.6238532851612071,1.7270170668923392,629.85646379464833,,,                 1,                 1,                 1,                 1,                 1,                 1,                 0,                 0,                 0,                 0,                 0,                 0,                 0,                 0,                 0,-0.03908196403327184,-0.43000183752826782,0.26568346189220654,
2002-10-01,            190589,            115586,60.646731972988995,75.194088363029763,            124965,            499860,42703.958130319297,          485514.5,15.566700000000001,0.43351113306594219,12243.378493836201,10675.989532579824,9.4127405387178538,9.2757525300611974,0.0013925650771717812,0.00028902984932877018,         6.1283509,            286400,            381400,            639700,            627000,           2148500,           3381000,380881.00572120585,507220.72479772317,850731.77150787495,833842.14590501424,2857272.4887989205,0.7630136438202697,1.2797583323330533,2.0427719761533227,-0.68139078942103792,0.57296042892009758,4.2982034969791538,1.2543512183411356,6.7638938902892809,1.9115987434930131,233.10576900673357,5.4514922947990945,-4.9254570260658426,6.5700000000000003,2.6359693011178686,3.9340306988821316,0.082410875045012613,           10978.6,             23090,             65802,-3.7892612300045467,0.2597534086306979,-0.13698800865665639,0,0,0,0,0,0,4.584770961631846e-09,8.4009803655742531e-11,0,             95602,             15217,             15852,              7828,             13361,             16402,             24965,            164855,             39890,54.100000000000001,9837.5740207000017,             15708,527.02099999999996,886.56977914363711,285.11836099999999,            111454, 9521.719980507758,9.1613307816879157,10098.854756543791,9.2201773059589591,0.17335233993509447,            136277,27734.258833520365,108542.74116647964,9273.0057898680261,9.1348628551791986,           2148500,4.8685999299803946,6.7638938902892809,1.9115987434930131,4.2982034969791538,            286400,            627000,-0.68139078942103792,0.7630136438202697,1.2797583323330533,5.6595846837114383,1.7333505120866941, 631.9627166130266,,,                 1,                 1,                 1,                 1,                 1,                 1,                 0,                 0,                 0,                 0,                 0,                 0,                 0,                 0,                 0,-0.015893150945314318,-0.46883909574676702,0.30577774524589918,
2003-01-01,            191715,            117253,61.160055290405026,75.830542754434987,            127693,            510772,43086.988966292651,          491949.5,           15.6328,0.43285027548220967,12263.637991914436,10771.747241573163,9.4143939021703282,9.2846819892645485,0.0016533634524744656,0.0089294592033510867,6.0824389999999999,            290900,            386100,            632900,            648500,           2235800,           3455800,383618.51232165494,509161.59370020963,834624.11979503417,855196.30539908295,2948416.1906110561,0.75591457636675463,1.2391047277454519,1.9950193041122066,-0.7001166861143524,0.56953004471662505,4.3772955447831912,1.2696467308309773,6.7658368117281293,1.9118859511980288,241.02299551351248,5.4848923460072525,-4.9094149685922801,6.5700000000000003,2.9190128691968686,3.6509871308031316,0.083415790215595212,           12179.5,             22989,             70566,-3.6986218584117867,0.24572711239377906,-0.12971191290577977,0,0,0,0,0,0,6.8603798941997444e-09,1.2570729792745854e-10,0,             97311,             15627,             15635,              7938,             13518,             16198,             24263,            167168,             39475,              54.5,9986.1035573000008,15777.799999999999,543.06733333333329, 908.2773849542948,295.97169666666667,            112946,9527.7404708693684,9.1619628720904149,10149.743856221266,9.2252037483112357,0.17434556852986219,            138023,27306.853470759954,110716.14652924004,9339.6376150137548,9.1420227312211146,           2235800,4.9567550622717507,6.7658368117281293,1.9118859511980288,4.3772955447831912,            290900,            648500,-0.7001166861143524,0.75591457636675463,1.2391047277454519,5.6721981627810454,1.7355767256401786,638.79174282917973,,,                 1,                 1,                 1,                 1,                 1,                 1,                 0,                 0,                 0,                 0,                 0,                 0,                 0,                 0,                 0,-0.00011677499378356339,-0.43379005703046852,0.3107100662460946,
2003-04-01,            193173,            118070,61.121378246442305,75.782588232126216,            129477,            517908,43570.836093008831,          498056.5,           15.6851,0.43224053948896535,12315.700888103996,10892.709023252208,9.4186302223012728,9.2958489474565216,0.0042363201309445486,0.011166958191973109,6.0295833999999999,            297400,            408000,            664800,            680300,           2357000,           3629600,392438.43069736223,538382.24520687212,877246.36424884468,897699.61130939983,3110213.1175308768,0.78778470307467741,1.2836256632452097,2.0714103663198871,-0.73932049707670089,0.57423326150590448,4.5510013361446431,1.3135537585826054,7.0081945055878654,1.9470801080417222,253.12504174530315,5.5338836027805058,-4.8709580793693341,6.5700000000000003,2.3320376360991935,4.2379623639008068,0.086300481938877169,13117.799999999999,             22351,             73482,-3.6367434378757566,0.23322863731699936,-0.12278127484475121,0,0,0,0,0,0,1.0175919773625105e-08,1.8646013814978471e-10,0,             99222,             16105,             15799,              8097,             13697,             15503,             23895,            168855,             39377,54.799999999999997,9958.4513774000006,           15834.4,558.90766666666661,930.56144339800494,306.28140133333329,            115021,9676.5470667646932,9.1774604086563443, 10284.62804500845,9.2384056366308052,0.17649462556631429,            139053, 27062.66092209292,111990.33907790708,9421.5820338051763,9.1507582976100466,           2357000,5.1423832057688497,7.0081945055878654,1.9470801080417222,4.5510013361446431,            297400,            680300,-0.73932049707670089,0.78778470307467741,1.2836256632452097,5.8830912053878288,1.7720823389727232,634.89881335790017,,,                 1,                 1,                 1,                 1,                 1,                 1,                 0,                 0,                 0,                 0,                 0,                 0,                 0,                 0,                 0,0.044096342456763832,-0.38868153924608417,0.45426935468479646,
2003-07-01,            195769,            119986, 61.28958108791484,75.991137957942129,            131183,            524732,43890.117108087135,            503683,15.732866666666666,0.4316490734318264,12443.313996601595,10972.529277021784,9.4289387292560498,9.3031500897768087,0.01030850695477703,0.0073011423202871129,         6.1281013,            309700,            427300,            681500,            707600,           2477200,           3797300, 407547.5224116341,562302.40983691067,896815.10017284029,931161.21039222565,3259853.8021249594,0.81432045310749102,  1.29875822324539, 2.113078676352881,-0.75829185184055858,0.59020604803976129,4.7208860904233019,1.3484978998803199,7.2366465166980474,1.9791579107914128, 261.6077844311377,5.5668463761400746,-4.8480446164393269,6.5700000000000003,1.6923103342675327,4.8776896657324675,0.088596312022137011,16164.299999999999,             22181,             76388,-3.4391419951274567,0.22503018190303239,-0.12578863947924113,0,0,0,0,0,0,1.5160086811204826e-08,2.7778834325497151e-10,0,            100319,             16435,             16401,              8817,             14051,             17399,             25832,            173147,             41965,54.200000000000003,9953.0909842000001,           15886.5,567.51566666666668,950.88262347081206,307.59349133333336,            116720,9762.8017137432653,9.1863346990474106,10367.665495382524,9.2464471548947493,0.1760700445286375,            142661,28599.758609736236,114061.24139026376,9540.4153779690823,9.1632923041620842,           2477200,5.3070776917232667,7.2366465166980474,1.9791579107914128,4.7208860904233019,            309700,            707600,-0.75829185184055858,0.81432045310749102,  1.29875822324539,6.0756729149356232,1.8042927509829398,632.63047956083449,,,                 1,                 1,                 1,                 1,                 1,                 1,                 0,                 0,                 0,                 0,                 0,                 0,                 0,                 0,                 0,0.078249674424858279,-0.27958622808899541,0.54990481447721751,
2003-10-01,            200296,            123298,61.557894316411712,76.323811590241874,            134503,            538012,44655.828831445564,          508657.5,15.785333333333334,0.43106376148259012,12688.740603091477,11163.957207861391,9.4484703125282934,9.3204457616016967,0.01953158327224358,0.017295671824888004,5.7835264000000004,            321000,            448300,            713100,            740200,           2573700,           3940900,420576.47975358763,587365.84384278301,934308.68446194194,969815.29692712019,3372080.0185103067,0.83325278990059704,1.3254351204062362, 2.158687910306833,-0.77916477699382169,0.59664096711597514, 4.783722296156963,1.3758057441097968,7.3249295554745988,1.9912835378568325,271.46546906187621,5.6038349455094156,-4.832719959337191,6.8200000000000003,1.5024096332652004,5.3175903667347999,0.093829951748288135,           16277.6,             21147,             73045,-3.4419849724845011,0.22450951248513673,-0.1280245509265967,0,0,0,0,0,0,2.2684656459039726e-08,4.1566603543159486e-10,0,            102118,             16691,             16978,              9156,             14226,             18794,             26272,            177506,             43003,53.700000000000003,10011.066993500001,           15942.9, 589.6393333333333,988.37980579416467,316.63632200000001,            119096,9885.1523581441343,9.1987891485505937,10524.554783002763,9.2614663567535231, 0.174174394104988,            146589,29271.090318073755,117317.90968192625,9737.5681092969844,9.1837466846908171,           2573700,5.3722525185311856,7.3249295554745988,1.9912835378568325, 4.783722296156963,            321000,            740200,-0.77916477699382169,0.83325278990059704,1.3254351204062362,6.1632454294699741,1.8186034942392701,634.20054439775322,,,                 1,                 1,                 1,                 1,                 1,                 1,                 0,                 0,                 0,                 0,                 0,                 0,                 0,                 0,                 0, 0.104330818250255,-0.20303365023302264,0.60731943033595626,
2004-01-01,            204222,            126281,61.835159777105304,76.667584830334945,            137028,            548112,45115.428490964048,            514757,15.846466666666668,0.43047786965482104,12887.541702251185,11278.857122741012,9.4640163641881614,9.3306852010130044,0.015546051659867999,0.010239439411307671,5.5315120999999996,            323500,            470100,            739200,            769200,           2632300,           4040200,421951.46842815541,613166.56973130093,964162.36618884839,1003292.3323491102, 3433393.664121896,0.85767142481828529,1.3486294771871443,2.2063009020054296,-0.81315497562541961,0.59020784073328081,4.8024856233762439,1.4033628163587004,7.3711212306973755,1.9975698290529593,270.32804391217564,5.5996361989630659,-4.8516521734129583,7.0700000000000003,1.1038323681930917,5.9661676318069086,0.099217751116560129,             14225,             18264,             64919,-3.5886939646374265,0.21956409362489931,-0.13333116317515703,0,0,0,0,0,0,3.3943976914593865e-08,6.2197805341676925e-10,0,            104302,             17726,             17534,             10570,             14356,             19290,             26561,            181976,             44947,                54,10014.475851699999,           16008.4,            604.62,1017.6224476938571,          326.4948,            121836,10028.394462491417,9.2131757946125781,10653.625792616214,9.2736555632085285,0.17629797335912428,            149894,29694.349529608298, 120199.6504703917,9893.7055482015166,9.1996540307021366,           2632300,5.3981573109145575,7.3711212306973755,1.9975698290529593,4.8024856233762439,            323500,            769200,-0.81315497562541961,0.85767142481828529,1.3486294771871443,6.1956315497562535,1.8238444549627437,631.96901002326479,,,                 1,                 1,                 1,                 1,                 1,                 1,                 0,                 0,                 0,                 0,                 0,                 0,                 0,                 0,                 0,0.13011973443059782,-0.22699144393174822,0.66427553363932679,
2004-04-01,            205404,            127401,62.024595431442428,76.902460492517008,            142774,            571096,46723.043042100377,            525673,15.894166666666667,0.42988468910568262,12923.231793634981,11680.760760525094,9.4667818848833303,9.3656983878677167,0.0027655206951688882,0.03501318685471233,5.5071643000000003,            329400,            488800,            787800,            799200,           2663100,           4129200,428334.79955046723, 635610.3522169654,1024414.5570305346,1039238.5300568714,3462958.1198629304,0.85589813271323911,1.3794528415537843,2.2353509742670234,-0.8226287699441075,0.57678568927115581,4.6631389468670763,1.3994144592152633,7.2303080392788601,1.9782816409724617,267.67405189620752,5.5897700160420118,-4.8995904189587636,7.0700000000000003,1.4777434850345328,5.5922565149654675,0.098938602266519113,           12936.5,             19342,             61926,-3.7046265730629115,0.23800265787271743,-0.10108349701561359,0,0,0,0,0,0,5.0569741330494252e-08,9.266230019841883e-10,0,            105864,             18367,             20053,             10690,             14638,             20477,             27015,            188470,             45695,53.899999999999999,10063.073172599999,16060.700000000001,616.30566666666664,1052.4957090801327,332.18875433333335,            125917,10301.640023274813,9.2400583871033444,10991.200391899954,9.3048502672655307,0.17512070886613254,            155465,30274.114049981428,125190.88595001856,10242.234497740128,9.2342750874585118,           2663100,5.2448077982218981,7.2303080392788601,1.9782816409724617,4.6631389468670763,            329400,            799200,-0.8226287699441075,0.85589813271323911,1.3794528415537843,6.0758611511899927,1.8043237324628683,633.12996419650813,,,                 1,                 1,                 1,                 1,                 1,                 1,                 0,                 0,                 0,                 0,                 0,                 0,                 0,                 0,                 0,0.12647896445145559,-0.26871723524443997,0.57949069900880867,
2004-07-01,            207829,            129169, 62.15157653647951,77.059900607127744,            141689,            566756,46129.770284899285,            534656,           15.9436,0.42927107600621389,13035.261797837376,11532.442571224821,9.4754134103881942,9.3529194356861982,0.0086315255048639017,-0.012778952181518477,5.5506571999999998,            337900,            507900,            802800,            824900,           2727800,           4230400,438490.05427959969,659097.65779404761,1041786.9653023458,1070465.9537592239,3539843.6521571237,0.89615284178729471,1.4164825780406383,2.3126354198279331,-0.85927630232410424,0.59620012845033843,4.8130059496502904,1.4554764307744426,7.4642350500038814,2.0101229542072829,267.67405189620752,5.5897700160420118,-4.8888566441616916,7.0700000000000003,1.4064306416586847,5.6635693583413156,0.1029021836557531,           12627.6,             21670,             61512,-3.7457386548820257,0.26051309177466281,-0.12249397470199597,0,0,0,0,0,0,7.5338806759227085e-08,1.3804830941562638e-09,0,            108168,             18544,             17830,             11220,             14899,             20497,             28225,            189249,             47560,54.100000000000001,     10098.4098846,16114.700000000001,628.88366666666661,  1088.32199527278,340.22606366666668,            125998,10255.310568139976,9.2355509546056869,10893.876569682398,9.2959561277603218,0.17671427590106156,            155806,31352.239562692535,124453.76043730747,10129.620824596264,9.2232191656039966,           2727800,5.4133102493254004,7.4642350500038814,2.0101229542072829,4.8130059496502904,            337900,            824900,-0.85927630232410424,0.89615284178729471,1.4164825780406383,6.2663650671541191, 1.835196452427835,633.38329389849218,,,                 1,                 1,                 1,                 1,                 1,                 1,                 0,                 0,                 0,                 0,                 0,                 0,                 0,                 0,                 0,0.1775445472377602,-0.19701106716790273,0.76083793343856576,
2004-10-01,            210683,            131617,62.471580526193378,77.456664084668191,            145706,            582824,47028.820266676164,          545026.5,15.999799999999999,0.42864799842945439,13167.852098151228,11757.205066669041, 9.485533690939377,9.3722215288070672,0.010120280551182859,0.019302093120868946,5.1227130000000001,            346800,            530700,            844000,            851000,           2793500,           4361100,447734.23190664593,685157.31508897629,1089641.5563125985,1098678.8677986034,3606532.8051649807,0.91056648319218148,1.4481215598534034,2.3586880430455848,-0.86509821146692656,0.59503383525729892,4.7930421533773488,1.4601320467242256,7.4827048989060163,2.0125943441193401,272.22375249500993,5.6066243475969939,-4.8964399632045366,7.0700000000000003,1.4842713837566635,5.5857286162433368,0.10323133570340273,             12980,             22716,             63166,-3.7374247060584098,0.26450245685941176,-0.11331216213230988,0,0,0,0,0,0,1.1273252716841111e-07,2.0656731945282839e-09,0,            110473,             19344,             18315,             11619,             15246,             21217,             28600,            194172,             48467,53.899999999999999,     10166.3964308,           16175.6,           644.827,1128.2771846875494,347.56175300000001,            128788,10392.069826405039,9.2487982775739201,11074.637446537039,9.3124128581731647,0.17814102960262035,            159582,31753.166553365059,127828.83344663493,10314.673440113442,9.2413227662658066,           2793500,5.3893829921211207,7.4827048989060163,2.0125943441193401,4.7930421533773488,            346800,            851000,-0.86509821146692656,0.91056648319218148,1.4481215598534034,6.2866319849560073, 1.838425471812972,635.40771952149407,,,                 1,                 1,                 1,                 1,                 1,                 1,                 0,                 0,                 0,                 0,                 0,                 0,                 0,                 0,                 0,0.18171538509357488,-0.17341550833123612,0.71585289936762708,
2005-01-01,            209979,            131780,62.758656818062761,77.812601484021741,            147886,            591544,47307.134953246707,            555123,16.069800000000001,0.42804667423487369,13066.684090654519,11826.783738311677,9.4778210705780133,9.3781220466617388,-0.0077126203613637756,0.0059005178546716053,5.0733240000000004,            349800,            551000,            865500,            873700,           2832500,           4436900,449541.58237702533,708111.52627141494,1112287.7059671681,1122825.8448336392,3640155.8950340888,0.93146071974358624,1.4631202412669218, 2.394580961010508,-0.88564840485238627,0.59133386527460341, 4.788316676358817,1.4769822701269897,7.5005409572238078,2.0149751455710332, 271.8446107784431,  5.60523061914839,-4.9083189935156524,7.1533333333333333,1.4934820970566864,5.6598512362766469,0.10565346505641733,           13937.1,             24097,             65239,-3.6846353615566843,0.26973448553774515,-0.099699023916274498,0,0,0,0,0,0,1.6868627195701754e-07,3.0909511048735272e-09,0,            112362,             20146,             18341,             11870,             15579,             21486,             29306,            197459,             49574,53.700000000000003,10266.027096899999,16250.799999999999,656.55833333333328,1163.6576590704992,352.57182500000005,            130703,10452.619686437873,9.2546079136734516,11139.701712374776,9.3182707368548101,0.18092363477987836,            161734,32401.851959140884,129332.14804085912,10342.989500632588,9.2440642262591002,           2832500,5.3843362877486713,7.5005409572238078,2.0149751455710332, 4.788316676358817,            349800,            873700,-0.88564840485238627,0.93146071974358624,1.4631202412669218,6.2972492325169389,1.8401129082877414,638.83975512451923,,,                 1,                 1,                 1,                 1,                 1,                 1,                 0,                 0,                 0,                 0,                 0,                 0,                 0,                 0,                 0,0.1966388209884426,-0.099175130025343838,0.72402908744523142,
2005-04-01,            213766,            134980,63.143811457387983, 78.29014332412865,            151346,            605384,47950.650354077232,          566057.5,16.126100000000001,0.42750308224616296,13255.901922969595,11987.662588519308,9.4921981603893482,9.3916332822712949,0.014377089811334898,0.013511235609556138,5.1219735999999996,            357300,            563200,            889500,            906600,           2860300,           4490400,456379.28969007503,719375.35951147566,1136158.3492284403,1158000.1792136077,3653461.1875189519,0.93031860769362917,1.4693153436496504,2.3996339513432794,-0.90735797444266775,0.59020390363802144,4.7247697329298433,1.4975618780806892,7.4174408309436659,2.0038340961970187,273.74031936127744,5.6121799174415958,-4.9209992515620895,7.3200000000000003,1.8044713039404803,  5.51552869605952,0.10962152947550645,           13059.4,             26157,             65262,-3.7691874821633813,0.28612214091162669,-0.10056487811805326,0,0,0,0,0,0,2.5021031817055824e-07,4.584770961631846e-09,0,            113715,             20914,             18531,             12286,             15916,             21626,             28855,            200954,             49608,53.899999999999999,10387.287024200001,           16312.1,667.83766666666668,1196.0533172418548,359.96450233333331,            132246,10474.808892744601,9.2567285004945195,11231.235740631953,9.3264540809156564,0.18327577455537089,            164124,32033.577525204775,132090.42247479522,10462.486063740123,9.2555513827767832,           2860300,5.3193749790766409,7.4174408309436659,2.0038340961970187,4.7247697329298433,            357300,            906600,-0.90735797444266775,0.93031860769362917,1.4693153436496504,6.2170457098304546,1.8272948276536822,644.12889813408083,,,                 1,                 1,                 1,                 1,                 1,                 1,                 0,                 0,                 0,                 0,                 0,                 0,                 0,                 0,                 0,0.21463835658380631,-0.056022680927056118,0.74811187178143157,
2005-07-01,            215051,            136993, 63.70256357794198,78.982923544251307,            152794,            611176,47816.384628966669,            576863,           16.1829,0.42701426314388014,13288.780132114764,11954.096157241667,9.4946753590907722,9.3888292732904173,0.0024771987014240437,-0.0028040089808776258,4.9721177000000001,            366900,            596400,            941000,            929700,           2893100,           4609400,464530.79163933336,755099.92950040451,1191396.7700534551,1177089.8800411236,3662943.6720952722,0.97582365799704174,1.5396546984829247,2.5154783564799663,-0.92084767726481409,0.60031807531709358,4.7336610076311896,1.5211657525819076,7.5418537377122137,2.0204680056107556,273.36117764471055,5.6107939158337183,-4.928391204022379,7.3200000000000003,2.4954910686008525,4.8245089313991478,0.11134933308899563,           13035.1,             27210,             64446,-3.7899590842980007,0.29687090861482063,-0.10584608580035493,0,0,0,0,0,0,3.727633258659329e-07,6.8303924877950319e-09,0,            116283,             21595,             19400,             12960,             16122,             21657,             29901,            204187,             51393,53.399999999999999,10418.253981100001,16373.799999999999,681.43833333333328,1233.3920975668898,363.88806999999991,            135683,10615.388227960661,9.2700599469928822,11284.742192601163,9.3312068438512199,0.18471793013267251,            166470,32909.749171102958,133560.25082889706,10449.311368207857, 9.254291357442451,           2893100,5.3290509934945085,7.5418537377122137,2.0204680056107556,4.7336610076311896,            366900,            929700,-0.92084767726481409,0.97582365799704174,1.5396546984829247,6.3282916868463417,1.8450303240374053,643.78164489059441,,,                 1,                 1,                 1,                 1,                 1,                 1,                 0,                 0,                 0,                 0,                 0,                 0,                 0,                 0,                 0,0.2349859099763362,-0.037575323594588601,0.78457881195109858,
2005-10-01,            215597,            138362,64.176217665366394,79.570193231250514,            153036,            612144,47354.687288349887,          586129.5,16.245766666666665,0.42656688884736116,13270.964948817436,11838.671822087472, 9.493333841247523,9.3791267249571071,-0.001341517843249207,-0.0097025483333101903,5.0157179999999997,            378000,            621400,            981600,            959700,           2962000,           4735100,475052.25845240714,780945.69683154975,1233627.7695684731,1206104.9006263893,3722499.4432170107,1.0151206252123683,1.6035442640947228, 2.618664889307091,-0.95026660393632867,0.6175017642907551, 4.838730756161949,1.5677683682270838,  7.73527143939988,2.0457905757686969, 278.6691616766467,5.6300252777616064, -4.90686518815731,7.3200000000000003,2.7286601760592388,4.5913398239407615,0.11476064455422252,           14003.6,             28637,             65807,-3.7342263155066209,0.30321672101986363,-0.11420711629041591,0,0,0,0,0,0,5.577808750188223e-07,1.0220595016125935e-08,0,            117897,             21809,             19071,             13182,             16493,             21296,             30262,            205758,             52723,53.100000000000001,10457.354351100001,16441.700000000001,696.83299999999997,1278.9645157838484,370.01832300000001,            136968,10595.671620583893,9.2682008590268605,11217.171721335682,9.3252010725532433,0.18615072074961847,            167456,33907.706888675049,133548.29311132495,10331.127411490899,9.2429166957025313,           2962000,5.4431936325439763,  7.73527143939988,2.0457905757686969, 4.838730756161949,            378000,            959700,-0.95026660393632867,1.0151206252123683,1.6035442640947228,6.5071290415327123,1.8728983515030431,643.69718989972785,,,                 1,                 1,                 1,                 1,                 1,                 1,                 0,                 0,                 0,                 0,                 0,                 0,                 0,                 0,                 0,0.27422223978545646,0.043123840530827635,0.91367450702165864,
2006-01-01,            218058,            141416, 64.85247044364344,80.408659039897159,            156333,            625332,47648.630774533383,            595782,16.321400000000001,0.42614319741448897,13360.250958863822,11912.157693633346,9.5000392312603079,9.3853148124925863,0.0067053900127849175,0.0061880875354791698,5.1620615000000001,            380600,            632900,1047400.0000000001,            979500,           3061600,           4907700,473332.10694529046,787104.28398758371, 1302596.029465311,1218152.3876850028,  3807550.12775539,1.0121023712204078,1.6749502664184788,2.6870526376388866,-0.9577312531583223,0.6086366921891091,4.8959592664376679,1.5663679453474315,7.8481510621557833,2.0602779705686101, 281.7022954091816,5.6408508232665291,-4.9127100342448111,7.3200000000000003,3.3362945157520585,3.9837054842479418,0.11465813359943197,           14726.4,             30398,             67754,-3.7002330269235886,0.30970331730377376,-0.11472441876772166,0,0,0,0,0,0,8.3463005713715369e-07,1.5293493381901426e-08,0,            120205,             23396,             18883,             13457,             16900,             21081,             31133,            209905,             53572,53.399999999999999,     10500.0768732,16522.200000000001,714.77266666666662,1319.4259383891167,        381.688604,            139088,10598.134682326028,9.2684332912495595,11255.146187979688,9.3285807419708018,0.1919725590147924,            169609,34138.318320192469,135470.68167980755,10322.504672934527,9.2420817104542117,           3061600,5.5063368002916846,7.8481510621557833,2.0602779705686101,4.8959592664376679,            380600,            979500,-0.9577312531583223,1.0121023712204078,1.6749502664184788,6.6252806509182331,1.8908927333777767,643.33187552538379,,,                 1,                 1,                 1,                 1,                 1,                 1,                 0,                 0,                 0,                 0,                 0,                 0,                 0,                 0,                 0,0.27308425704879358,0.077302965806252288,0.84812273188026799,
2006-04-01,            221464,            145362,65.636852942238917,81.381191689077184,            157966,            631864,47399.352967638581,            603378,16.380500000000001,0.42572908291960387, 13519.97802264888,11849.838241909645,9.5119237240519112,9.3800694959983488,0.011884492791603307,-0.0052453164942374286,4.9655921000000003,            388700,            633800,           1077500,           1023400,           3164300,           5016400,477628.78858429217,778804.02934068535,1324016.0012852452,1257538.7245617819,3888244.8564890036,1.0030639504703545,1.7052720205613867,2.7083359710317412,-1.0044883076104985,0.6151640226377828,5.0078814428421303,1.6196523302482813,7.9390501753541898,2.0717936428331178,  291.939121756487, 5.676545293396499,-4.8837925637128459,7.4866666666666672,3.9481960738675603,3.5384705927991069,0.12125797112458801,           15512.4,             30458,             70199,-3.6609041619048495,0.30259197075215832,-0.13185422805356239,0,0,0,0,0,0,1.2379963260605106e-06,2.2684656459039726e-08,0,            122013,             23148,             18760,             13824,             17218,             20915,             30231,            211263,             53297,53.700000000000003,10566.302556099999,16586.400000000001,737.91733333333332,1369.2396109362819,396.26160799999997,            140773,10560.103305954108,9.2648383399732079,11204.970773931876,9.3241127779256807,0.19106989865712407,            170897, 33696.76589369648,137200.23410630351,10292.091848320724,9.2391310976059575,           3164300,5.6350126103085474,7.9390501753541898,2.0717936428331178,5.0078814428421303,            388700,           1023400,-1.0044883076104985,1.0030639504703545,1.7052720205613867,6.7117291062633733,1.9038566087353226,645.05372583864948,,,                 1,                 1,                 1,                 1,                 1,                 1,                 0,                 0,                 0,                 0,                 0,                 0,                 0,                 0,                 0,0.31656784486373651,0.16879056837511419,                 1,
2006-07-01,            223974,            148049,66.100976006143568,81.956644142048759,            164882,            659528,   48921.910613802,          614974.5,16.449233333333332,0.42529440109872435,13616.075318606541,  12230.4776534505,9.5190063824228961,9.4116862838016715,0.0070826583709848734,0.031616787803322666,4.6568329999999998,            405000,            642200,           1119500,           1052300,           3232100,           5137900,494163.71819476475,783585.03660414298,1365966.1296766398,1283971.5571761751,3943670.5026599979,0.97372666513021433,1.6974260380150654,  2.67115270314528,-0.98145946798316375,0.61407552067539206,4.9006259021603329,1.5955349886585559,7.7902681917977707,2.0528752869919331,297.24710578842314,5.6945637988991775,-4.9044370374965496,7.7366666666666672,3.7650171256719656,3.9716495409947017,0.12344122362255028,             14541,             29155,             70064,-3.7446085580009041,0.29384492889466735,-0.1073200986212246,0,0,0,0,0,0,1.8443660038258464e-06,3.3795604401849629e-08,0,            124265,             25515,             18974,             15132,             17781,             21266,             28941,            218299,             53417,                53,     10657.3017944,16651.900000000001,758.81100000000004,1417.7429560252006,402.16982999999999,            143239,10625.061490051045,9.2709707810747926,11427.769571750772,9.3438015996673958,0.1983334783943124,            175003,32545.030801790206,142457.96919820979,10567.126847288635,9.2655032204655701,           3232100,5.5104102176101701,7.7902681917977707,2.0528752869919331,4.9006259021603329,            405000,           1052300,-0.98145946798316375,0.97372666513021433,1.6974260380150654,6.5903191373224494,1.8856017748566292,647.89048695683903,,,                 1,                 1,                 1,                 1,                 1,                 1,                 0,                 0,                 0,                 0,                 0,                 0,                 0,                 0,                 0,0.29707891204228892,0.14456001150100706,0.84774233409630173,
2006-10-01,            226908,            150588,66.365222909725532,82.284276058413994,            168327,            673308,49510.237734322895,            626285,           16.5273,0.42484744249499595,13729.284275108457,12377.559433580724,9.5272863688605565,9.4236403889675948,0.0082799864376603693,0.011954105165923323,         4.4631862,            416700,            672000,           1192000,           1081600,           3326600,           5330800,506415.10135445889,816680.94098919223,1448636.4310403529, 1314467.419306414,4042813.7177003673,0.9980573526528721, 1.770363637443785, 2.768420990096657,-0.9875124014566885,0.61888467090841037,4.9406809365104829,1.6063970723650989,7.9173275826219207, 2.069053722448599,302.55508982035923,5.7122633759985781,-4.9026812211318687,7.9866666666666672,3.4109290388119273,4.5757376278547399,0.12829757951289258,           13600.9,             28794,             66021,-3.8296695720379104,0.30368612561303593,-0.10364597989296165,0,0,0,0,0,0,2.7597975998909504e-06,5.0569741330494252e-08,0,            128612,             26725,             19498,             16611,             18183,             20485,             29231,            223751,             55423,53.399999999999999,     10671.9809723,             16732,           787.745,1465.6293498258276,420.65582999999998,            148110,10890.946358621261,9.2956871137693931,11634.252896100992,9.3617088619085909,0.2007052482447006,            178843,32945.184888559161,145897.81511144084,10728.278159602623,9.2806383529999721,           3326600,5.5654408235161323,7.9173275826219207, 2.069053722448599,4.9406809365104829,            416700,           1081600,-0.9875124014566885,0.9980573526528721, 1.770363637443785,6.7215895251504509,1.9053246630454372, 645.7183552243863,,,                 1,                 1,                 1,                 1,                 1,                 1,                 0,                 0,                 0,                 0,                 0,                 0,                 0,                 0,                 0,0.30589371865576115,0.17098175869307888,0.83382185351658145,
2007-01-01,            231761,            154913,66.841703306423426, 82.87505000264747,            171839,            687356,49901.627603762747,          638261.5,16.620466666666665,0.42440821307553495,13944.313637402882,12475.406900940687,9.5428270795891041,9.4315145373976605,0.01554071072854768,0.0078741484300657305,4.5534916000000001,            420400,            673400,           1244000,           1103700,           3434400,           5498800,507269.67885578377,  812548.529356529,1501054.9012763915,1331763.9023623418,4144069.8978646616,0.97969611089450004,1.8098336233334691, 2.789529734227969,-0.99409912767183239,0.6116190154737865,4.9965374565727219,1.6057181431456189,7.9999301671913825,2.0794328125406598, 305.2090818363273,5.7209970559673327,-4.9089757084181675,8.0700000000000003,3.0673201023369012,5.0026798976630991,0.12958145415185143,15707.299999999999,             29388,             69668,-3.7046225015343555,0.2966806654821515,-0.1113125421914436,0,0,0,0,0,0,4.1295921286220395e-06,7.5669565974735868e-08,0,            131735,             27510,             20272,             17544,             18741,             21238,             30531,            229749,             57911,53.299999999999997,     10770.3365698,16827.599999999999,813.53766666666672,1510.2863024731289,433.61557633333337,            152007,11035.615761214223,9.3088831178784126,11755.511331077454,9.3720774590563973,0.20131099591293106,            183498,34220.773983782303, 149277.2260162177,10837.435830026972,9.2907616999664899,           3434400,5.6273831556476317,7.9999301671913825,2.0794328125406598,4.9965374565727219,            420400,           1103700,-0.99409912767183239,0.97969611089450004,1.8098336233334691,6.7919680631288593,1.9157407468673755,648.01649591467549,,,                 1,                 1,                 1,                 1,                 1,                 1,                 0,                 0,                 0,                 0,                 0,                 0,                 0,                 0,                 0,0.30535268184400532,0.21785188302911013,0.77560078484685002,
2007-04-01,            233695,            158202,67.695928453753822,83.934178485265335,            177130,            708520,50537.178152866749,          651153.5,16.703299999999999,0.42400073325701804,13990.947896523443,12634.294538216687,9.5461658206554088,9.4441701843273673,0.0033387410663046069,0.012655646929706776,4.3860720999999998,            403100,            686000,           1344200,           1155900,           3541200,           5669300,480257.27692177781,817307.09989664995,1601493.0082814533, 1377150.549228189,4219020.2655306365,0.9682154349912494,1.8971941511883927,2.8654095861796423,-1.062496471518094,0.56893242251453735,4.9980240501326705,1.6314288940326314,8.0016089877491101,2.0796426449258614,318.85818363273449,5.7647464385217173,-4.8905808231529422,8.0700000000000003,3.1370722684204821,4.9329277315795181,0.13165631174843337,17712.099999999999,             30607,             73597,-3.6044973836647136,0.29372193006026642,-0.10199563632804143,0,0,0,0,0,0,6.1253626065371069e-06,1.1223976207332571e-07,0,            135143,             27440,             21632,             18127,             18892,             22074,             31917,            237113,             59983,53.899999999999999,     10841.7459528,16913.200000000001,846.94200000000001,1572.4265899079169,456.50173799999999,            156775,11182.417017043534,9.3220979144919465, 11908.35577763011,9.3849955988836857,0.19540050524433497,            190781,35619.402074116559,155161.59792588343,11067.336584519633,9.3117533991500672,           3541200,5.6423272991588096,8.0016089877491101,2.0796426449258614,4.9980240501326705,            403100,           1155900,-1.062496471518094,0.9682154349912494,1.8971941511883927,6.8009371647942185,1.9170604210380753,649.07808354037832,,,                 1,                 1,                 1,                 1,                 1,                 1,                 0,                 0,                 0,                 0,                 0,                 0,                 0,                 0,                 0,0.3260068990487382,0.28084891058793066,0.82120964154565368,
2007-07-01,            237749,            161599,67.970422588528237,84.274515640358103,            179007,            716028,50629.622406590359,            664260,16.781433333333336,0.42362385169026567,14167.383397921907, 12657.40560164759,9.5586976577591134,9.4459977459175839,0.012531837103704646,0.0018275615902165754,4.2533156999999999,            435200,            691500,           1392900,           1176700,           3697300,           5902000,516407.59569265053,820532.74913021096,1652812.8217837613,1396270.2616074032,4387210.0265497165,0.96574435636595213,1.9453149876820459,2.9110593440479979,-1.0355740278313139,0.60779746043450811,5.1636248861776357,1.6433714882658219,8.2426944197712935,2.1093272831616132,330.23243512974045,5.7997967554012719,-4.8614046793813026,8.2366666666666664,2.8281678960548451,5.4084987706118213,0.13535903158349485,             17686,             30907,             70595,-3.6259002729458869,0.30449646312387935,-0.1126999118415295,0,0,0,0,0,0,9.1255388006865467e-06,1.6721480608054263e-07,0,            137576,             29429,             20602,             19495,             19809,             22708,             32649,            240988,             61982,                54,      10910.906454,16994.099999999999,895.99099999999999,1639.9561379081406,483.83513999999997,            158178,11184.607882694043,9.3222938158840485,11921.006742170815, 9.386057395288752,0.20431722741381314,            191750,35816.246842166416,155933.75315783359,11025.919437261646,9.3080040925078116,           3697300, 5.839345863569581,8.2426944197712935,2.1093272831616132,5.1636248861776357,            435200,           1176700,-1.0355740278313139,0.96574435636595213,1.9453149876820459,7.0391102023943199, 1.951481770476494,650.17726658231413,,,                 1,                 1,                 1,                 1,                 1,                 1,                 0,                 0,                 0,                 0,                 0,                 0,                 0,                 0,                 0,0.33549627698664364,0.34882983492232128,0.81380331355812052,
2007-10-01,            240547,            164904,68.553754567714421,84.997771699851015,            183462,            733848,51198.658725494024,            679473,16.863199999999999,0.42328387280527979,14264.611698847195,12799.664681373506,9.5655370427266195,9.4571742527968716,0.0068393849675061347,0.011176506879287729,4.3261855000000002,            453300,            677700,           1398000,           1209900,           3795900,           5997300,533308.09847665054,797315.01949619688,1644748.9999346072,1423449.0808446934,4465881.7802945459,0.92348824279687347,1.9050266540209961,2.8285148968178695,-1.0310036955881872,0.61770284854629298,5.1725970500703147,1.6487065441344801,8.1724008241488697,2.1007627242289053,342.74411177644708, 5.836984138940946,-4.8439393298385447,8.4866666666666664,3.2977085919923432,5.1889580746743231,0.13992022871221288,17015.599999999999,             31265,             68827,-3.6871869273680242,0.31236262638372697,-0.1083627899297479,0,0,0,0,0,0,1.3654854303407193e-05,2.5021031817055824e-07,0,            139695,             30590,             20670,             20506,             20276,             24125,             32473,            246297,             62835,53.799999999999997,10979.107076800001,17076.099999999999,963.81900000000007,1711.5603731887938,518.53462200000001,            160365,11188.247302593792,9.3226191583494344, 11993.95599198365,9.3921581345524423,0.20652301895678793,            195431,35622.578005416224,159808.42199458377,11149.416308500435,9.3191424265045928,           3795900,5.8791938139778273,8.1724008241488697,2.1007627242289053,5.1725970500703147,            453300,           1209900,-1.0310036955881872,0.92348824279687347,1.9050266540209961,6.9701082512999966,1.9416307556848253, 651.0690187390295,,,                 1,                 1,                 1,                 1,                 1,                 1,0.050000000000000003,                 0,                 0,                 0,                 0,                 0,                 0,                 0,                 0,0.33970987120040869,0.39064387021342711,0.78197250647775585,
2008-01-01,            241808,            167251,69.166859657248722,85.757942557842142,            188462,            753848,51806.152276288274,          695537.5,           16.9679,0.42298839519419573, 14250.90906947825,12951.538069072069,9.5645759780113746, 9.468969829887623,-0.00096106471524493031,0.011795577090751408,4.2224532999999997,            464700,            630600,           1322300,           1233400,           3775400,           5838900,541874.00739770371,735325.47679146111,1541897.9986700744,1438234.1311046432, 4402391.064190425,0.8365081554902315,1.7540671328968174,2.5905752883870488,-1.0197015844042832,0.61643726586792036,5.0081714085598161,1.6361388502722034,7.7454606233617387,2.0471069457429194,344.26067864271454,5.8413991571500627,-4.8602235542072663,9.0166666666666675,3.4786012860355209,5.5380653806311466,0.14752518633287703,             15656,             28925,             62782,-3.793830697860769,0.31540667560818697,-0.095606148123751566,0,0,0,0,0,0,2.0432177316418716e-05,3.7439986450658293e-07,0,            142538,             31550,             21397,             21818,             20750,             25803,             32954,            253516,             65054,53.399999999999999,11076.945492499999,17183.799999999999,993.58533333333332,1763.4208608358672,        530.574568,            163935,11265.986741907278,9.3295434426305413,12108.762405489673,9.4016846352462888,0.20629861626090662,            201216,36437.635399738079,164778.36460026191, 11323.94467892588,9.3346747609254273,           3775400,5.7119930914454899,7.7454606233617387,2.0471069457429194,5.0081714085598161,            464700,           1233400,-1.0197015844042832,0.8365081554902315,1.7540671328968174,6.5790451125425813,1.8838896151319673,652.81770239687876,,,                 1,                 1,                 1,                 1,                 1,                 1,0.14999999999999999,                 0,                 0,                 0,                 0,                 0,                 0,                 0,                 0,0.32976837985410523,0.44495911232990248,0.68262374659732161,
2008-04-01,            240834,            167822, 69.68368253651893,86.398735952434109,            191163,            764652,51862.004585846764,            712136,17.065033333333332,0.42274308786886505,14112.717818697494,12965.501146461691,9.5548316427903579,  9.47004735102146,-0.0097443352210166978,0.0010775211338369672,4.2656030999999999,            483600,            619500,           1320400,           1268600,           3719900,           5757400,559730.41117897921,717024.37908473448,1528263.0995052194,1468308.5186551965,4305502.8050965359,0.81017247061408326,1.7267985959626078,2.5369710665766911,-1.0266107981146979,0.63244456301690177,4.8648273986074715,1.6590553611315997,7.5294382281089955,2.0188204345279508,341.22754491017963,5.8325495418730808,-4.8775950298030057,9.4533333333333331,2.9362978367643455,6.5170354965689876,0.15683603347230723,             13528,             25241,             53462,-3.963507292811328,0.32071204401357001,-0.084784291768897901,0,0,0,0,0,0,3.0439556365281473e-05,5.577808750188223e-07,0,            146277,             32239,             22330,             23319,             21260,             26245,             35004,            260032,             68869,                53,11185.688776200001,17283.400000000001,          1014.881,1799.1576580645167,537.88693000000001,            168607,11435.655706394366,9.3444914468674902,12200.578426428028,9.4092386415997318,0.20574006276150628,            206533,38348.274843096238,168184.72515690376,11407.015200845248,9.3419838136162312,           3719900,5.5682675648530306,7.5294382281089955,2.0188204345279508,4.8648273986074715,            483600,           1268600,-1.0266107981146979,0.81017247061408326,1.7267985959626078,6.3751876670694649, 1.852413528582882,655.47418265810597,,,                 1,                 1,                 1,                 1,                 1,                 1,0.29999999999999999,                 0,                 0,                 0,                 0,                 0,                 0,                 0,                 0,0.34784712083519831,0.45300005641087765,0.72018805284340626,
2008-07-01,            240096,            168736,70.278555244568835,87.136301020140991,            193965,            775860,51885.080439994344,          726677.5,17.160966666666667,0.42254358530651481,13990.820252938354,12971.270109998586,9.5461566973159258,9.4704921992699163,-0.0086749454744321497,0.00044484824845625326,4.2503745999999998,            508700,            608300,           1272400,           1282800,           3652100,           5639100,583798.01993478846,698101.70144747756,1460241.0075978471,1472176.3317718629,4191249.7515310417,0.78403320186631609,1.6399865955198103,2.4240197973861264,-0.99773154950635423,0.65565952620318102,4.7071636635475471,1.6533910757095351,7.2681927151805734,1.9835076657548441,333.64471057884225,5.8100766860210218,-4.9090132594674003,9.5333333333333332,3.3957897687547423, 6.137543564578591,0.15762328255097569,           12842.4,             26077,             47400,-4.0357305785777111,0.35490017284320263,-0.075664498046009498,0,1,0,0,0,0,4.5348179773519225e-05,8.309818087194622e-07,0,            147148,             32429,             21530,             22490,             21544,             25834,             33088,            260241,             66275,              51.5,     11228.5539856,17375.900000000001,          1070.925,1833.1396224334555,551.52637499999992,            168678, 11280.22014082098,9.3308060408918436,12125.745125409783,9.4030861675595308,0.20739622119496928,            206268,36922.673833100853,169345.32616689915,11324.847099098602,9.3347544490767458,           3652100,5.4180217758358467,7.2681927151805734,1.9835076657548441,4.7071636635475471,            508700,           1282800,-0.99773154950635423,0.78403320186631609,1.6399865955198103,6.1334519114273185,1.8137577091448316,654.30777902565706,,,                 1,                 1,                 1,                 1,                 1,                 1,               0.5,                 0,                 0,                 0,                 0,                 0,                 0,                 0,                 0,0.3433857646161293,0.45625870994149359,0.64967968706774071,
2008-10-01,            239618,            169525,70.748023938101483,87.718381361104676,            206410,            825640,54541.523777741037,            745719,17.257300000000001,0.42237098830526593,13885.022570158715,13635.380944435259,9.5385660252461477,9.5204232336085344,-0.0075906720697780372,0.049931034338618119,4.2901062999999997,            545500,            574700,           1179700,           1292700,           3434400,           5324300,621876.50015379884,655164.84809970343,1344872.0572528625,1473693.4037558492,3915256.9241580325,0.69606608206966714,1.4288309674918851, 2.124897049561552,-0.90499491303715907,0.66069957850879313,4.1596821859406035,1.5656944915459523,6.4486943462041566,1.8638776833714896,329.09500998003989,5.7963464932091195,-4.9793323865748667,7.6366666666666667,3.2008011584831131,4.4358655081835536,0.1195668693377259,12501.299999999999,             30609,             46315,-4.0885162147398386,0.39791222505329937,-0.018142791637613342,0,0,0,0,0,0,6.7854804920547212e-05,1.2434314826955969e-06,0,            147579,             32418,             30309,             20760,             22175,             26786,             32965,            271230,             64820,51.600000000000001,     11270.9894365,17469.799999999999,1128.4806666666666,1866.8629179721522,582.29602399999999,            177888,11751.226420443289, 9.371712890333427,12693.303682439273,9.4488298642921791,0.20127935700328134,            216637,37424.825996386833,179212.17400361318, 11838.70094675492,9.3791291850837215,           3434400,4.8649484327309729,6.4486943462041566,1.8638776833714896,4.1596821859406035,            545500,           1292700,-0.90499491303715907,0.69606608206966714,1.4288309674918851,5.3795843224649964,1.6826111077063737,653.11430157092934,,,                 1,                 1,                 1,                 1,                 1,                 1,0.69999999999999996,                 0,                 0,                 0,                 0,                 0,                 0,                 0,                 0,0.27254008642566635,-0.009281712171014863,0.25849470864239388,
2009-01-01,            240725,            171287,71.154637033959915, 88.22252890648538,            204169,            816676,53317.491033646511,            761884,17.362033333333333,0.42220587089705258,13865.023489952215,13329.372758411628,9.5371246522390098,9.4977253571827909,-0.0014413730071378694,-0.022697876425743502,         4.9081275,            555900,            565500,           1161100,           1305000,           3448800,           5307600,630111.15968943271,640992.73395282286,  1316103.73721065,1479214.0014295911,3909205.5541228917,0.69244106597965416,1.4217388535967752,2.1141799195764293,-0.9172548232101837,0.68068609828132576,4.2229721456244578,1.5979409214915095,6.4990277662132838,1.8716525912854953,328.33672654690616, 5.794039687111205,-4.9646722053782435,6.1733333333333329, 2.873886983681917,3.2994463496514159,0.098646219553409173,12770.700000000001,             44768,             50316,-4.088640828610159,0.47082579613815151,-0.039399295056218975,0,0,0,0,0,0,0.00010153049452880124,1.8605961278816152e-06,0,            147023,             31900,             25279,             19156,             22886,             25891,             31701,            266196,             62027,51.100000000000001,     11347.9046132,17579.299999999999,1151.1579999999999,1865.3958215258801,588.24173799999994,            172302, 11248.90451057624,9.3280260260534664,12289.138634493935,9.4164711134068977,0.20581075598431231,            211410,36346.593224541313,175063.40677545869, 11429.18565143353,9.3439255076569552,           3448800,4.9432599194784714,6.4990277662132838,1.8716525912854953,4.2229721456244578,            555900,           1305000,-0.9172548232101837,0.69244106597965416,1.4217388535967752,5.4198972419907037,1.6900768562295243,653.60458624469868,             0.062,0.08199999999999999,                 1,                 1,                 1,                 1,                 1,                 1,0.84999999999999998,0.050000000000000003,0.050000000000000003,                 0,                 0,                 0,                 0,                 0,                 0,0.2990188044856722,0.020143449077428963,0.34009530565252138,
2009-04-01,            244539,            174836,71.496162166362012,88.645975812008274,            210782,            843128,54507.318657158852,            778710, 17.44936666666667,0.42203058475995353,14014.204909060689,13626.829664289713,9.5478267305633207,9.5197958978030321,0.010702078324310804,0.022070540620241275,         5.5133025,            560000,            582700,           1281500,           1332300,           3602800,           5587100,631726.36419231631,657333.84359796916,1445638.0994865238,1502944.7053811126,4064256.6873429948,0.69111688853886954, 1.519935288592005,2.2110521771308744,-0.91599377555958283,0.66419333719198037,4.2731352772058333,1.5801871127515632,6.6266332039737739,1.8910968628454217, 341.9858283433133, 5.834769298611393,-4.9508014117017298,5.7666666666666666, 2.601010112938873,3.1656565537277936,0.091124123502006812,13889.799999999999,             49499,             52801,-4.0264839466020019,0.48386119257087001,-0.028030832760288504,0,0,0,0,0,0,0.00015059158426422031,2.7597975998909504e-06,0,            146679,             31005,             33328,             17271,             23461,             26099,             34748,            274214,             63432,51.899999999999999,11424.300059200001,17676.799999999999,          1161.202,1868.2418318626599,602.66383799999994,            180007,11637.259003993691,9.3619672127989269,12632.044334141701,9.4439920655985485,0.19862589072767983,            219748,39259.147548994581,180488.85245100543,11668.410246856798,9.3646404903675258,           3602800,4.9879304660739523,6.6266332039737739,1.8910968628454217,4.2731352772058333,            560000,           1332300,-0.91599377555958283,0.69111688853886954, 1.519935288592005,5.5681936787771242, 1.717070706690293,654.71144468662658,0.055999999999999994,0.081000000000000003,                 1,                 1,                 1,                 1,                 1,                 1,0.94999999999999996,0.14999999999999999,0.14999999999999999,                 0,                 0,                 0,                 0,                 0,                 0,0.28451673400378746,0.13543641151490679,0.2239575432300934,
2009-07-01,            245667,            176635,71.900173812518574,89.146897896883672,            206635,            826540,52885.938543054581,            792524,17.531433333333336,0.4218244695291351,14012.944368496204,13221.484635763645,9.5477367791699166,9.4895984093516628,-8.9951393404064106e-05,-0.030197488451369381,5.6727967000000001,            574700,            616900,           1393500,           1360800,           3823600,           5949600,644666.29076062329, 692003.8885857464,1563150.2978509283,1526469.2682565793,4289100.4512829632,0.74636436228131731,1.6859438139714957,2.4323081762528131,-0.95107314830498224,0.69530815205555685,4.6260314080383287,1.6463813003605392, 7.198199724151281, 1.973830956444897,356.39321357285428,5.8760346538128196,-4.8849734779288809,5.7800000000000002, 2.307415914152644,3.4725840858473562,0.095160839160839172,             15547,             44295,             56686,-3.9313550952369556,0.43864687416444675,-0.058138369818253821,0,0,0,0,0,0,0.00022433481914630604,4.1115413426529715e-06,0,            148595,             30608,             24822,             18002,             23377,             26400,             31837,            268284,             61649,52.600000000000001,     11448.7475101,17770.299999999999,1183.7373333333333,1878.7894453382517,622.64583733333336,            173417,11096.039882305631,9.3143435562839567,12158.762259034638,9.4058053624310816,0.20122333050051439,            214299,37240.652826855126,177058.34717314487,11329.030497173471,9.3351237808262137,           3823600,5.3793474451730514, 7.198199724151281, 1.973830956444897,4.6260314080383287,            574700,           1360800,-0.95107314830498224,0.74636436228131731,1.6859438139714957,6.1072664359861593,1.8094792812549649,653.04115712729322,0.057000000000000002,0.081000000000000003,                 1,                 1,                 1,                 1,                 1,                 1,                 1,0.29999999999999999,0.29999999999999999,                 0,                 0,                 0,                 0,                 0,                 0,0.33786178156125402,0.19677183185777924,0.43774084052768553,
2009-10-01,            248968,            180412,72.463931107612225, 89.84588388480887,            210485,            841940,53231.048294127402,          806035.5,17.604266666666668,0.42159560435454002,14142.480610761027,13307.762073531851,9.5569383562254586,9.4961027585243709,0.0092015770555420318,0.0065043491727081459,         5.6236682,            584500,            618400,           1440100,           1384300,           4116300,           6292200,650558.46158671624,688289.73934170289,1602855.8435090333,1540749.4925140997,4581512.0537714288,0.73449414447585337,1.7104544266812363,2.4449485711570897,-0.94994892747701731,0.69422999263605478,4.8890657291493458,1.6441789201130721,7.4734541653799562,2.0113572972724878,376.10858283433134,5.9298778858336423,-4.8454448490378992,6.3166666666666664,2.4253782282484648,3.8912884384182016,0.10385730178714238,15962.200000000001,             34592,             55252,-3.9219043590682068,0.38502292863185078,-0.060835597701087707,0,0,0,0,0,0,0.00033564397295646388,6.1522545617765303e-06,0,            151033,             31214,             24452,             18744,             24079,             27715,             32526,            273511,             63026,                52,     11465.3356726,17857.099999999999,1188.6423333333332,1885.9874281030313,618.09401333333324,            175485,11094.912357050322,9.3142419360160105,12201.337215291085,9.4093008325255951,0.20216005937603973,            218218,37706.541908734929,180511.45809126506,11412.706538826384,9.3424826223365187,           4116300,5.6231964431352992,7.4734541653799562,2.0113572972724878,4.8890657291493458,            584500,           1384300,-0.94994892747701731,0.73449414447585337,1.7104544266812363,6.3840653728294185,1.8538051001999369,651.28164039399542,0.057999999999999996,0.08199999999999999,                 1,                 1,                 1,                 1,                 1,                 1,                 1,               0.5,               0.5,                 0,                 0,                 0,                 0,                 0,                 0,0.33613577522505911,0.23787616773563583,0.38562909098536319,
2010-01-01,            250171,            182570, 72.97808299123399,90.483365590934312,            214342,            857368,53579.363826212859,          818975.5,17.684833333333334,0.42136135901558297,14146.076204657475,13394.840956553215,9.5571925645924161,9.5026249085639289,0.00025420836695744242,0.0065221500395580279,5.2661353999999996,            595200,            620600,           1464000,           1405300,           4309400,           6511900,657800.46543674776,685871.92347117886,1617976.9512758716,1553103.1486529934,4762643.3564400552,0.72384320385178824,1.7075514831437608,2.4313946869955489,-0.9448684812122683,0.69421765216336506,5.0263130884287728,1.6390861333756332,7.5952216551119243,2.0275193199684152,387.86197604790414, 5.960649544500396,-4.8282655673818535,6.7233333333333327,2.5626523207528784,4.1606810125804543,0.11020122436728841,           16326.6,             25100,             51476,-3.9152584893274369,0.32777893857083157,-0.054567656028487121,0,0,0,0,0,0,0.00050215411972980115,9.2058414838890261e-06,0,            153786,             31869,             24427,             20165,             24347,             28840,             32786,            279051,             64709,                52,     11545.1257757,17969.599999999999,1196.6109999999999, 1899.992124366644,622.23771999999997,            178213, 11137.03703142743,9.3180315024686013,12265.938993990323, 9.414581512587251,0.20145421446258927,            222835,37939.122124629546,184895.87787537044,11554.669069351192,9.3548448826922321,           4309400,5.7520664638754884,7.5952216551119243,2.0275193199684152,5.0263130884287728,            595200,           1405300,-0.9448684812122683,0.72384320385178824,1.7075514831437608,6.5128392942120534,1.8737755046417011,652.82638281578375,             0.063,0.085999999999999993,                 1,                 1,                 1,                 1,                 1,                 1,                 1,0.69999999999999996,0.69999999999999996,                 0,                 0,                 0,                 0,                 0,                 0,0.33210702866479602,0.1806737889341741,0.32342787883843738,
2010-04-01,            253795,            186115,73.332807974940408,90.923178601489852,            216245,            864980,53586.428216998138,          831516.5,           17.7532,0.42114167054364726,14295.732600319943,13396.607054249534,9.5677163521539761,9.5027567489704765,0.010523787561560027,0.00013184040654756757,5.4988979999999996,            602400,            597400,           1422500,           1436300,           4279600,           6396500,662537.33015678928,657038.18233012268,1564507.5566866414, 1579685.204688241,4706830.6078004576,0.69065180697819606,1.6445466947212652,2.3351985016994612,-0.96406853337649423,0.69643228745173302,4.9476288469097556,1.6605008208282273,7.3949686697958334,2.0007998594797969,395.44481037924152,5.9800112335495426,-4.8138846493471128,7.3066666666666666,2.5688732834424854,4.7377933832241812,0.12132725997518247,16352.799999999999,             20955,             50222,-3.9288520055885123,0.29440690110569423,-0.064959603183499581,0,0,0,0,0,0,0.00074465850888518609,1.3654854303407193e-05,0,            157983,             33468,             24538,             21915,             24707,             28135,             32884,            283696,             67452,51.399999999999999,11573.970075499999,18070.599999999999,1215.1600000000001,1914.4119318464657,624.59224000000006,            182521,11307.369493623803,9.3332099597089009,12351.988273936669,9.4215723229390314,0.20506105126614405,            225521,38793.772390164122,186727.22760983589,11567.949754298992,9.3559936008810727,           4279600,5.6697174963582979,7.3949686697958334,2.0007998594797969,4.9476288469097556,            602400,           1436300,-0.96406853337649423,0.69065180697819606,1.6445466947212652, 6.318758815232723,1.8435227988769034,651.93711981501929,0.066000000000000003,0.085999999999999993,                 1,                 1,                 1,                 1,                 1,                 1,                 1,0.84999999999999998,0.84999999999999998,                 0,                 0,                 0,                 0,                 0,                 0,0.34897823798294786,0.23206703421015518,0.36354034458458667,
2010-07-01,            256335,            188069,73.368443638207808,90.967362205872647,            221023,            884092,54554.235013398596,          845045.5,17.814900000000002,0.42093973070449808,14388.798140882069,13638.558753349649,9.5742052759543377,9.5206562625705384,0.0064889238003615901,0.017899513600061923,5.2881622000000004,            629600,            609000,           1465200,           1456400,           4297100,           6486100,692116.36430121132,669470.87970050459,1610687.5746094899,1601013.7753625861, 4723782.129985285,0.68884233767526459,1.6572935848305379,2.3461359225058027,-0.93519678947439855,0.71214308013193195,4.8604670102206562,1.6473398696063306,7.3364536722422553,1.9928555749507362,390.51596806387221,5.9674688597724508,-4.8448123630355813,7.3899999999999997, 2.042094960045282,5.3479050399547177,0.12173841636390784,           15265.4,             20281,             49850,-4.0138016424838066,0.28918737790705967,-0.053549013383799249,0,0,0,0,0,0,0.0011089878787849945,2.0342868042833813e-05,0,            161448,             34871,             24898,             21807,             25071,             28926,             34302,            289715,             68691,51.799999999999997,     11634.2386152,18163.400000000001,1253.3263333333334,1928.9391914034968,649.22304066666675,            186346,11498.761981566144,9.3499946547794011,12568.660367457896,9.4389617221147599,0.20689988436912138,            229773,39786.920166370401, 189986.0798336296,11723.378617291113,9.3693402995127695,           4297100,5.5948057901967969,7.3364536722422553,1.9928555749507362,4.8604670102206562,            629600,           1456400,-0.93519678947439855,0.68884233767526459,1.6572935848305379,6.2714061432520598,1.8360005947725935,653.06224650152399,0.068000000000000005,0.08900000000000001,                 1,                 1,                 1,                 1,                 1,                 1,                 1,0.94999999999999996,0.94999999999999996,                 0,                 0,                 0,                 0,                 0,                 0,0.33863432350179568,0.13693628508170691,0.27275165670419271,
2010-10-01,            259199,            190417,73.463632189939005,91.085383674419575,            227103,            908412,55784.717434030201,            855392,            17.878,0.42075070348423926,14498.210090614162, 13946.17935850755,9.5817804787624627,9.5429608686266612,0.00757520280812507,0.022304606056122722,5.2848221000000004,            643300,            614200,           1513900,           1482200,           4320700,           6557100, 706260.4054009869,674312.35970353824,1662066.8859576466,1627264.3756961648,4743571.1699301163,0.67612493009779706,1.6665345680153938, 2.342659498113191,-0.92347965460605985,0.70815885303144388, 4.756322021285496,1.6316385076375037,7.2182005521723624,1.9766056908404697,392.79081836327339,5.9732772013681981,-4.8626051911320598,7.6566666666666663,1.3795843905324068,6.2770822761342595,0.12492912173477819,           15033.6,             20017,             51251,-4.0412721473568949,0.28086939439860809,-0.038819610135801597,0,0,0,0,0,0,0.0016585109205237533,3.0439556365281473e-05,0,            164957,             36277,             26233,             23256,             25280,             29889,             36097,            299269,             72166,51.700000000000003,     11724.0575859,             18235,1296.7076666666667,1943.5709636192114,670.39786366666669,            191190,11740.796165409785,9.3708249075570826,12843.487761958668,9.4605921729098075,0.20569120089284224,            237712,41485.164721371075,196226.83527862892,12050.103432134651,9.3968285224616022,           4320700,5.4943108013397737,7.2182005521723624,1.9766056908404697, 4.756322021285496,            643300,           1482200,-0.92347965460605985,0.67612493009779706,1.6665345680153938,6.1755018647926274,1.8205901528621447,655.78127228437188,0.069000000000000006,0.089999999999999997,                 1,                 1,                 1,                 1,                 1,                 1,                 1,                 1,                 1,                 0,                 0,                 0,                 0,                 0,                 0,0.3261788893784352,0.15703207257621241,0.17273528862303369,
2011-01-01,            260732,            193645,74.269748247242376,92.084863119919191,            232098,            928392,56155.409368044093,          869356.5,17.953599999999998,0.42056723807929475,14522.547010070406,14038.852342011023,9.5834576869122596,9.5495839322167342,0.0016772081497968827,0.0066230635900730306,5.0034146000000002,            651600,            616100,           1542900,           1507600,           4306300,           6547900,707608.15396059398,669056.75821841916,1675519.6757915905,1637185.4710113436,4676447.1967472462,0.66362053959965184,1.6619057467104412,2.3255262863100929,-0.92202431731423795,0.70185869761910913,4.6384501374419429,1.6238830149333472,7.0529474618480128,1.9534456091479664,389.37854291417159,5.9645519884773277,-4.8888666959640581,              7.79,1.7699358534308818,6.0200641465691183,0.12650048686330773,13979.200000000001,             19497,             48308,-4.1301827722346749,0.28754516628567217,-0.033873754695525449,0,0,0,0,0,0,0.002479656359753037,4.5547262384041201e-05,0,            168173,             36676,             26985,             23206,             25676,             30414,             36008,            304338,             72240,              52.5,11792.009239999999,18292.900000000001,1323.3130000000001, 1959.611370512747,694.73932500000012,            195158,11804.472013383085,9.3762337228423966,12921.662177697053,9.4666604205862352,0.20487747175837392,            241986,41656.771996924472,200329.22800307552,12117.262758508203,9.4023863891089068,           4306300,5.3867755484752129,7.0529474618480128,1.9534456091479664,4.6384501374419429,            651600,           1507600,-0.92202431731423795,0.66362053959965184,1.6619057467104412,6.0419521064377975,1.7987271561601068,656.80472105872923,0.070999999999999994,0.08900000000000001,                 1,                 1,                 1,                 1,                 1,                 1,                 1,                 1,                 1,                 0,                 0,                 0,                 0,                 0,                 0,0.31998507311793667,0.13131160574822329,0.10399158023291273,
2011-04-01,            262484,            196321,74.793511223541245,92.734261335451095,            233854,            935416,55963.874781424842,          880892.5,18.024233333333335,0.42038383665120505,14562.838548842576, 13990.96869535621,9.5862282580270151,9.5461673072464155,0.0027705711147554268,-0.0034166249703186935,4.9596917999999999,            652100,            607200,           1541500,           1535000,           4315600,           6517600,703192.10031892569,654774.18082142563,1662276.6794074897,1655267.4037564038,4653727.6922808709,0.64912295705867762,1.6479299049834513,2.2970528620421291,-0.94385813370735583,0.6971229912680561,4.6135623081067676, 1.640981124975412,6.9675951662148181,1.9412701388691087,386.72455089820352,5.9577126848270865,-4.8993167955341983,              7.79,1.9918823360752569,5.7981176639247431,0.12783242963558458,13837.299999999999,             20224,             48362,-4.1535677536073186,0.29487067331525385,-0.040060950780599569,0,0,0,0,0,0,0.0036736423017197884,6.7558224820003698e-05,0,            171114,             37212,             26495,             24251,             26225,             30724,             35755,            307031,             73177,51.899999999999999,11766.052823599999,18351.299999999999,1336.8193333333334,1973.2786868500459,693.80923399999995,            197609,11822.510339445316,9.3777606490742418,12906.739517400763,9.4655048971331865,0.20661431581827241,            243594,41538.505137917673,202055.49486208233,12088.534313460968,9.4000127049496349,           4315600,5.3552742672778741,6.9675951662148181,1.9412701388691087,4.6135623081067676,            652100,           1535000,-0.94385813370735583,0.64912295705867762,1.6479299049834513,5.9667570364415408,1.7862035698362289,652.79075154005614,0.070999999999999994,0.08900000000000001,                 1,                 1,                 1,                 1,                 1,                 1,                 1,                 1,                 1,                 0,                 0,                 0,                 0,                 0,                 0,0.33359953960915578,0.13870278420037971,0.13217928548872765,
2011-07-01,            264235,            198599,75.159990160273992,93.188647724550265,            237259,            949036,56295.840680419089,          896204.5,18.090199999999999,0.42018683896486192,14606.527291019447,14073.960170104772,9.5892237825156581,9.5520815724887225,0.0029955244886430421,0.0059142652423069819,5.0928443999999997,            675800,            591900,           1470400,           1554500,4185100.0000000005,           6307000,725195.62897569826,635163.20330085198, 1577874.597285982,1668121.6413772164, 4490997.672131096,0.62368550824204771,1.5493616680505271,2.1730471762925747,-0.92588689997007489,0.71209100603138342,4.4098432514678061,1.6379779060014583,6.6456909959158557,1.8939686741051531,379.89999999999998,5.9399080601935799,-4.9279235961690153,              7.79,2.4418488838343189,5.3481511161656812,0.1275984788775136,             14214,             21071,             48193,-4.1439412291353577,0.30421286671286674,-0.037142210026935629,0,0,0,0,0,0,0.0054631627365800709,0.00010064492366906092,0,            174017,             37855,             27644,             24536,             26902,             30700,             37873,            313223,             75964,51.399999999999999,     11811.2089189,,          1372.252,1989.9425770730418,705.33752800000002,            201661,11962.323375987839,9.3895172708445038,13018.141773046305,9.4740991846127685,0.20674407690367566,            248466,43597.981575427089,204868.01842457292, 12152.56041471864,9.4052951602891621,4185100.0000000005,5.1530579746184557,6.6456909959158557,1.8939686741051531,4.4098432514678061,            675800,           1554500,-0.92588689997007489,0.62368550824204771,1.5493616680505271,5.6570035277903061,1.7328943399758685,652.90648632408704,0.070999999999999994,0.08900000000000001,                 1,                 1,                 1,                 1,                 1,                 1,                 1,                 1,                 1,                 0,                 0,                 0,                 0,                 0,                 0,0.33122007840617718,0.16567577538369938,0.083772456274604445,
2011-10-01,            265385,            200003,75.363340053130358,93.440775239333163,            241023,            964092,56791.545819073566,          911473.5,18.167633333333331,0.41997505900529064,14607.571340240613,14197.886454768392,9.5892952582257109,9.5608483912979061,7.1475710052837371e-05,0.0087668188091836186,5.1877066000000003,            691200,            596600,           1485900,           1571000,4167600.0000000005,           6315000,739719.89019740582,638479.29179943912,1590205.1285363501,1681278.8592305041,4460151.3518326227,0.61882061048115744,1.5412429519174518,2.1600635623986091,-0.91256851005920592,0.71694402608879648,4.3228239628583172,1.6295125361480025,6.5502047522435616,1.8794963090430938,384.30000000000001, 5.951423497570798,-4.9278768845582288,7.5466666666666669,2.5859160601802156,4.9607506064864513,0.12297387939463593,13896.700000000001,             24368,             46570,-4.1834111188609553,0.34351123516310017,-0.028446866927804848,0,0,0,0,0,0,0.0081526467322492191,0.00015059158426422031,0,            175777,             37416,             27633,             23339,             27468,             31069,             38892,            316901,             75878,51.799999999999997,     11864.7847874,,1403.1296666666667,2012.4239031600173,726.82116733333328,            203410,11982.226110223666,9.3911796732906954,13090.056282496029, 9.479608158550624,0.20474533056064828,            252017,44576.044603835267,207440.95539616473,12219.676673111784,9.4108027735467221,4167600.0000000005,5.0767158811952946,6.5502047522435616,1.8794963090430938,4.3228239628583172,            691200,           1571000,-0.91256851005920592,0.61882061048115744,1.5412429519174518,5.5703190151977209,1.7174523261227581,653.07266883413547,0.070000000000000007,0.085999999999999993,                 1,                 1,                 1,                 1,                 1,                 1,                 1,                 1,                 1,                 0,                 0,                 0,                 0,                 0,                 0,0.32448751524340147,0.16119049411065833,0.015169746080672598,
2012-01-01,            269320,            203831,75.683573444229907,93.837823144863449,            240463,            961852,56135.178032273237,            924534,18.259766666666668,0.41975151257084092, 14749.36700541993,14033.794508068309,9.5989554459603106,9.5492235932701117,0.0096601877345996456,-0.01162479802779437,5.0479175999999999,            701400,            615000,           1551000,           1586300,           4193200,           6417500,747459.79445538064,655386.04731973074,1652851.6412892721,1690469.7347370549,4468560.6075139754,0.63939150721732663,1.6125141913724772,2.2519056985898036,-0.91999600770180856,0.72921821652395591,4.3595064521360873,1.6492142242257644,6.6720243862881192,1.8979233200689687,377.39999999999998,5.9333056329344496,-4.9386101420251087,7.3599999999999994,1.9036353701926467,5.4563646298073527,0.12138216690301626,           15276.9,             23423,             48017,-4.1029479432125786,0.32786954087346026,-0.049731852690198863,0,0,0,0,0,0,0.012149973281094606,0.00022531949223456111,0,            179805,             38062,             27028,             24102,             27897,             29211,             40511,            319166,             78703,                53,11909.868887799999,,1424.0170000000001,2027.7418663004019,754.72901000000002,            206833,12071.095426270538,9.3985690660853827,13052.444967169424, 9.476730749008393,0.20666048388612823,            253207,46228.977137289061,206978.02286271093,12079.559185993478,9.3992699795972801,           4193200,5.1441687598507873,6.6720243862881192,1.8979233200689687,4.3595064521360873,            701400,           1586300,-0.91999600770180856,0.63939150721732663,1.6125141913724772,5.6914161430240826,1.7389590999530919, 652.2464993784148,0.068000000000000005,0.085999999999999993,                 1,                 1,                 1,                 1,                 1,                 1,                 1,                 1,                 1,                 0,                 0,                 0,                 0,                 0,                 0,0.34010761537080531,0.17479473306744431,0.055797670756217506,
2012-04-01,            270480,            206577,76.374223602484477,94.694139838908313,            245459,            981836,56523.276780385691,            939141,18.343766666666667,0.4195197256555479,14745.063263997034,14130.819195096423,9.5986636117791377,9.5561134495887412,-0.00029183418117284532,0.0068898563186294837,4.9948930999999996,            710500,            610700,           1674000,           1610300,           4221000,           6564700,750310.42175227287,644918.47229291068,1767796.8276049329, 1700527.617378867,4457509.2050898578,0.62199797114793098, 1.704969057968948,2.3269670291168789,-0.91644633115917529,0.72364427460390535,4.2990886461690136,1.6400906057630806, 6.686147177329004,1.9000378005179694,378.10000000000002,5.9351587108968875,-4.9527310307800319,7.0899999999999999,2.1134351805183194,4.9765648194816805,0.11628242394860241,             14887,             22465,             48054,-4.1444772787849056,0.31856662743374126,-0.042550162190396534,0,0,0,0,0,0,0.017993949064614791,0.00033564397295646388,0,            181148,             37801,             29272,             23164,             28133,             29856,             41548,            324480,             79021,                53,11917.294147299999,,1446.9490000000001,2057.1674053527909,766.88297000000011,            210420,12113.660428145593, 9.402089055791361,13122.239811621008,9.4820637652766937,0.20319896449704142,            258546,47414.489423076921,211131.51057692309,12154.621351631384,9.4054647346098292,           4221000, 5.080158977670405, 6.686147177329004,1.9000378005179694,4.2990886461690136,            710500,           1610300,-0.91644633115917529,0.62199797114793098, 1.704969057968948,5.7096093441267177,1.7421506052375395,649.66450805087277,0.066000000000000003,0.083000000000000004,                 1,                 1,                 1,                 1,                 1,                 1,                 1,                 1,                 1,                 0,                 0,                 0,                 0,                 0,                 0,0.33290643821166543,0.095222613672063083,-0.013354007006185284,
2012-07-01,            271290,            208903,77.003575509602271,95.474454645258206,            242304,            969216,55100.726002680603,          949781.5,18.423666666666669,0.41927583973994242, 14725.08186933473,13775.181500670151,9.5973075683912406, 9.530623810026519,-0.0013560433878971878,-0.025489639562222166,5.1823205999999997,            733000,            626500,           1725000,           1617100,           4206300,           6626400,767744.63150746562,656196.46881231538,1806766.0154848269,1693751.4919655151,4405681.0961935231,0.6463987387744321,1.7797890253565769,2.4261877641310088,-0.91218056656101432,0.7562813655573164,4.3398994651347067,1.6684619321183307,6.8368660855784471,1.9223294520173608,             375.5, 5.928258471204189,-4.9423482350332453,6.8300000000000001,2.4528813074575329,4.3771186925424672,0.11395594996368198,           15117.6,             23786,             48724,-4.140372330146838,0.32803751206730108,-0.066683758364721513,0,0,0,0,0,0,0.02657318699475587,0.00049996025124878862,0,            180796,             37344,             28533,             22697,             28696,             30024,             41942,            321445,             79141,52.899999999999999,     11968.8140614,,1484.3896666666667,2073.6382737592799,785.24213366666663,            209329,11900.525655184321,9.3843378508286008,12837.853577927235,9.4601533964419229,0.20544727713916844,            255405,47827.130302228994,207577.86969777101, 11800.97245860264, 9.375937218804081,           4206300,5.1500822661477592,6.8368660855784471,1.9223294520173608,4.3398994651347067,            733000,           1617100,-0.91218056656101432,0.6463987387744321,1.7797890253565769,5.8539066627047021,1.7671092439513818,649.64343297931998,0.064000000000000001,0.083000000000000004,                 1,                 1,                 1,                 1,                 1,                 1,                 1,                 1,                 1,                 0,                 0,                 0,                 0,                 0,                 0,0.35519802459663874,0.10726783105010326,0.061325088335441001,
2012-10-01,            271887,            210348,77.365964536737692,95.923770076473019,            246628,            986512,55586.682806716046,            959544,18.501433333333335,0.41900571702286504,14695.456027731183,13896.670701679011, 9.595293611221539,9.5394045725649796,-0.0020139571697015413,0.0087807625384606069,5.4104289999999997,            745600,            641100,           1783300,           1631900,           4312900,           6806300,777283.87802688277,668343.20574441331, 1859080.391208879,1701246.7282082485,4496174.4065747624,0.64986538430348539,1.8076820150185704,2.4575473993220558,-0.89841786009698821, 0.755794151515643,4.3718677522422436,1.6542120116126311,6.8993585480967283,1.9314284432378368,375.60000000000002,5.9285247473341078,-4.9555578146931127,6.5733333333333333,2.6572926335211466,3.9160406998121866,0.10873686956333695,           15678.5,             21849,             51450,-4.1141678245327116,0.2980804649449515,-0.055889038656559364,0,0,0,0,0,0,0.039244928854598661,0.00074792533082503228,0,            183214,             37016,             28553,             21783,             29112,             30610,             41418,            324967,             78338,53.100000000000001,     12042.5993757,,          1505.691,2084.1104421593836,799.52192100000002,            211767,11932.368848964672,9.3870100577418931,12914.519775321842,9.4661075213559887,0.20349143143765366,            258839,48126.791892715264,210712.20810728474,11872.934820420205,9.3820167039194171,           4312900, 5.182321067559239,6.8993585480967283,1.9314284432378368,4.3718677522422436,            745600,           1631900,-0.89841786009698821,0.64986538430348539,1.8076820150185704,5.9309972914673112,1.7801923761826211,650.90088744655816,             0.062,0.081000000000000003,                 1,                 1,                 1,                 1,                 1,                 1,                 1,                 1,                 1,                 0,                 0,                 0,                 0,                 0,                 0,0.34405041787839324,0.027507035236007456,-0.025229996095837221,
2013-01-01,            273552,            212526,77.691261624846462,96.327096310084116,            250783,           1003132,56023.361508268375,          968886.5,18.588333333333331,0.41869810312668382,14716.327445530353,14005.840377067094,9.5967128669645003,9.5472296913967778,0.0014192557429613117,0.0078251188317981502,5.3895695999999997,            755300,            664000,           1851300,           1647000,           4368200,           6952200,784099.20877157233,689317.98573325039,1921889.1370300699,1709799.2808775052,4534757.2669879282,0.6619268451210808,1.8455198318865313, 2.507446677007612,-0.88891591535311409,0.75294178632522935,4.3545615133402187,1.6418577016783433,6.9304936937511714, 1.935931050743892,379.69999999999999, 5.939381467237757,-4.9567220524531699,6.4400000000000004,2.6527396755334109,3.7872603244665894,0.10573563598808532,             17266,             22061,             54187,-4.0274082241541054,0.28933217920470045,-0.049483175567722526,0,0,0,0,0,0,0.057601771917035305,0.0011187358941592319,0,            184109,             37211,             29115,             21371,             29711,             30809,             41593,            328720,             77937,52.899999999999999,     12123.4834926,,1523.4443333333334,2096.3253591430384,805.90205233333324,            213224,11908.228662069416,9.3849849243420849,12957.034519568255,9.4693941257889005,0.20358359698223413,            261798,48098.347450717934,213699.65254928207,11934.793116917588, 9.387213204472511,           4368200,5.1579473611980609,6.9304936937511714, 1.935931050743892,4.3545615133402187,            755300,           1647000,-0.88891591535311409,0.6619268451210808,1.8455198318865313,5.9730922749947171,1.7872647623157074,652.20927961624682,0.057999999999999996,0.080000000000000002,                 1,                 1,                 1,                 1,                 1,                 1,                 1,                 1,                 1,                 0,                 0,                 0,                 0,                 0,                 0,0.33430738350273703,0.044720482614981398,-0.10416154845202992,
2013-04-01,            274290,            213978,78.011593568850486,96.724266408444365,            252283,           1009132, 55888.50545337017,            978101,18.667666666666669, 0.418347588773826,14693.320000714246,13972.126363342542,9.5951482477658683,9.5448196499269464,-0.0015646191986320446,-0.0024100414698313699,5.5890389999999996,            761700,            661000,           1798700,           1683400,           4447400,           6951400,787496.28018217871,683385.90153658937,1859616.0682206708,1740411.2354715501,4598018.8479483025,0.65501837222484272,1.7824229139498102,2.4374412861746531,-0.91335920375134272,0.75480710154865771,4.4071538708513849,1.6681663053000004,6.8884942703234069,1.9298525227279684,379.39999999999998, 5.938591057500914,-4.9592170838142193,6.2666666666666666,2.1438777235736728,4.1227889430929938,0.10453842179880002,18846.099999999999,             23596,             58533,-3.9493069407500219,0.28730411912966186,-0.050328597838921851,0,0,0,0,0,0,0.083125941610062912,0.0016585109205237533,0,            185834,             37871,             29290,             20891,             30235,             30714,             42789,            331029,             78746,52.700000000000003,      12146.183944,,1549.1256666666666, 2118.592760881771,816.38922633333334,            215124, 11914.15874945082,9.3854827827138294, 12943.14255639668,9.4683213945513476,0.20574028257343013,            262923,49051.579048965497, 213871.4209510345,11844.787476902844,9.3796431744228794,           4447400,5.2161552961687203,6.8884942703234069,1.9298525227279684,4.4071538708513849,            761700,           1683400,-0.91335920375134272,0.65501837222484272,1.7824229139498102,5.9312359532746957,1.7802326151161325,650.65356913022515,0.057999999999999996,0.083000000000000004,                 1,                 1,                 1,                 1,                 1,                 1,                 1,                 1,                 1,                 0,                 0,                 0,                 0,                 0,                 0,0.35496909804297211,0.073110406549521709,-0.034939822975307476,
2013-07-01,            276681,            217451,78.592675319230452, 97.44473247582745,            255284,           1021136,55910.758382566441,          987113.5,18.742599999999999,0.41793748302611117,14762.146127004791, 13977.68959564161, 9.599821489143272,9.5452177371544753,0.0046732413774037695,0.00039808722752887604,5.6357290999999998,            788000,            682100,           1887200,           1694200,           4530900,           7164300,808663.51620953402,699986.52843467402,1936687.5479576555,1738626.5598504981,4649712.5959311901,0.66798154212563265,1.8481377602983344, 2.516119302423967,-0.88744300465364068,0.77168956926403531,4.4371170931198192,1.6591325739176761,7.0160096206577771, 1.948194626314349,             383.5,5.9493396208073106,-4.9562876623628371,6.0133333333333328,2.0636701596148832,3.9496631737184495,0.099769172111582913,19936.900000000001,             23479,             58961,-3.9022127417078734,0.28480106744298883,-0.054603751988796745,0,0,0,0,0,0,0.11899610280024586,0.002468844293192953,0,            187109,             38276,             29686,             20443,             30616,             31013,             42729,            333925,             78641,52.799999999999997,12141.593138599999,,1574.3263333333334,2138.8260850008719,831.24430399999994,            216795, 11870.28257112519,9.3817932928069041,12923.986083383399,9.4668402501396773,0.20630980010481395,            265033,49382.588551321402,215650.41144867858, 11807.61235487546,9.3764997172765945,           4530900, 5.251155873458579,7.0160096206577771, 1.948194626314349,4.4371170931198192,            788000,           1694200,-0.88744300465364068,0.66798154212563265,1.8481377602983344,6.0657933908901462,1.8026653484967707,647.80730200719211,0.055999999999999994,0.079000000000000001,                 1,                 1,                 1,                 1,                 1,                 1,                 1,                 1,                 1,                 0,                 0,                 0,                 0,                 0,                 0, 0.347916592687603,0.047263601011084275,-0.099281616832221004,
2013-10-01,            277931,            219587,79.007739330985032,97.959358061754941,            259999,           1039996,56453.296466572952,          996601.5,18.806000000000001,0.41749056339056767,14778.847176433053,14113.324116643238, 9.600952192571965,9.5548746029721094,0.0011307034286929252,0.0096568658176341415,5.8231089999999996,            808400,            690800,           1940500,           1730100,           4703700,           7400000,825240.19756272121,705190.41127700126,1980923.5568659829,1766140.6058922119,4801685.2019739877, 0.664233323974323,1.8658725610483118,2.5301058850226346,-0.88625340866695645,0.77731068196416142,4.5228058569456033,1.6635640906311178,7.1154119823537787,1.9622631332180855,396.80000000000001,5.9834323754107182,-4.9371190816907093,5.9299999999999997,2.1220892211170295,3.8079107788829702,0.098649350574425282,             22009,             22962,             61941,-3.8128995303510358,0.2704498074272994,-0.046077589599855528,0,0,0,0,0,0,0.16812860871161828,0.0036897111492962156,0,            189649,             39387,             30438,             20143,             30845,             32188,             43840,            339479,             79480,52.600000000000001,12179.839836499999,,1604.4706666666666, 2162.363642144669,843.95157066666661,            220087,  11946.8119679678,9.3882197408440984, 13030.06804230552,9.4750148920780521,0.20688172169707111,            269247,50267.305320800398, 218979.6946791996,11886.704971831125,9.3831758252758934,           4703700,5.3343008729520758,7.1154119823537787,1.9622631332180855,4.5228058569456033,            808400,           1730100,-0.88625340866695645, 0.664233323974323,1.8658725610483118,6.1666583333012817,1.8191570920587075,647.65712200893324,0.054000000000000006,             0.078,                 1,                 1,                 1,                 1,                 1,                 1,                 1,                 1,                 1,                 0,                 0,                 0,                 0,                 0,                 0,0.35138233965322963,0.078424930089530165,-0.11185587902934749,
2014-01-01,            280126,            222397,79.391773701834168,98.435510914128457,            263299,           1053196,56644.085004464694,         1008019.5,18.888733333333334, 0.417043696325262,14830.322132064615,14161.021251116174, 9.604429156545736,9.5582484869009932,0.0034769639737710634,0.0033738839288837141,5.9471185000000002,            818100,            710200,           1986600,           1751900,           4779700,           7539000,831102.50803054252,721487.59467460122,2018174.1137434002,1779743.8990572148,4855666.3704114221,0.67432842509846225,1.8862585881450367,2.5605870132434987,-0.88663458653470006,0.77677849137292587,4.5382815734203321,1.6634130779076259,7.1582117668506147,1.9682601965458673,402.69999999999999,5.9981918678574084,-4.9305824164045484,5.9299999999999997,2.1888073914915873,3.7411926085084124,0.098640395519922222,             22424,             22786,             60845,-3.8056109798198055,0.27245877724767131,-0.046180669644742878,0,0,0,0,0,0,0.23220075713648017,0.0055109728387766803,0,            191003,             39683,             30822,             20208,             30899,             32469,             43952,            342950,             79651,52.799999999999997,     12177.5486549,,1628.9300000000001,2185.9962404874573,860.07504000000006,            221825,11930.423355306495,9.3868470010764504,13045.722303211334,9.4762155661576486,0.20580842688438547,            272368, 50397.30802157749,221970.69197842252,11938.259113142867,9.3875035733969554,           4779700,5.3549149825863376,7.1582117668506147,1.9682601965458673,4.5382815734203321,            818100,           1751900,-0.88663458653470006,0.67432842509846225,1.8862585881450367, 6.212234000129131,1.8265205736254555,644.69906160462494,0.052999999999999999,0.075999999999999998,                 1,                 1,                 1,                 1,                 1,                 1,                 1,                 1,                 1,                 0,                 0,                 0,                 0,                 0,                 0,0.35126711880598993,0.099757504521144777,-0.14106251318016227,-0.064956630351326136
2014-04-01,            281366,            224094,79.645017521662183,98.749500432541751,            267755,           1071020,57211.172093268222,         1019167.5,18.957533333333334,0.41663796321010599, 14841.90981245802,14302.793023317055, 9.605210202002926,9.5682101134921282,0.00078104545718993279,0.0099616265911350865,5.8045404999999999,            825200,            725500,           2012800,           1790100,           4873900,           7656400,835649.79709817853,734687.26102124155,  2038288.79253419,1812768.6643061673,4935619.9055705434,0.6773916453474258,1.8793299845007563,2.5567216298481821,-0.90091688297137307,0.77048047655505969,4.5507086702395849,1.6713973595264326,7.1486993706933575,1.9669304339622442,402.89999999999998,5.9986883921973018,-4.9432322412840914,5.9299999999999997,2.0938220565512422,3.8361779434487575,0.099113863419917458,22661.900000000001,             22313,             61382,-3.8060562962789297,0.2665989605113806,-0.037000088510797724,0,0,0,0,0,0,0.30966954485840897,0.0081526467322492191,0,            192628,             40101,             31516,             20356,             31123,             33813,             44119,            347973,             80218,53.100000000000001,12248.923523900001,,1653.7123333333334,2219.0091765491634,878.12124900000015,            224144,11973.204008957358,9.3904264326560671,13137.998516137206,9.4832639605080669,0.20468254720912255,            276749,50831.610699680721,225917.38930031928,12067.933967733972,9.3983071285813473,           4873900,5.3706011549737633,7.1486993706933575,1.9669304339622442,4.5507086702395849,            825200,           1790100,-0.90091688297137307,0.6773916453474258,1.8793299845007563, 6.206513417116394, 1.825599291756173, 646.1243300235966,0.052000000000000005,0.074999999999999997,                 1,                 1,                 1,                 1,                 1,                 1,                 1,                 1,                 1,                 0,                 0,                 0,                 0,                 0,                 0,0.35749468804369283,0.099338538272490867,-0.13880921935448251,-0.088595289722922951
2014-07-01,            283963,            226243,79.673408155287831,98.784701139060942,            269340,           1077360,57331.849736012569,         1032685.5,19.022833333333331,0.41627907985561952,14927.481885803903,14332.962434003142,9.6109592149421932,9.5703172289753269,0.0057490129392672173,0.0021071154831986405,6.1719483999999998,            854700,            738600,           2064000,           1812000,           4955800,           7821100,865214.94740043196,747686.62706207915,2089392.3615707166,1834292.1313789431,5016768.7332713939,0.68556471374470929,1.9157941635108042,2.6013588772555134,-0.88856092670973486,0.79332813544219205,4.5999480210885872,1.6818890621519269,7.2595047152298209,1.9823116054668191,               402,5.9964520886190211,-4.9479320614812901,5.9299999999999997,1.3751063081484549,4.5548936918515448,0.099736021385609275,24259.900000000001,             22459,             61588,-3.7510931882191625,0.26721953192856379,-0.040641985966866301,0,0,0,0,0,0,0.40058632805543276,0.012097507016245214,0,            194081,             41026,             31364,             20365,             31501,             34953,             45512,            351280,             81941,53.600000000000001,     12304.7341237,,1698.1443333333334,2249.9586408059836,910.20536266666682,            225445,11997.084413506491,9.3924189337081021,13165.023423754817,9.4853188511734015,0.20646492826235482,            278753,52179.368184923704,226573.63181507628,12057.144699417642, 9.397412684324026,           4955800,5.4447959481200963,7.2595047152298209,1.9823116054668191,4.5999480210885872,            854700,           1812000,-0.88856092670973486,0.68556471374470929,1.9157941635108042,6.3127459716343655,1.8425707596457948,646.84024235962056,0.052999999999999999,0.075999999999999998,                 1,                 1,                 1,                 1,                 1,                 1,                 1,                 1,                 1,                 0,                 0,                 0,                 0,                 0,                 0,0.36563397050349306,0.13916405364723772,-0.12659398990539461,-0.11783722973083194
2014-10-01,            285728,            228393,79.933713181767274,99.107445638651683,            272615,           1090460, 57641.32156203378,           1045679,           19.0884,0.41594139387476697,14968.672073091511,14410.330390508445,9.6137147676067656,9.5757006165939096,0.0027555526645723916,0.0053833876185827023,6.3574494000000001,            880200,            763200,           2123700,           1845100,           5123900,           8083200,888127.01641936367, 770073.3230302867,2142825.8859007074, 1861716.834805008,  5170045.46629309, 0.699888120609651,1.9475267318379399,2.6474148524475911,-0.8848559323588211,0.80718229004273423,4.6988426902408156,1.6920382224015553,7.4126515415512717,2.0031882081690013,             412.5,6.0222362057747354,-4.9307931570443388,5.9299999999999997,1.1720039816644823,4.7579960183355174,0.10033786658841222,25407.799999999999,             22095,             61300,-3.7173655006641111,0.26494394148330236,-0.03801415101285599,0,0,0,0,0,0,               0.5,0.017993949064614791,0,            194975,             41388,             31477,             20453,             32027,             36439,             46341,            355452,             82837,53.399999999999999,     12325.9777423,,1722.4680000000001,2284.5471051973459,919.79791200000011,            226452,11970.170891518876, 9.390173075101643,13190.250641013659,9.4872332478821182,0.2065398422290492,            282037, 52812.73717126363,229224.26282873636,12116.711702888082,9.4023409111687464,           5123900,5.5423380151495705,7.4126515415512717,2.0031882081690013,4.6988426902408156,            880200,           1845100,-0.8848559323588211, 0.699888120609651,1.9475267318379399,6.4614016103295846,1.8658462618037364,645.73132071310317,0.052000000000000005,0.074999999999999997,                 1,                 1,                 1,                 1,                 1,                 1,                 1,                 1,                 1,                 0,                 0,                 0,                 0,                 0,                 0,0.37346245798070715,0.16328524583847254,-0.11520809185594798,-0.15198762840025093
2015-01-01,            286815,            230035,80.203266914212989,99.441657335089587,            273961,           1095844,57489.792436119074,           1057268,19.168566666666667,0.41558946925344431,14962.777602915885,14372.448109029769,9.6133209029382893,9.5730683270564025,-0.00039386466847624035,-0.0026322895375070487,6.3517064999999997,            894100,            798100,           2229700,           1877500,           5247400,           8347000,899120.17152644787,802581.15299771621,2242219.2668074272, 1888041.742580143,5276862.9773715269,0.72829709338190474,2.0346874190121951,2.7629845123940999,-0.89739050448786506,0.81590080339902393,4.7884552910815774, 1.713291307886889,7.6169600782593143,2.0303773502398959,414.39999999999998, 6.026831690945273,-4.9269319249908241,5.7566666666666668,1.0221376529846671,4.7345290136819997,0.0986284696240219,25947.099999999999,             21695,             63149,-3.7073836515140037,0.25570458724246853,-0.040252575881886798,0,0,0,0,0,0,0.59941367194456718,0.026686737620914419,0,            195714,             41777,             31619,             20025,             32653,             37057,             47543,            357868,             83907,53.399999999999999,12395.741059600001,,1748.6773333333333,2318.0607222145591,933.79369599999995,            227333,11926.265950153724, 9.386498469464069,13149.357029591745,9.4841281413224259,0.20798171392804052,            283438,53993.925374719169,229444.07462528083,12037.016423783685,9.3957418828204169,           5247400,5.6405781260836401,7.6169600782593143,2.0303773502398959,4.7884552910815774,            894100,           1877500,-0.89739050448786506,0.72829709338190474,2.0346874190121951,6.6540492989878128,1.8952255864939687,646.67021145382114,0.052000000000000005,0.07400000000000001,                 1,                 1,                 1,                 1,                 1,                 1,                 1,                 1,                 1,0.050000000000000003,                 0,                 0,                 0,                 0,                 0,0.38969568444934644,0.12798088157979784,-0.062416083158101175,-0.18900365080264059
2015-04-01,            288596,            232615,80.602295250107417,99.936400761033156,            277896,           1111584,57821.120781098121,         1070074.5,19.236766666666668,0.41519331860793557,15002.313278565523, 14455.28019527453,9.6159596867649206,9.5788150382317614,0.0026387838266312968,0.005746711175358854,6.1124615000000002,            900500,            798200,           2242000,           1920700,           5469800,           8549400,901073.07561862865,798707.97219188162,2243426.8023730875,1921922.3279741255,5473280.9650402833,0.71807438754066266,2.0169415896594409,2.7350159772001037,-0.91778938883611139,0.81010521921870049,4.9207257391254284,1.7278946080548119,7.6911866309698596,2.0400750799318259,412.69999999999999,6.0227209367585361,-4.941752267874497,5.5300000000000002,1.2019304637416406,4.3280695362583597,0.095552571825431101,26108.700000000001,             21008,             61576,-3.7132149590816188,0.25438341567373823,-0.037144648533159241,0,0,0,0,0,0,0.68939319804263632,0.039080089281413925,0,            197694,             42073,             31364,             19528,             33210,             37164,             48170,            361896,             84000,53.799999999999997,12453.380460599999,,1768.9723333333334,2351.9616892730178,951.70711533333338,            229058,11914.880282440889,9.3855433418483649, 13185.08023885771,9.4868411843856855,0.20802385215642064,            286613,54451.491041625217,232161.50895837479,12076.315105474874,9.3990013840168452,           5469800,5.7768977561149981,7.6911866309698596,2.0400750799318259,4.9207257391254284,            900500,           1920700,-0.91778938883611139,0.71807438754066266,2.0169415896594409,6.7379523274894204,1.9077560697870881,647.37388961415888,0.049000000000000002,0.072999999999999995,                 1,                 1,                 1,                 1,                 1,                 1,                 1,                 1,                 1,0.14999999999999999,                 0,                 0,                 0,                 0,                 0,0.40073615239786026,0.10105844633232237,-0.034130929870582381,-0.22595964344917135
2015-07-01,            291248,            235308,80.793001153655993, 100.1728513676243,            279298,           1117192,57776.532079034194,         1082081.5,19.303066666666666,0.41471682954128897,15088.172518356323,14444.133019758548,9.6216664389513156,9.5780435916985134,0.0057067521863949366,-0.00077144653324801027,6.2744530999999997,            937700,            799100,           2217400,           1939300,           5596100,           8672300,936081.96951361117,797721.12812021619,2213573.8074005349,1935953.6775917097,5586443.7555669397,0.71527544056885473,1.9847975996963816,2.7000730402652362,-0.89653345172539722,0.83933647931599942,5.0090763270771719,1.7358699310413968, 7.762586914335226,2.0493156438906635,418.19999999999999,6.0359597869945336,-4.9301051873395831, 5.456666666666667,1.4052279478066421,4.0514387188600249,0.094720635903825554,23228.799999999999,             20839,             66525,-3.8412488919364183,0.23853074492926149,-0.043622847252802188,0,0,0,0,0,0,0.76779924286351986,0.057128011137615876,0,            199575,             41827,             32178,             19308,             33486,             37674,             48210,            363815,             84517,53.899999999999999,     12547.8046018,,1808.0123333333333,2393.4538679745538,974.51864766666665,            231753,11985.303008715076,9.3914364288780607,13214.718014236812,9.4890864885009858,0.20700905680084658,            288502,55229.093371631185,233272.90662836883,12063.906269453684,9.3979733207757192,           5596100,5.8813692254032137, 7.762586914335226,2.0493156438906635,5.0090763270771719,            937700,           1939300,-0.89653345172539722,0.71527544056885473,1.9847975996963816,6.8126159156170107,1.9187761749810486,650.04202795756123,0.049000000000000002,0.072999999999999995,                 1,                 1,                 1,                 1,                 1,                 1,                 1,                 1,                 1,0.29999999999999999,                 0,                 0,                 0,                 0,                 0,0.40673293730338306,0.029280114121072315,-0.029659356164074106,-0.2624545115295327
2015-10-01,            292696,            237130,81.015797961024404,100.44909053625291,            277483,           1109932,57045.807528170866,         1090823.5, 19.36986666666667,0.4141918936938509,15110.893897049709,14261.451882042717,9.6231712128187112,9.5653155037954996,0.0015047738673956701,-0.012728087903013829,5.9124787000000003,            957400,            829500,           2293800,           1962600,           5638400,           8823000,953119.62994275836,825791.44875445799,2283544.8163387291,1953825.5543405656,5613191.6873503746,0.74734308047700215,2.0666130898109074,2.8139561702879097,-0.9056410662995571,0.86257536497731391,5.0799508438354781,1.7682164312768711,7.9491356227228334,2.0730631960535337,421.89999999999998,6.0447683191302932,-4.9113223971220181,5.5733333333333333,1.3537276528071462, 4.219605680526187,0.098548595769830952,18948.700000000001,             19968,             66497,-4.0529528669682922,0.23093737350372984,-0.057855709023211688,0,0,0,0,0,0,0.83187139128838172,0.083125941610062912,0,            201129,             42578,             31383,             19436,             33635,             35732,             49328,            363540,             86057,54.399999999999999,     12606.1943667,,1829.8723333333332, 2439.151701381933,995.45054933333336,            232512,11950.132800919393, 9.388497670345556,13105.792341481054, 9.480809574935618,0.20964130494581065,            287327,56279.813709633054,231047.18629036695,11874.847575388143,9.3821777930636756,           5638400,5.9768080831378256,7.9491356227228334,2.0730631960535337,5.0799508438354781,            957400,           1962600,-0.9056410662995571,0.74734308047700215,2.0666130898109074,6.9882659478238303, 1.944232449335815,650.81472080516801,0.050000000000000003,0.07400000000000001,                 1,                 1,                 1,                 1,                 1,                 1,                 1,                 1,                 1,               0.5,                 0,                 0,                 0,                 0,                 0,0.43074011215508817,-0.023748093350457484,0.062730937252729588,-0.29783689868691426
2016-01-01,            295146,            238566, 80.82982659429571,100.21851014176409,            279003,           1116012,57233.296831392203,         1098675.5,19.456833333333332,0.41367294226069001,15169.272149459061,14308.324207848051,9.6270270915909304,9.5685967593232029,0.0038558787722191568,0.0032812555277033084,6.0412667999999998,            970100,            833100,           2275100,           1989100,           5643100,           8809200,967984.85492125666, 831283.5611121523, 2270139.514927689,1984763.0913553981,5630796.1393734086,0.74649734949086566,2.0385981512743592,2.7850955007652249,-0.91307261929083194,0.86925588613742499, 5.056486847811672,1.7823285054282569,7.8934635111450415,2.0660350133331176,425.39999999999998,6.0530299027661369,-4.9040439352325169,5.6299999999999999,0.78121466143381557,4.8487853385661843,0.10034509485561087,18576.099999999999,             20296,             64120,-4.0799848341461624,0.24042835481425323,-0.058430332267727536,0,0,0,0,0,0,0.88100389719975414,0.11945612309116151,0,            203172,             43108,             31953,             19791,             33839,             34689,             49869,            365973,             86970,                55,     12678.5784246,,          1852.768,2475.5279854409027,1019.0224000000001,            235125,12058.095179515176,9.3974915124926692,13183.209693681612,9.4866993060019134,0.21025321540113615,            289026,56693.882401160743,232332.11759883925,11914.865655566684,  9.38554211423358,           5643100,5.9695795385712698,7.8934635111450415,2.0660350133331176, 5.056486847811672,            970100,           1989100,-0.91307261929083194,0.74649734949086566,2.0385981512743592,6.9285097292860645,1.9356447437969782,651.62599727259499,0.050999999999999997,0.074999999999999997,                 1,                 1,                 1,                 1,                 1,                 1,                 1,                 1,                 1,0.69999999999999996,                 0,                 0,                 0,                 0,                 0,0.44108441542410226,-0.0061278438754310193,0.089506084166954505,-0.33224451209713102
2016-04-01,            296578,            240364,81.045795709728978,  100.486283857202,            282305,           1129220,57529.057940599181,         1105950.5,           19.5337,0.41321414695199316,15182.889058396515,14382.264485149795,9.6279243528935279,9.5737510935051517,0.00089726130259748516,0.005154334181948883,5.6452024999999999,            980700,            849300,           2424000,           2028100,           5775200,           9091200,975954.09279304522,845189.97757635696,2412269.5227188147,2018285.4038886256,5747252.0410914598,0.75211207736313557,2.1466144772497828,2.8987265546129182,-0.92754290572253417,0.86847558491702237,5.1143267033881799,1.7960184906395564,8.0508669701209676,2.0857797837831153,423.69999999999999,6.0490256576325132,-4.915870850156641,5.4699999999999998,0.55023304019494734,4.9197669598050524,0.098242211437983742,20280.099999999999,             21299,             66666,-3.9988203155263768,0.24213039276985165,-0.054173259388376138,0,0,0,0,0,0,0.91687405838993719,0.16812860871161828,0,            203607,             42767,             31932,             19547,             34091,             37758,             49952,            369656,             87350,54.399999999999999,     12663.0578092,,1871.4743333333333, 2508.771175953771,1018.0820373333332,            235539,11999.731476834266,9.3926395515892924, 13190.99798099203,9.4872899047893995,0.20791763152769061,            292798,57417.098469928795,235380.90153007122,11991.677017971642, 9.391968106295284,           5775200,6.0159065880283142,8.0508669701209676,2.0857797837831153,5.1143267033881799,            980700,           2028100,-0.92754290572253417,0.75211207736313557,2.1466144772497828,7.0855103522785647,1.9580519033329613,648.26724118830532,0.050000000000000003,0.074999999999999997,                 1,                 1,                 1,                 1,                 1,                 1,                 1,                 1,                 1,0.84999999999999998,                 0,                 0,                 0,                 0,                 0,0.45103741523992447,0.00028718436766289151,0.1150009146693471,-0.36667008530350209
2016-07-01,            298417,            242545,81.277206057295658,100.77320269943735,            284637,           1138548,57600.086725406436,           1113599,19.614766666666668,0.41284446971065492,15213.894973684792,14400.021681351609, 9.629964432265691, 9.574984991212375,0.0020400793721631061,0.0012338977072232638,5.6935558000000004,           1006000,            873000,           2503400,           2058600,           5895400,           9321900,998281.26233167422,866301.73162579688,2484192.1591661167,2042804.9767753326,5850166.3558152607,0.76676609154818243,2.1987654451107903,2.9655315366589727,-0.92451086822865614,0.88358154421245305,5.1779986438867747,1.8080924124411093,8.1875335954215362,2.1026127042105442,424.39999999999998,6.0506764067398278,-4.9183052336625002,5.3033333333333328,0.59931540693576313,4.7040179263975697,0.095889167606460143,           22023.5,             20025,             63256,-3.9232423265150027,0.24045100323002846,-0.054979441053315981,0,0,0,0,0,0,0.94263556779374824,0.23142067007472897,0,            205772,             42146,             31892,             18869,             34714,             37293,             50135,            371411,             86775,54.200000000000003,     12720.2515229,,1914.5856666666666,2534.4643066829199,1037.7054313333333,            237664,12023.618689336765,9.3946282184662842,13211.820185344186,9.4888671764683359,0.20694055911106563,            294551,57531.035068966725,237019.96493103326,11991.036421547715,9.3919146847818524,           5895400, 6.089427438573809,8.1875335954215362,2.1026127042105442,5.1779986438867747,           1006000,           2058600,-0.92451086822865614,0.76676609154818243,2.1987654451107903,7.2190193123170925,1.9767191143601353,648.50384096165635,0.049000000000000002,0.07400000000000001,                 1,                 1,                 1,                 1,                 1,                 1,                 1,                 1,                 1,0.94999999999999996,                 0,                 0,                 0,                 0,                 0,0.45975320152249344,0.018745237285514874,0.1350807212581302,-0.40301964602434254
2016-10-01,            300485,            244833,81.479275171805583,101.02374221504829,            286092,           1144368,57522.398735384908,         1120337.5,19.692700000000002,0.41254248070916749,15258.699924337443,14380.599683846227,9.6329051062116022,9.5736353330373731,0.002940673945911243,-0.0013496581750018777,5.5972495000000002,1030900.0000000001,            895800,           2552000,           2082500,           6147700,           9657800,1020453.1899100838,886722.24999655923,2526138.8501799721,2061396.6126566585,6085401.1791737527, 0.782790151419823,2.2300518714259749,3.0128420228457982,-0.91893516770828965,0.9008465808201559,5.3721355368203234,1.8197817485284453,8.4394180892859634,2.1329133594638621,433.60000000000002,6.0721224501254367,-4.897992618696156,5.2599999999999998,0.57208251038169955,4.6879174896183002,0.09572051997259623,24406.299999999999,             20010,             64294,-3.8265439624878606,0.23735528563294742,-0.059269773174229101,0,0,0,0,0,0,0.96091991071858618,0.31060680195736368,0,            205169,             42350,             31420,             19035,             35215,             40166,             50560,            373580,             87488,52.100000000000001,      12670.279301,,          1944.508,2573.0396024010056,       1013.088668,            236589,11892.299325397056,9.3836463541171522,13136.449504621642,  9.48314605039889,0.2076262112532791,            296015,57955.418759034204,238059.58124096581,11966.219043980251,9.3898428793131234,           6147700,6.2574177781972233,8.4394180892859634,2.1329133594638621,5.3721355368203234,1030900.0000000001,           2082500,-0.91893516770828965, 0.782790151419823,2.2300518714259749,7.4660423919578314,2.0103650584775892,643.39980302345532,             0.047,0.07400000000000001,                 1,                 1,                 1,                 1,                 1,                 1,                 1,                 1,                 1,                 1,                 0,                 0,                 0,                 0,                 0,0.46813481003237029,0.075398359455200598,0.1541107071215751,-0.44282741583122592
2017-01-01,            302058,            246879,81.732316310112623,101.33748043464131,            288728,           1154912,57588.423798209966,           1127721,19.789900000000003,0.41227999140501365,15263.240339769274,14397.105949552491,9.6332026243527178,9.5747824896402438,0.0002975181411155603,0.0011471566028706803,5.6838696999999998,           1040700,            916600,           2615200,           2108700,           6302400,           9889500,1026964.5500720838,904502.45661196508,2580683.8583150893,2080868.7871019535,6219219.1605403107,0.79365354243440189,2.2644149510958411,3.0580684935302429,-0.924745781496772,0.90110761685738827,5.4570391510348841,1.8258533983541603,8.5629900806295201,2.1474494376444024,439.19999999999999,6.0849548901953208,-4.8894081118192698,5.2666666666666666,1.1165305603669351,4.1501361062997315,0.096161612313319114,25168.400000000001,             20849,             68673,-3.8023648216514467,0.23289247335850405,-0.058420134712473981,0,0,0,0,0,0,0.97353989361439741,0.40269189990653548,0,            207162,             42689,             30938,             19180,             35554,             41255,             52569,            378906,             90178,51.600000000000001,     12764.8073845,,          1981.069,2610.2190009215483,1022.2316040000001,            238100,11872.596099403067,9.3819881746758895,13134.851024477779,9.4830243601807709,0.20649712593624803,            300663,60142.652586657379,240520.34741334262,11993.284076130709,9.3921021117794012,           6302400,6.3421555962705387,8.5629900806295201,2.1474494376444024,5.4570391510348841,           1040700,           2108700,-0.924745781496772,0.79365354243440189,2.2644149510958411, 7.590361863068356,2.0268792665646513, 645.0162650897679,             0.047,0.07400000000000001,                 1,                 1,                 1,                 1,                 1,                 1,                 1,                 1,                 1,                 1,                 0,                 0,                 0,                 0,                 0,0.47247292776272587,0.09171514180250484,0.15407490140469787,-0.48589566387984867
2017-04-01,            303774,            249399,82.100179738884833,101.79358341445142,            289891,           1159564,57323.794138416852,         1133718.5,           19.8719,0.41202995796944997,15286.610741801236,14330.948534604213,9.6347326093289762,9.5701767108580018,0.0015299849762584472,-0.0046057787822419982,         5.6086497,           1042000,            920800,           2631900,           2147500,           6466300,          10044200, 1023640.159868927,904575.68062121689,2585526.4268320813,2109661.4619179661,6352365.0343190422,0.79409157234960726,2.2697324166669541,3.0638239890165613,-0.9533755790969709,0.89861361684219243,5.5764925437492021,1.8519891959391634,8.6620488390464008,2.1589512810871376,437.60000000000002,6.0813052511077714,-4.8929427057196708,5.2666666666666666,1.3009731349078235,3.9656935317588431,0.097538097652795933,22885.099999999999,             21578,             67813,-3.9027721733698724,0.24138895414527189,-0.064555898470974427,0,0,0,0,0,0,0.98200605093538529,               0.5,0,            209979,             43426,             31086,             19345,             35992,             39651,             51947,            379604,             89712,52.399999999999999,12853.884995099999,,2013.7070000000001,2645.2663412049437,       1055.182468,            241065,11917.203736902369,9.3857383272694435, 13124.07613575329,9.4822036953254649,0.2092127585589193,            300186,59499.024831139817,240686.97516886017,11898.515835588194,9.3841689516230016,           6466300,6.4864746301195968,8.6620488390464008,2.1589512810871376,5.5764925437492021,           1042000,           2147500,-0.9533755790969709,0.79409157234960726,2.2697324166669541,7.6869409536687936,2.0395229090143236,646.83724229187942,0.048000000000000001,0.075999999999999998,                 1,                 1,                 1,                 1,                 1,                 1,                 1,                 1,                 1,                 1,0.050000000000000003,                 0,                 0,                 0,                 0,0.4909531240874046,0.07657865869901527,0.22311442770213585,-0.53041900897375382
2017-07-01,            305893,            251379,82.178735701699608,101.89098262817933,            291659,           1166636,57392.996517777123,           1139899,19.949900000000003,0.41175944781307211,15333.059313580517,14348.249129444281, 9.637766515789993,9.5713832018582963,0.0030339064610167554,0.0012064910002944629,5.6056425000000001,           1063800,            932600,           2628500,           2169400,           6474000,          10072300,1044057.0623231891,915291.98751890031,2579717.9811209836,2129138.3634178666,6353849.8039860185,0.79939244117273944,2.2530592232710118,3.0524516644437512,-0.94768205335683109,0.91185254012391181,5.5492887241607498, 1.859534593480743,8.6336269410510216, 2.155664688075051,             442.5,6.0924404644479839,-4.8839703564918056,5.2199999999999998,1.1092035370512399,4.1107964629487599,0.097067705779694771,21850.900000000001,             26346,             67194,-3.9544528303477446,0.28165490699166135,-0.066383313931696719,0,0,0,0,0,0,0.98785002671890554,0.59836133965287153,0,            212531,             44696,             31278,             19298,             36307,             38602,             54040,            383301,             91642,52.600000000000001,12959.305248000001,,2045.7303333333334,2681.8255224166105,1076.0541553333335,            243809,11994.254495834795,9.3921830220988749,13171.251812639537,9.4857918405346471,0.21132999913905781,            302298,60923.726846525315,241374.27315347467,11874.477402187447, 9.382146619697604,           6474000,6.4716451020998269,8.6336269410510216, 2.155664688075051,5.5492887241607498,           1063800,           2169400,-0.94768205335683109,0.79939244117273944,2.2530592232710118,7.6540583352476697,2.0352360085119203,649.59249159143644,0.049000000000000002,0.076999999999999999,                 1,                 1,                 1,                 1,                 1,                 1,                 1,                 1,                 1,                 1,0.14999999999999999,                 0,                 0,                 0,                 0,0.49624305573827221,0.11946574527266575,0.22874746767710555,-0.57654631620117414
2017-10-01,            308870,            255199,82.623433807103311,102.44235064991365,            297297,           1189188, 57991.16972412396,           1149806,20.017466666666667,0.41147157092088732,15430.024445317755, 14497.79243103099,9.6440705296280029,9.5817516706822534,0.0063040138380099364,0.010368468823957144,5.4042025999999996,           1077300,            959000,           2724200,           2203400,           6634900,          10358900,1051615.8533706081,936136.26973212021, 2659251.747658229,2150868.2551905666, 6476715.887430286,0.80643262461444276,2.2908068362613818,3.0972394608758247,-0.9469486742214015,0.90591226954863313,5.5793533066260341,1.8528609437700347,8.7109018927200754,2.1645753323143819,449.80000000000001,6.1088030395252151,-4.8833730139589386,5.2199999999999998,1.4042327117971709,3.8157672882028288,0.096719341264795811,20423.299999999999,             26614,             63126,-4.0306721055264125,0.29656786271450858,-0.062318858945749511,0,0,0,0,0,0,0.99184735326775075,0.69033045514159108,0,            216022,             45630,             31506,             19489,             36831,             38827,             53823,            389036,             91740,52.899999999999999,13029.484167099999,,2054.3993333333333,2714.9393785143579,1086.7772473333332,            247528,12070.789698073773,9.3985437384694812,13284.291064552381,9.4943374931683984,0.21196238908481477,            306575,60842.548332288017,245732.45166771198,11983.229154168535, 9.391263380771683,           6634900,6.4932350875835718,8.7109018927200754,2.1645753323143819,5.5793533066260341,           1077300,           2203400,-0.9469486742214015,0.80643262461444276,2.2908068362613818,7.7296440932804575,2.0450628192729181,650.90575066608494,0.048000000000000001,0.075999999999999998,                 1,                 1,                 1,                 1,                 1,                 1,                 1,                 1,                 1,                 1,0.29999999999999999,                 0,                 0,                 0,                 0,0.49157195283143429,0.11575852203268353,0.18661317455463297,-0.62307961415408031
2018-01-01,            310941,            258089,83.002563187228446,102.91242194943308,            299877,           1199508,57960.664701721682,           1160243,20.109533333333331,0.41118009959492352,15462.367765868927, 14490.16617543042,9.6461644647397726,9.5812255035326412,0.0020939351117696958,-0.00052616714961217781,5.5242203999999999,           1087300,            961300,           2707600,           2231600,           6644600,          10345100,1056529.4056865694,934095.20618642436, 2630974.909258673,2168445.7111470141,6456557.7936401907,0.80141191221734243,2.2572588094452057,3.0586707216625482,-0.95397446286310716,0.90645497987508217,5.5394378361795003,1.8604294427381893,8.6244526922704967,2.1546015049353704,452.60000000000002,6.1150087331994367,-4.8812192996724795,5.2199999999999998, 1.554154995798962,3.6658450042010378,0.09711441691093349,19033.200000000001,             26464,             60395,-4.1101999222052044,0.30467769603610451,-0.064938961207131385,0,0,0,0,0,0,0.9945368372634199,0.76935758350803074,0,            218465,             46247,             31334,             19627,             37478,             39763,             55315,            393372,             93495,              52.5,       13164.71579,,          2059.069,2741.2158205197843,       1081.011225,            249799,12070.378923546465, 9.398509707430323,13280.272549488443,9.4940349461246782,0.21283924631137957,            309647, 62094.79709028604,247552.20290971396,11961.812867461078,9.3894745935648203,           6644600,6.4406500206751431,8.6244526922704967,2.1546015049353704,5.5394378361795003,           1087300,           2231600,-0.95397446286310716,0.80141191221734243,2.2572588094452057,7.6441340949789414,2.0339385687384102,654.65048699953263,0.048000000000000001,0.076999999999999999,                 1,                 1,                 1,                 1,                 1,                 1,                 1,                 1,                 1,                 1,               0.5,                 0,                 0,                 0,                 0,0.49687170831296301,0.10151079797845487,0.19327870837621222,-0.66870357145646298
2018-04-01,            313022,            260705,83.286478266703298,103.26443985508276,            302630,           1210520,58054.049362701175,         1170405.5,20.192433333333334,0.41090197441375642,15501.945448212449,14513.512340675294,9.6487208078191671,9.5828353800366912,0.0025563430793944519,0.0016098765040499785,         5.5441053,           1088800,            983200,           2815500,           2261200,           6610100,          10433300,1054380.3864408494,952118.65902704175,2726495.2039164323,2189717.9737509629, 6401138.677822059,0.81221293328486932,2.3258599610084922,3.1380728942933613,-0.96850940091861348,0.89944817103393582,5.4605458811089447,1.8679575719525494,8.6188580114331028,2.1539525946269209,449.30000000000001,6.1076908160761141,-4.8935618144729478,5.2199999999999998,1.4449402322764815,3.7750597677235183,0.097507385255923076,17786.799999999999,             26064,             60131,-4.1866489397799578,0.30238412900980333,-0.065885427782475858,0,0,0,0,0,0,0.99631028885070372,0.83187139128838172,0,            220501,             46863,             30997,             19757,             37841,             40999,             56598,            397478,             94848,              52.5,     13191.9297893,,          2059.799,2774.5093077496444,1081.3944750000001,            251498,12061.326790652463,9.3977594800385429,13287.419565663879, 9.494572969248166,0.21310361831346641,            312774,63029.761410694424,249744.23858930558,11977.220000589634,9.3907617913677388,           6610100,6.3538764126160654,8.6188580114331028,2.1539525946269209,5.4605458811089447,           1088800,           2261200,-0.96850940091861348,0.81221293328486932,2.3258599610084922, 7.630109374483693,2.0321021799883408,653.31055309332044,0.048000000000000001,0.079000000000000001,                 1,                 1,                 1,                 1,                 1,                 1,                 1,                 1,                 1,                 1,0.69999999999999996,                 0,                 0,                 0,                 0,0.50212209737796853,0.069887021286177547,0.20015848930990779,-0.71187192549172895
2018-07-01,            313517,            262498,83.726879244187714,103.81047999506717,            305591,           1222364,58070.988713045008,         1180882.5,20.276833333333332,0.41063775855627693,15461.832468909512,14517.747178261252,9.6461298448009938,9.5831271233290032,-0.0025909630181732979,0.00029174329231196339,5.2947148000000004,           1117000,           1002000,           2863200,           2276600,           6550100,          10467900,1075999.2633239701,965220.46718945215,2758103.0355856679,2193034.8459116835,6309671.2396583138,0.81972309393928489,2.3423464696277052,3.1620695635669902,-0.94865359254690096,0.91380308975067981,5.3585511353410276,1.8624566822975808,8.5636520709052295,2.1475267429644043,451.69999999999999,6.1130182426605586,-4.8937999847791911,              5.25,1.8838736435514258,3.3661263564485742,0.09777897582062299,16939.200000000001,             25904,             58000,-4.2443868566847618,0.3087337909992372,-0.063002721471990597,0,0,0,0,0,0, 0.997520343640247,0.88054387690883851,0,            223388,             48207,             31193,             19964,             38404,             39701,             56969,            401405,             95815,52.399999999999999,13223.024586899999,,          2090.232,2808.3498534273022,1095.2815679999999,            254581,12094.409175626664, 9.400498573204997,13306.078176943958,9.4959762155997662,0.21576960924751809,            314794,63558.821130778146,251235.17886922185,11935.458862036536,9.3872689847901807,           6550100,6.2545866599474458,8.5636520709052295,2.1475267429644043,5.3585511353410276,           1117000,           2276600,-0.94865359254690096,0.81972309393928489,2.3423464696277052,7.5719671063611163,2.0244528892226272,652.12473612250437,0.048000000000000001,0.081000000000000003,                 1,                 1,                 1,                 1,                 1,                 1,                 1,                 1,                 1,                 1,0.84999999999999998,                 0,                 0,                 0,                 0,0.49828934848423861,0.062877323566705778,0.16345767202217462,-0.75301420970677169
2018-10-01,            314333,            264492,84.143885624481044,104.32751386626882,            309764,           1239056,58351.914426434982,         1192718.5,20.353400000000001,0.41039591662131863,15443.758782316467,14587.978606608745,9.6449602384015236,9.5879530854213773,-0.0011696063994701689,0.0048259620923740698,5.0024040999999997,           1126500,            994500,           2751900,           2307000,           6480100,          10262600,1079772.6872356921, 953248.0581055443,2637750.9613882829,2211305.4500246262,6211304.9183808323,0.80262716132281353,2.2209649927041233,3.0235921540269368,-0.9527414418718767,0.90915987655118091,5.2298685450859361,1.8619013184230575,8.2825957825957826,2.1141564195797136,             459.5,6.1301389417957415,-4.8864734414342514,5.3399999999999999,1.8402186248122288,3.4997813751877711,0.099425530403791276,           15269.4,             24742,             56233,-4.3581396087620163,0.3055510960172893,-0.057007152980146358,0,0,0,0,0,0,0.99834148907947617,0.91687405838993719,0,            226353,             49063,             31640,             20209,             38682,             39086,             57860,            406913,             97149,52.299999999999997,     13289.5935861,,2098.1353333333332, 2844.633709103749, 1097.324779333333,            257993,12149.883022736052,9.4050748209639981,  13368.9308146724,9.5006886979134375,0.2156357747233438,            319168,64463.314074507325,254704.68592549267,11995.023660864681,9.3922471478324727,           6480100,6.1154820922810043,8.2825957825957826,2.1141564195797136,5.2298685450859361,           1126500,           2307000,-0.9527414418718767,0.80262716132281353,2.2209649927041233,7.3007192572409974,1.9879728716899203,652.94219079367576,0.048000000000000001,0.080000000000000002,                 1,                 1,                 1,                 1,                 1,                 1,                 1,                 1,                 1,                 1,0.94999999999999996,                 0,                 0,                 0,                 0,0.49790112344083259,0.027835759109785928,0.14387072151769503,-0.78997971367990205
2019-01-01,            315449,            265988,84.320444826263511, 104.5464243959582,            311947,           1247788,58372.418529476126,           1204328,20.446733333333334,0.41018692880388263,15427.843404488411,14593.104632369032,9.6439291691915923,9.5883044106803492,-0.0010310692099313457,0.00035132525897196842,5.0494750000000002,           1131900,           1028200,           2894600,           2327100,           6352200,          10320500,1082676.9127110955,983486.52853569086,2768722.1411198317,2225901.0898224143,6075961.0256413305,0.82401818257588633,2.3197850916982694,3.1438032742741555,-0.95785502024382352,0.90712524884034784,5.0907686241573087,1.8649802690841712,8.2710364260595544,2.1127598247696584,457.80000000000001,6.1264324075184664,-4.8926274036404829,5.3700000000000001,1.5877601708061961, 3.782239829193804,0.10014944044982001,13654.799999999999,             23586,             51685,-4.4795859058480891,0.31334777005752545,-0.055624758511243044,0,0,0,0,0,0,0.99889101212121489,0.94287198886238399,0,            229623,             48655,             31856,             20392,             38969,             39219,             58874,            410230,             98284,52.100000000000001,     13390.8438572,,2126.5026666666668,2863.3313503443169,1107.9078893333335,            261479,12232.175357247295,9.4118250834485284,13412.639994808163,9.5039528245216243,0.21359725032298954,            322606,65316.675484484316,257289.32451551568,12036.179329971024, 9.395672337104795,           6352200, 5.978666159101814,8.2710364260595544,2.1127598247696584,5.0907686241573087,           1131900,           2327100,-0.95785502024382352,0.82401818257588633,2.3197850916982694,7.2767168781876403,1.9846797822163817,654.91360594846446,             0.047,0.076999999999999999,                 1,                 1,                 1,                 1,                 1,                 1,                 1,                 1,                 1,                 1,                 1,0.050000000000000003,                 0,                 0,                 0,0.50005081851552147,-0.010997134858710822,0.13696479052673538,-0.81928364779975849
2019-04-01,            316413,            268571,84.879887994488215,105.24006142563884,            312122,           1248488,57807.984630300212,         1215443.5,20.521799999999999,0.41002144636793636,15418.384352249803,14451.996157575053,9.6433158655092299,9.5785878263925337,-0.00061330368236234278,-0.0097165842878155217,5.2183058999999998,           1136200,           1055900,           3115200,           2339400,           6413400,          10639400,1079626.8879060119, 1003325.146048194,2960089.4923471296, 2222917.744734487,6094067.1386168078,0.84574301074579816,2.4951781675114217,3.3409211782572199,-0.96372572263409817,0.91006080955523805,5.1369336349248051,1.8737865321893363,8.5218280031526135,2.1426308721883647,             454.5,6.1191979136175334,-4.8967581277506982,5.2966666666666669, 1.913167372358382,3.3834992943082849,0.099248226654961844,           12919.4,             24216,             49002,-4.5441342520993571,0.33073834303040234,-0.064728039116696223,0,0,0,0,0,0,0.99925207466917509,0.96075507114540137,0,            232908,             47715,             31988,             19960,             39295,             38956,             60365,            411839,             99717,52.299999999999997,       13489.81357,,          2144.895,2876.5943333333339,1121.7800849999999,            264896,12265.319247464138,9.4145309854988959,13358.657702519595,9.4999199706747568,0.21127188051641541,            324829,67003.572932626586,257825.42706737341,  11937.9347860863,9.3874764059968285,           6413400,6.0354445417176619,8.5218280031526135,2.1426308721883647,5.1369336349248051,           1136200,           2339400,-0.96372572263409817,0.84574301074579816,2.4951781675114217,7.5141290905479261,2.0167851270079193,657.34066066329467,0.048000000000000001,0.079000000000000001,                 1,                 1,                 1,                 1,                 1,                 1,                 1,                 1,                 1,                 1,                 1,0.14999999999999999,                 0,                 0,                 0,0.50616678852968522,-0.022744150871014987,0.14969829593757025,-0.83767674786286062
2019-07-01,            315922,            269164,85.199511271769609,105.63635286910001,            320358,           1281432,58876.674536241029,           1229793,20.603400000000001,0.40989652279000915,15333.488647504781,14719.168634060257,9.6377945159369176,9.5969059120235034,-0.0055213495723123174,0.018318085630969705,5.2756400000000001,           1162100,           1072800,           3178400,           2344500,           6633400,          10975300,1100094.7765018204,1015559.4838922234,3008812.6991079822,2219406.4224322503,6279467.0772284446,0.83718839548255386,2.4803501083163213,3.3175385037988754,-0.92271770956242705,0.90687605741077171,5.1765524819108624,1.8295937669731988,8.5648711753725522,2.1476690908424847,452.80000000000001,6.1154505268889734,-4.9225821229521847,4.9400000000000004,1.7588521641741739,3.1811478358258265,0.090381932088476016,           14491.9,             26914,             50438,-4.441011268870529,0.34794187609887267,-0.040888603913414201,0,0,0,0,0,0,0.99949784588027013,0.97331326237908566,0,            235314,             48150,             31883,             19051,             39747,             38269,             56117,            414970,             94612,52.200000000000003,     13552.2443351,,2136.0333333333333,2876.5943333333335,1115.0093999999999,            267197,12276.633333692303, 9.415453005618712,13497.900983876279,9.5102894696620055,0.21181531195026146,            327073,63674.560139287176,263398.43986071285,12102.104689935048,9.4011346577757422,           6633400, 6.046680120365342,8.5648711753725522,2.1476690908424847,5.1765524819108624,           1162100,           2344500,-0.92271770956242705,0.83718839548255386,2.4803501083163213,7.5713732761473107,2.0243744613197854,657.76737504974903,0.044999999999999998,0.076999999999999999,                 1,                 1,                 1,                 1,                 1,                 1,                 1,                 1,                 1,                 1,                 1,0.29999999999999999,                 0,                 0,                 0,0.47514307082150625,-0.045498379870689241,-0.017235091162482116,-0.84444377416006888
2019-10-01,            316940,            271294,85.597904966239668, 106.1303094219213,            320197,           1280788,58344.200275937612,           1241243,20.684266666666666,0.40980068239291695,15322.757393703427,14586.050068984403,9.6370944136331165,9.5878208762123851,-0.00070010230380113114,-0.0090850358111183027,5.3033486999999999,           1175000,           1085800,           3240500,           2364700,           6847500,          11264200,1107129.5338721615, 1023081.913087994,3053321.9187342464,2228109.9648914896,6451974.0282464903,0.84775934815129439,2.5300830426268828,3.3778423907781772,-0.92888128246048529,0.91740397317901168,5.3463180479517298,1.8462852556394969,8.7947419869642758,2.1741540414276823,470.60000000000002,6.1540084762932619,-4.879604248319521,4.7999999999999998,1.7280154475485476,3.0719845524514522,0.088621692270695857,15147.799999999999,             28543,             52330,-4.4060132689778699,0.35293608497273504,-0.049273537420731373,0,0,0,0,0,0,0.99966435602704362,0.98200605093538529,0,            238464,             47887,             31935,             18099,             40353,             37462,             60800,            418730,             98533,52.700000000000003,13573.539976100001,,2149.9006666666669,2900.0836666666664,1132.9976513333336,            270399, 12317.58371441117,9.4187830907750651,13451.816891697787, 9.506869460791437,0.21073245289327253,            330490, 67621.46686408903,262868.53313591098,11974.545626226614,9.3905384780291055,           6847500,  6.23092787513104,8.7947419869642758,2.1741540414276823,5.3463180479517298,           1175000,           2364700,-0.92888128246048529,0.84775934815129439,2.5300830426268828,7.7952791562694213,2.0535183140903603,656.22534242290442,0.042999999999999997,0.079000000000000001,                 1,                 1,                 1,                 1,                 1,                 1,                 1,                 1,                 1,                 1,                 1,               0.5,0.050000000000000003,                 0,                 0,0.48693772467390478,-0.0033690556281702581,0.023714108591887786,-0.84001735290880708
2020-01-01,            312729,            268668,85.910804562416658,106.51826437214299,            325356,           1301424,58811.945184204604,         1253982.5,20.774433333333334,0.40971840162414758,15053.551400519547,14702.986296051151,9.6193692157961124,9.5958059015260186,-0.017725197837004103,0.0079850253136335425,         5.2488047,           1193200,           1022600,           2965000,           2382800,           6949600,          11014500,1120183.4793621078,960023.15286263113,2783560.1879891469,2236987.2566409912, 6524327.110438237,0.78575468102632195,2.2782736448690049,3.0640283258953267,-0.9140756586631259,0.91684185937864981,5.3399968035013954,1.8309175180417758,8.4634216058717229,2.1357535369907441,465.30000000000001,6.1426823588506032,-4.9025641847049064,4.7066666666666661,1.8860903063663503,2.8205763603003158,0.086175184515832906,           14785.9,             29049,             50269,-4.4404057417948835,0.36623465039461406,-0.023563314270093727,0,0,0,0,0,0,0.9997756651808537,0.98790249298375477,0,            240182,             46784,             33945,             17562,             40839,             38701,             62643,            425193,             99837,52.899999999999999,     13647.4103927,,2190.3106666666667,          2928.953,1158.6743426666667,            274127,12387.924379380169,9.4244774367299478,13545.455337715659,9.5138063706182994,0.20607818096723135,            337570,69365.644509669728,268204.35549033026,12120.277367915629,9.4026351445029981,           6949600,6.2303095245413234,8.4634216058717229,2.1357535369907441,5.3399968035013954,           1193200,           2382800,-0.9140756586631259,0.78575468102632195,2.2782736448690049,7.4899494707335963,2.0135620512758776,656.93297977000566,0.042000000000000003,0.079000000000000001,                 1,                 1,                 1,                 1,                 1,                 1,                 1,                 1,                 1,                 1,                 1,0.69999999999999996,0.14999999999999999,                 0,                 0,0.47606310448908301,-0.0074941222796203397,-0.04488654742931323,-0.82745550877260166
2020-04-01,            272877,            233959,85.737896561454434,106.30388085830718,            336204,           1344816,60757.270936098314,         1270769.5,20.821666666666669,0.4096335689841667,13105.435043624428,15189.317734024578,9.4807823119729644, 9.628347679112002,-0.13858690382314798,0.032541777585983311,6.3000395999999999,           1228300,           1054900,           3131500,           2387300,           6922400,          11247600,1155461.1083646188,992343.82741499343,2945800.2612096425,2245731.7463151142,6511897.7257536743,0.78441957858918987,2.3285713435890116,3.1129909221782013,-0.86182793779966926,0.91335915099165987,5.1474699884593882, 1.775187088791329, 8.363672056251561,2.1238975718368591,467.39999999999998,6.1471854221047577,-4.928588225365278,4.5199999999999996,1.0108502582165668,3.5091497417834328,0.080238456413368062,           12169.4,             26953,             43632,-4.6484532972549593,0.38185166820145922,0.14756536713903756,0,0,1,0,0,0,0.99984940841573589,0.99184735326775075,1,            235641,             38333,             48441,             16219,             40436,             47395,             59980,            431387,             95183,49.700000000000003,     13177.2762262,,2314.9259999999999,2946.3896666666665,1150.5182220000002,            284082,12834.504528551624,9.4598924894087073,14011.911131288101, 9.547663041968411,0.18259474671234877,            352618,68011.967092193314,284606.03290780669, 12858.17974461021,9.4617354438083261,           6922400,6.0029909087934703, 8.363672056251561,2.1238975718368591,5.1474699884593882,           1228300,           2387300,-0.86182793779966926,0.78441957858918987,2.3285713435890116,7.3986329728379205,2.0012952497445267,632.86366250860476,0.037000000000000005,0.07400000000000001,                 1,                 1,                 1,                 1,                 1,                 1,                 1,                 1,                 1,                 1,                 1,0.84999999999999998,0.29999999999999999,0.050000000000000003,                 0,0.43586175673647526,-0.13680900849307537,-0.25526546032766595,-0.81157192199475736
2020-07-01,            293617,            252469,85.985825071436594,106.61128008132906,            347288,           1389152,62575.954491032055,           1291618,20.822800000000001,0.40952899942555698,14100.745336842307,15643.988622758014,9.5539829357381372,9.6578420086160008,0.073200623765172779,0.029494329503998884,7.4355485000000003,           1293500,           1062400,           3170500,           2390900,           7140600,          11594900,1213286.2479591707,996517.44092139392,2973887.9390448788,2242633.2355976664,6697790.3225181717,0.76478311948584465,2.2823276358526638,3.0471107553385086,-0.78997834650203869,0.9311436041556288,5.1402582294810069,1.7211219506576674,8.3467467922876697,2.1218718572326876,482.30000000000001,6.1785663270749263,-4.9295891797044256,4.5199999999999996,0.92290881476866371,3.5970911852313359,0.077794712169726554,14270.299999999999,             37935,             53051,-4.5054705205969707,0.41693227529510035,0.10385907287786367,0,0,0,1,0,0,0.99989891326055436,0.99451298399784027,1,            240942,             42070,             47662,             15783,             40890,             50730,             62059,            444412,             97124,49.100000000000001,     13413.8379991,,2385.4236666666666,2933.5703333333331,1171.2430203333333,            288604,13000.500139603022,  9.47274310798079,14322.244381180517,9.5695691587630556,0.18667362717478375,            361452,69756.221371160093,291695.77862883988,13139.772874893779, 9.483399006873519,           7140600,5.9833934805790392,8.3467467922876697,2.1218718572326876,5.1402582294810069,           1293500,           2390900,-0.78997834650203869,0.76478311948584465,2.2823276358526638,7.3973906383174768,2.0011273215827434,644.18992638357952,0.034000000000000002,0.070000000000000007,                 1,                 1,                 1,                 1,                 1,                 1,                 1,                 1,                 1,                 1,                 1,0.94999999999999996,               0.5,0.14999999999999999,                 0,0.39565073643390086,-0.0071956723469529041,-0.46549237772246965,-0.79692734723234537
2020-10-01,            307188,            265661,86.481568290428015,107.22593742891402,            340234,           1360936,60953.412889475207,           1306853,20.822833333333332,0.40938796110042508,14752.459239456688,15238.353222368802,9.5991650759691396,9.6315707671271245,0.045182140231002421,-0.026271241488876385,6.9501363999999999,           1321000,           1116400,           3334300,           2408800,           7511600,          12229800,1231978.0378471988,1041165.9965576174,3109602.0981028876,2246471.3834718638,7005394.5716071296,0.82031778129169919,2.4500049965611903,3.2703227778528894,-0.79930283275627945,0.97065549004508667,5.5194366230300327,1.7699583228013662,8.9863153006460266,2.1957028980188253,               503,6.2205901700997392,-4.867042945157757,4.5199999999999996,1.0323422337694899,3.4876577662305097,0.080002116190621739,             16058,             42479,             60284,-4.3991700682280177,0.41336862489417397,0.032405691157984862,0,0,0,0,0,0,0.99993244177517993,0.99632635769828015,1,            245418,             41408,             41431,             15394,             41424,             44691,             61967,            437078,             96844,51.399999999999999,     13603.4404567,,2418.0070000000001,2948.5250000000001,1242.8555980000001,            286849,12847.353243600783,9.4608930958473216,14042.853232984791,9.5498688786556283,0.18951308462105163,            354246,  69706.4426852873,284539.55731471267,12743.918244790479,9.4528094363770965,           7511600,6.4326725121533999,8.9863153006460266,2.1957028980188253,5.5194366230300327,           1321000,           2408800,-0.79930283275627945,0.82031778129169919,2.4500049965611903,7.9904565681266426,2.0782479005895014,653.29440230035948,0.035000000000000003,0.07400000000000001,                 1,                 1,                 1,                 1,                 1,                 1,                 1,                 1,                 1,                 1,                 1,                 1,0.69999999999999996,0.29999999999999999,                 0,0.43201057869181786,0.067396446186682196,-0.30439493328132505,-0.78733578839608287
2021-01-01,            311619,            270991,86.962284071253677,107.82196270059737,            347242,           1388968,61822.962960019999,         1324500.5,            20.837,0.40919634654608705,14955.079905936554,   15455.740740005, 9.612806314141487,9.6457357822436141,0.013641238172347414,0.014165015116489599,6.2761800000000001,           1334700,           1144600,           3401300,           2434100,           7960900,          12779900,1237873.9605271583,1061564.7974971046,3154552.1105424617,2257517.7997446288,7383375.1497420054,0.82406506125411094,2.4487965165504173,3.2728615778045285,-0.79152291485476989,0.9609292654690389,5.7315215325335069,1.7524521803238087,9.2010039108172403,2.2193125988427642,519.39999999999998,6.2526742992286479,-4.8546670314974403,4.5199999999999996,1.2239199879371387,3.2960800120628608,0.07921083855063614,20156.700000000001,             48235,             70630,-4.1852539468847674,0.40579649181844951,0.032929468102127046,0,0,0,0,0,0,0.99995485003270568,0.99754192074559367,1,            250550,             44950,             39035,             15071,             41911,             45394,             61848,            444139,             96896,51.700000000000003,13701.060764399999,,2447.0353333333333,          2975.413,1265.1172673333333,            289585,12889.427782913206,9.4641627026215041,14172.584261459102,9.5590646916003728,0.19557165662101278,            357278,69729.284181303607,287548.71581869642,12798.792777990988,9.4571061312403888,           7960900,6.6423540839913748,9.2010039108172403,2.2193125988427642,5.7315215325335069,           1334700,           2434100,-0.79152291485476989,0.82406506125411094,2.4487965165504173,8.2128601954832661,2.1057012422685086,657.53519049767237,0.034000000000000002,0.07400000000000001,                 1,                 1,                 1,                 1,                 1,                 1,                 1,                 1,                 1,                 1,                 1,                 1,0.84999999999999998,               0.5,                 0,0.41910785862999544,0.15138380005284519,-0.38193514638585246,-0.78564807240872692
2021-04-01,            314822,            276485,87.822642636156303,108.88869582616778,            345827,           1383308,60891.775902865571,           1341353,20.863033333333334,0.40894543564261299,15089.943776152717,15222.943975716393,9.6217838258538748,9.6305590408131323,0.008977511712387809,-0.015176741430481755,5.4638603000000003,           1340500,           1179700,           3519500,           2484800,           8378500,          13348500,1231073.6112957057,1083399.8800787348,3232199.6083216979,2281963.2296513012,7694554.4589638719,0.85281079846281527,2.5442634612103738,3.3970742596731891,-0.82721996836568579,0.96905389110740336,6.0568579087231473,1.7962738594730892,9.6496947895913276, 2.266926286829094,             543.5,6.2980297065612643,-4.803979730685505,4.5199999999999996,2.4315339637561273,2.0884660362438723,0.081191578448183616,23825.700000000001,             42795,             72178,-4.0306692550207428,0.37221782505457801,0.0087752149592574824,0,0,0,0,0,0,0.99996956044363472,0.99834148907947617,0,            255163,             45945,             34112,             14995,             42269,             43927,             63130,            444509,             98682,51.299999999999997,13696.678144699999,,2481.6750000000002,3020.9316666666668,       1273.099275,            289275,12733.583897657962,9.4519981835594926,13978.263936687177,9.5452588261514926,0.1984526747489927,            356295,71158.682643096094,285136.31735690392,12551.403402759874,9.4375877632290948,           8378500,6.9771874918673209,9.6496947895913276, 2.266926286829094,6.0568579087231473,           1340500,           2484800,-0.82721996836568579,0.85281079846281527,2.5442634612103738,8.6267122000306511,2.1548634591613234,656.50463793376161,0.034000000000000002,0.074999999999999997,                 1,                 1,                 1,                 1,                 1,                 1,                 1,                 1,                 1,                 1,                 1,                 1,0.94999999999999996,0.69999999999999996,                 0,0.45119929394690222,0.19252883314680933,-0.24107574631055903,-0.79277741207150421
2021-07-01,            300006,            263961,87.985240295194103,109.09029585214699,            365880,           1463520,64231.733687261803,           1364114,20.886366666666664,0.40863205427476335,14363.723704936716,16057.933421815451,9.5724611199156886,9.6839583006291381,-0.049322705938186218,0.053399259816005795,4.7231230999999996,           1415500,           1205400,           3581500,           2531100,           8961900,          14080000,1297548.9606504184,1104956.2113514761, 3283060.121914146,2320188.0426013949,8215121.1801151438,0.8236306985897015,2.4471821362195256,3.2708128348092274,-0.76227178309828358,0.96718869574723954,6.1235241062643491,1.7294604788455232,9.6206406472067343, 2.263910857803979,573.60000000000002,6.3519322892854104,-4.805326128082128,4.5199999999999996,2.3252846874428412,2.1947153125571583,0.078171613643817639,27631.799999999999,             37960,             70656,-3.8992931292304114,0.34948810488325843,0.1114971807134495,0,0,0,0,0,0,0.9999795678226836,0.99888614876546533,0,            256952,             53859,             43258,             14904,             42619,             45490,             63036,            464452,             98572,50.399999999999999,      13733.647342,,2567.9609999999998,3079.9276666666665,1294.2523439999998,            300210,13175.774003944507,9.4861351196114487, 14616.85371287998,9.5899305058266222,0.20772437194801616,            367974,70573.886489884855,297400.11351011513,13052.452231293828,9.4767313055418541,           8961900,7.0078662020334539,9.6206406472067343, 2.263910857803979,6.1235241062643491,           1415500,           2531100,-0.76227178309828358,0.8236306985897015,2.4471821362195256,8.6320651579752923,2.1554837763489489,657.54123544704612,0.032000000000000001,0.070999999999999994,                 1,                 1,                 1,                 1,                 1,                 1,                 1,                 1,                 1,                 1,                 1,                 1,                 1,0.84999999999999998,                 0,0.40194212848414784,0.18646666649020349,-0.49437876567863981,-0.80851184205651749
2021-10-01,            319366,            283709,88.835066976447081,110.14397080683142,            361999,           1447996,62790.345296055108,           1385015,20.936966666666667,0.40833462009419069,15253.690044243913,15697.586324013777,9.6325767228798664,9.6612622421936418,0.060115602964177839,-0.022696058435496269,5.2375077000000001,           1462700,           1226100,           3681000,           2586800,           9528500,          14807500,1327989.1666201663,1113179.4060251494,3341989.5551574705,  2348562.50510224,8650950.1429823302,0.84675648275271476,2.5421340942930781,3.3888905770457929,-0.77631429921077133, 1.010154724184321, 6.580473979209887,1.7864690233950922,10.226202282326748,2.3249532776402133,619.29999999999995,6.4285898079440154,-4.7155849449249931,4.5199999999999996,2.7213876118844071,1.7986123881155924,0.080748399857458159,30484.700000000001,             35099,             68440,-3.8162413304817071,0.33899303644037515,0.028685519313775387,0,0,0,0,0,0,0.99998634514569662,0.99925534149111495,0,            263673,             51116,             38251,             14523,             42910,             44496,             66411,            464410,            102412,51.100000000000001,13483.992343399999,,2624.9059999999999,3142.4000000000001,1341.3269659999999,            301924,13092.516977371582,9.4797961228777652, 14395.05165069268, 9.574639791139365,0.20246334058267479,            370384,74443.207088563984,  295940.792911436,12833.063471237077,9.4597802031713769,           9528500, 7.506807315766066,10.226202282326748,2.3249532776402133, 6.580473979209887,           1462700,           2586800,-0.77631429921077133,0.84675648275271476,2.5421340942930781,9.1930502570449093, 2.218447791748531,644.02797970097538,             0.031,0.072000000000000008,                 1,                 1,                 1,                 1,                 1,                 1,                 1,                 1,                 1,                 1,                 1,                 1,                 1,0.94999999999999996,                 0,0.44408943929737577,0.24356994778916582,-0.30444795955029996,-0.83144470585861696
2022-01-01,            327173,            294125,89.898921977058009,111.46301314133046,            369058,           1476232,62926.010160340622,           1406866,21.047166666666669,0.40815702888135424,15544.752658710988,15731.502540085155,9.6514784110578731,9.6634205121570851,0.018901688178006637,0.0021582699634432601,4.1658527999999997,           1495900,           1248400,           3629700,           2627400,           9701700,          14976600,1342059.5387128652,1120012.7870373293,3256416.5436634044,2357194.4862719313,8703963.5181032177,0.84566653479940823,2.4587598697223743,3.3044264045217826,-0.76647843970324447,1.0133231091048021,6.5719344926813674,1.7798015488080465,10.145153336331958, 2.316996087636888,645.39999999999998,6.4698702796178615,-4.6883672228341569,4.5199999999999996,3.3769098146021026, 1.143090185397897,0.080447030006123688,           32881.5,             33442,             67003,-3.7562096248983607,0.3329384240131415,0.01194210109921201,0,0,0,0,0,0,0.99999087446119928,0.99950222403718159,0,            269165,             54944,             37078,             14377,             43681,             42511,             71248,            476581,            107524,50.399999999999999,      13869.911015,,2663.1266666666666,3206.7669999999998,1342.2158400000001,            306243,13053.944183253849,9.4768456033513235,14392.723361669501,9.5744780357395634,0.20694278622102014,            377956,78402.740367324761,299553.25963267521,12768.786653594334,9.4547589291320975,           9701700,7.4811519056625242,10.145153336331958, 2.316996087636888,6.5719344926813674,           1495900,           2627400,-0.76647843970324447,0.84566653479940823,2.4587598697223743,9.1098824574999053,2.2093598086090345,658.99183651006069,             0.031,0.070999999999999994,                 1,                 1,                 1,                 1,                 1,                 1,                 1,                 1,                 1,                 1,                 1,                 1,                 1,                 1,0.050000000000000003,0.43924478906367498,0.26477441945101537,-0.34220925571831312,-0.85864190223100778
2022-04-01,            333484,            305284,91.543822192369049,113.50247624370427,            371776,           1487104, 61922.48729928329,           1424652,21.158633333333331,0.40819600625257485,15761.131390023616,15480.621824820822,9.6653021495422671,9.6473443158990122,0.013823738484393999,-0.016076196258072883,3.8507828000000002,           1501500,           1226400,           3334700,           2677800,           9637500,          14576300, 1322878.627578211,1080505.0608470982,2937997.5753480257,2359243.6822703518,8491004.1780119948,0.82469013599586849,2.2424120976071613,3.0671022336030296,-0.79100049492167324,1.0096805603374075,6.4807168832845585,1.8006810552590808,9.8018026983990367,2.2825663175762454,651.39999999999998,6.4791238928421331,-4.6811692519972929,4.8533333333333326,4.2371527939888409,0.61618053934449168,0.087393053881907379,29404.299999999999,             30806,             62289,-3.8805419301988837,0.33090928621300819,-0.017957833643254872,0,0,0,0,0,0,0.99999384774543831,0.99966435602704362,0,            276328,             55820,             37289,             16047,             43966,             44950,             72330,            482550,            110774,                49,13989.165222600001,,2726.2943333333333,3284.6480000000001,1335.8842233333332,            313617,13058.901528971293,9.4772252897196054,14269.761676896058, 9.565898009343055,0.20678893378924465,            382764,79769.956419023933,302994.04358097608,12616.565361535895,9.4427659406964946,           9637500, 7.379029458150427,9.8018026983990367,2.2825663175762454,6.4807168832845585,           1501500,           2677800,-0.79100049492167324,0.82469013599586849,2.2424120976071613,8.7568186219659161,2.1698326679772815,661.15637065090857,0.032000000000000001,0.072999999999999995,                 1,                 1,                 1,                 1,                 1,                 1,                 1,                 1,                 1,                 1,                 1,                 1,                 1,                 1,0.14999999999999999,0.45440056437085213,0.30293121243731447,-0.28280961034850421,-0.88624093317437402
2022-07-01,            337055,            315021,93.462787972289391,115.88174512970504,            381578,           1526312,61866.181357498273,           1441797,21.289966666666668,0.40851073478005889,15831.635872296652,15466.545339374568,9.6697654875419534,9.6464346050784808,0.0044633379996863454,-0.00090971082053137309,3.4477905999999998,           1553900,           1240600,           3330500,           2708000,           9350100,          14370200,1340935.9673180089, 1070574.143158969,2874050.6076019234, 2336865.048907374,8068656.5338954348,0.81280891456006377,2.1820571416591101,2.9948660562191738,-0.75613636006268703,1.0180749414274408,6.1259427954441819,1.7742113014901277,9.4149819958173691,2.2423022498202316,649.39999999999998,6.4760488596687455,-4.7040801531299845,6.2699999999999996,6.2255301670119945,0.044469832988005109,0.11124304860343102,           25407.5,             28778,             57455,-4.0386011252061111,0.33372374844896963,-0.023330882463472591,0,0,0,0,0,0,0.99999587040787141,0.99977468050776552,0,            284180,             61151,             37189,             21458,             44613,             45681,             70996,            496856,            115278,49.799999999999997,     14078.8228961,,2783.7930000000001,3352.6590000000001,1386.3289139999999,            321369, 13026.08695776346,9.4747093147913777,14246.316148569014,9.5642536363859101,0.21286650458080408,            391092, 78707.32964078123,312384.67035921878,12661.924082196656, 9.446354665366357,           9350100,7.0342295113974078,9.4149819958173691,2.2423022498202316,6.1259427954441819,           1553900,           2708000,-0.75613636006268703,0.81280891456006377,2.1820571416591101,8.3646724916006683,2.1240171814428708, 661.2891000032879,             0.039,0.075999999999999998,                 1,                 1,                 1,                 1,                 1,                 1,                 1,                 1,                 1,                 1,                 1,                 1,                 1,                 1,0.29999999999999999,0.43516102991781358,0.54023311601170043,-0.39003812148479183,-0.91236200183735727
2022-10-01,            340288,            323867,95.174381700206879,118.00389954481774,            378131,           1512524,59791.094718296859,         1460745.5,21.437266666666666,0.40902839322188167,15873.665485960586,14947.773679574215,9.6724167563508274,9.6123176499752496,0.0026512688088740077,-0.034116955103231206,3.4371030999999999,           1587000,           1276000,           3453400,           2744000,           9389700,          14613100,1344870.8103050946,1081320.1978256463,2926513.4570306321,2325346.8830984118,7957109.9228240363,0.8436229772221796,2.2832034400776449,3.1268264172998244,-0.76494653969127102, 1.049239549256739,6.2079676091090121,1.8141860889480101,9.6614004141421894,2.2681386081253265,662.70000000000005, 6.496322399094181,-4.6678370969224732,7.2699999999999996,7.1360499175855185,0.13395008241448103,0.13189132866652031,23113.599999999999,             26075,             50644,-4.1462810119461349,0.33987669286617395,-0.060099106375577804,0,0,0,0,0,0,0.99999724020240011,0.99984940841573589,0,            288878,             62286,             35468,             25850,             45552,             48258,             77566,            504973,            126842,50.200000000000003,     14200.5125377,,2809.5923333333335,3408.3626666666669,1410.4153513333335,            324346,12821.616323113361,9.4588878007734394,13884.695001343789, 9.538542433445901,0.2135520116917142,            397135,84427.624661120499,312707.37533887953,12361.533633844458,9.4223448037224724,           9389700,7.1404588299645715,9.6614004141421894,2.2681386081253265,6.2079676091090121,           1587000,           2744000,-0.76494653969127102,0.8436229772221796,2.2832034400776449,8.5698474867175651,2.1482499362690199,662.42178905115395,             0.047,0.083000000000000004,                 1,                 1,                 1,                 1,                 1,                 1,                 1,                 1,                 1,                 1,                 1,                 1,                 1,                 1,               0.5,0.46412594080247016,0.63033997474725501,-0.26351951799384882,-0.93507475741423718
2023-01-01,            342730,            328910,95.967671344790361,118.98747590073506,            378328,           1513312,58845.352745468437,         1476288.5,            21.613,0.4096276663392483,15857.585712302782,14711.338186367109,9.6714032586520631,9.5963737806588814,-0.001013497698764354,-0.015943869316368264,3.6608092000000001,           1613300,           1297100,           3567900,           2773300,           9419000,          14813600,1355856.9822473507,1090114.7286140448,2998550.8752001007,2330749.5003201994,7915959.1618346218,0.85712662028715825,2.3576764077731491,3.2148030280603073,-0.7665306295066715,1.0660722970544079,6.2240965511408088,1.8326029265610793,9.7888604597069211,2.2812450513719842,663.29999999999995,6.4972273765315105,-4.6592888223004678,7.7699999999999996,6.7506364195124569,1.0193635804875427,0.14239324739379586,22504.099999999999,             26586,             47458,-4.1835889319329258,0.35905677705148292,-0.075029477993181715,0,0,0,0,0,0,0.9999981556339963,0.99989935507633088,0,            294509,             64427,             35785,             28329,             46791,             45452,             81868,            512383,            134055,50.399999999999999,      14325.456327,,          2846.462,3440.1683333333335,1434.6168479999999,            330294,12843.529252204271,9.4605954033546347,13777.433719285691,9.5307872949518195,0.21706028498213251,            401165,87955.708589082773,313209.29141091724,12179.187924389445,9.4074838661667233,           9419000,7.1720946163117709,9.7888604597069211,2.2812450513719842,6.2240965511408088,           1613300,           2773300,-0.7665306295066715,0.85712662028715825,2.3576764077731491,8.6723689496944445,2.1601419887293702,662.81665326423911,0.052000000000000005,0.088000000000000009,                 1,                 1,                 1,                 1,                 1,                 1,                 1,                 1,                 1,                 1,                 1,                 1,                 1,                 1,0.69999999999999996,0.47726672608229448,0.68329494442368133,-0.21363087489140384,-0.95331288969058126
2023-04-01,            344199,            334523,97.188835528284514, 120.5015612361217,            383048,           1532192,58405.012107688104,           1494899,21.770599999999998,0.41017820682296069,15810.267057407698,14601.253026922026,9.6684148217374961, 9.588862627775562,-0.0029884369145669609,-0.007511152883319383,3.7026067999999999,           1606000,           1314200,           3625700,           2817400,           9703900,          15163500,1332762.8152908806,1090608.2763731477,3008840.6845579986,2338060.9936491451,8052924.7094029738,0.85772540256051466,2.3663483427664418,3.2240737453269563,-0.7906319834589921,1.0481715085315679,6.3333446461017937,  1.83880349199056,9.8966056473340149,2.2921918344436216,694.20000000000005,6.5427601034276863,-4.6188894086428149,8.2699999999999996,6.1664601725424095,2.1035398274575901,0.15206904878761932,22975.200000000001,             27970,             48981,-4.1753985516960626,0.36347805746514017,-0.079552193961934137,0,0,0,0,0,0,0.99999875656851733,0.99993214519507945,0,            299032,             66597,             36811,             31160,             48229,             44484,             83931,            522044,            138996,              51.5,14465.178718499999,,2871.7359999999999,3487.7386666666666,1478.9440399999999,            335843,12801.864571334594,9.4573461089344324, 13701.55879912831,9.5252648863019242,0.21995463983878755,            407218, 89374.98712369072,317843.01287630928,12115.730284053765,9.4022599107614919,           9703900,7.2985918474969189,9.8966056473340149,2.2921918344436216,6.3333446461017937,           1606000,           2817400,-0.7906319834589921,0.85772540256051466,2.3663483427664418,8.7667864079697591,2.1709703091261048,664.43638294305163,0.055999999999999994,0.091999999999999998,                 1,                 1,                 1,                 1,                 1,                 1,                 1,                 1,                 1,                 1,                 1,                 1,                 1,                 1,0.84999999999999998,0.48165960910896366,0.77796304335286814,-0.20600386757376873,-0.96694853647516799
2023-07-01,            343778,            339012,98.613640198034773,122.26813438444854,            388286,           1553144,57928.746852954515,           1506102,21.928266666666666, 0.410607926607303,15677.390521822672,14482.186713238629,9.6599748592527952,9.5806746706455623,-0.0084399624847009136,-0.0081879571299996456,3.7150386000000002,           1658100,           1349500,           3634100,           2838400,           9850600,          15415000,1356117.8538853179,1103721.7561173851,2972238.0392042901,2321455.2297618273,8056555.4137161281,0.86888273077061751,2.3398345549414605, 3.208717285712078,-0.75994241358174131,1.0675764771328351,6.3423610431486068,1.8275188907145763,9.9250294885728554, 2.295059797709682,707.79999999999995, 6.562161567911363,-4.6058537337430066,8.5199999999999996,5.5111262326911881,3.0088737673088115,0.1557046094888819,           24418.5,             27005,             48355,-4.1219390934154561,0.35834660297239918,-0.079300188607232869,0,0,0,0,0,0,0.99999916536994271,0.99995445273761585,0,            306302,             68419,             37514,             34005,             49804,             44175,             86585,            533023,            144737,52.200000000000003,     14569.2132521,,2905.7686666666668,3519.0243333333333,1516.8112440000002,            343816,12823.556623207771,9.4590391197060253,13652.871668223201, 9.521705157111036,0.22179718323599545,            414800, 91527.69088951133,323272.30911048868,12057.323570146464, 9.397427519461738,           9850600, 7.318968005542307,9.9250294885728554, 2.295059797709682,6.3423610431486068,           1658100,           2838400,-0.75994241358174131,0.86888273077061751,2.3398345549414605, 8.791135915278943,2.1737439314796978,664.40332350786207,0.059999999999999998,0.095000000000000001,                 1,                 1,                 1,                 1,                 1,                 1,                 1,                 1,                 1,                 1,                 1,                 1,                 1,                 1,0.94999999999999996,0.47365383383456156,0.79693310429970909,-0.25835704422678835,-0.97710706401419378
2023-10-01,            343920,            342384,99.553384508025118,123.43329554623284,            397287,           1589148,58346.962021599786,           1523746,           22.0655,0.41091684718380583,15586.322539711315,14586.740505399946,9.6541490483836174,9.5878682104853219,-0.0058258108691777721,0.0071935398397595662,3.7801965000000002,           1688100,           1402000,           3775400,           2872000,          10149700,          15925600,1367621.2666360431,1135836.1565213746, 3058656.080835091,2326762.7970965677,8222821.8529564869,0.88223375041217056,2.3757384460100632,3.2579721964222337,-0.74499039737016315,1.0622673281531991, 6.386881523936097,1.8072577255233622,10.021470624510744,2.3047298538004632,738.89999999999998,6.6051625937946019,-4.5795306849402495,8.6866666666666656,4.6010310018212763,4.0856356648453893,0.15699045442379606,26554.400000000001,             29230,             49814,-4.0497315966853424,0.36979403876322048,-0.06628083789829553,0,0,0,0,0,0,0.99999944221912496,0.99996956044363472,0,            311546,             70035,             39025,             35632,             51329,             43474,             86821,            544217,            146930,              52.5,14706.862989200001,,2941.2089999999998,          3564.308,1544.1347250000001,            350571,12871.521609613616,9.4627725227868602, 13729.13105750678,9.5272752088864792,0.22300663154587233,            422853, 91936.34124255582,330916.65875744418,12149.895239987271,9.4050758265082521,          10149700,7.3585561099406727,10.021470624510744,2.3047298538004632, 6.386881523936097,           1688100,           2872000,-0.74499039737016315,0.88223375041217056,2.3757384460100632,8.8998633229881676,2.1860359196525532,666.50939200108769,0.060999999999999999,0.095000000000000001,                 1,                 1,                 1,                 1,                 1,                 1,                 1,                 1,                 1,                 1,                 1,                 1,                 1,                 1,                 1,0.4591594916644301,0.85456855481966909,-0.34209813926343541,-0.98444008538252803
2024-01-01,            345893,            347372,100.42758887864166,124.51719567659376,            401376,           1605504,58060.716374268537,           1539905,           22.2075,0.41112800514312459,15575.503771248452,14515.179093567134,9.6534546879960335, 9.582950214899121,-0.0006943603875839699,-0.004917995586200874,4.0908306000000003,           1720100,           1459600,           3919900,           2915000,          10315500,          16302500,1381415.6274990197,1172207.5750814308,3148079.2501792964,2341042.1220624628,  8284397.94515792,0.90912261819341467,2.4415386071912621,3.3506612253846768,-0.74425227218368817,1.0713769632464323, 6.425085206888304,1.8156292354301204,10.154132284939807,2.3178807443052025,               768,6.6437897331476723,-4.5447284811349009,8.7699999999999996,4.6473124452794057,4.1226875547205939,0.15923068394722156,28432.599999999999,             28520,             48945,-3.9919396310209989,0.36816626863744917,-0.070504473096912434,0,0,0,0,0,0,0.99999962723667424,0.99997965713195724,0,            315076,             72075,             39485,             37057,             52904,             43617,             86721,            550287,            148910,              52.5,14748.919212999999,,2986.8016666666667,3614.7276666666667,1568.0708749999999,            354561,12822.182727901662,9.4589319755688557,13668.680910734398,9.5228624298706954,0.22711603217957174,            425308,92157.270573355359,333150.72942664463, 12047.91144159161,9.3966465995471555,          10315500,7.4017697090757792,10.154132284939807,2.3178807443052025, 6.425085206888304,           1720100,           2915000,-0.74425227218368817,0.90912261819341467,2.4415386071912621,9.0314941600892915,2.2007178199744537,664.14135823483059,0.064000000000000001,0.096999999999999989,                 1,                 1,                 1,                 1,                 1,                 1,                 1,                 1,                 1,                 1,                 1,                 1,                 1,                 1,                 1,0.46516702895449363,0.89362985656307992,-0.32644832671478868,-0.98956133093316034
2024-04-01,            344825,            349919, 101.4772710795331,125.81866557611094,            405346,           1621384,57759.280155189728,           1556690,            22.311,0.41126867607408407,15455.380753888217,14439.820038797432,9.6457124905544482, 9.577744949681998,-0.0077421974415852191,-0.0052052652171230562,4.0801856000000001,           1710700,           1486000,           3926500,           2971500,          10568200,          16583000,1359655.1768903905,1181064.8230894487,3120761.1223827195,2361732.2488629189,8399548.6294575464,0.91650096460801389,2.4216965259309329,3.3381974905389469,-0.77760727871990842,1.0550862719750533,6.5180117726584204,1.8326935506949618,10.227682029673415,2.3250979687244766,               786,6.6669567924292066,-4.5267540406532802,8.7699999999999996,4.4124775525276494,4.3575224474723502,0.16072722439594814,31384.900000000001,             29912,             52998,-3.9039901656469005,0.36077674586901459,-0.067967540872450272,0,0,0,0,0,0,0.99999974978968176,0.99998634514569662,0,            318597,             74176,             39921,             38109,             54664,             44492,             90774,            559976,            154630,52.600000000000001,     14874.1743114,,3019.8519999999999,3684.8376666666668,1588.4421520000001,            358518,12771.645460099711, 9.454982794296523,13605.732749448573,9.5182465086018944,0.2300812891981085,            431136,95635.601054330895,335500.39894566912,11951.679265911605,9.3886270718311042,          10568200,7.4976946559235822,10.227682029673415,2.3250979687244766,6.5180117726584204,           1710700,           2971500,-0.77760727871990842,0.91650096460801389,2.4216965259309329,9.0786019844774586,2.2059202142919085,666.67447946752725,0.066000000000000003,0.10000000000000001,                 1,                 1,                 1,                 1,                 1,                 1,                 1,                 1,                 1,                 1,                 1,                 1,                 1,                 1,                 1,0.47732437199673938,0.93220688066604851,-0.280940703239067,-0.99305621307350667
2024-07-01,            345185,            353116,102.29760852875994,126.83577770462824,            416103,           1664412,58567.323387451928,         1573952.5,22.405966666666668,0.41136449748147552,15405.940977031414,14641.830846862982,9.6425084917379369,9.5916378375420539,-0.0032039988165113442,0.013892887860055936,4.1985054999999996,           1771400,           1535400,           4073300,           3001600,          10619400,          16900100,1396609.0893731806,1210541.7160571194,3211475.5581708117,2366524.6938368175,8372558.7465787251,0.92248794168751491,2.4472906948519957,3.3697786365395106,-0.73911988137552476,1.0642797576561573,6.3802712309211902, 1.803399639031682,10.153796055303614,2.3178476311652907,817.60000000000002,6.7063732194494401,-4.5092819539821507,8.7699999999999996, 3.735759397307592,5.0342406026924076,0.15815814834307851,             33406,             29395,             53526,-3.8526097260635068,0.35449403649256522,-0.050870654195882992,0,0,0,0,0,0,0.99999983205107257,0.99999083439780101,0,            323401,             75234,             40246,             38666,             56086,             44490,             86807,            567839,            151736,53.299999999999997,     15005.7862171,,3070.2296666666666,3739.6963333333333,1636.4324123333333,            363647,12796.009310120771,9.4568886286496987,13718.920078491876,9.5265311867017815,0.2312627346835987,            436519,92994.775790320855,343524.22420967917,12087.929148979832,9.3999626426663578,          10619400,7.3634607370851288,10.153796055303614,2.3178476311652907,6.3802712309211902,           1771400,           3001600,-0.73911988137552476,0.92248794168751491,2.4472906948519957,9.0109299860851753,2.1984382833953013,669.72277698797484,0.066000000000000003,0.10000000000000001,                 1,                 1,                 1,                 1,                 1,                 1,                 1,                 1,                 1,                 1,                 1,                 1,                 1,                 1,                 1,0.45637835169518626,0.92531026244896541,-0.39582658762310613,-0.99544965462710855
2024-10-01,            347360,            358273,103.14169737448181,127.88233848682712,            424334,           1697336,58986.444175731653,           1597054,22.501166666666666,0.41141967353877168,15437.421763315977,14746.611043932913,9.6445498253941526, 9.598768575635793,0.0020413336562157269,0.0071307380937390974,4.0927246999999998,           1828700,           1565700,4136899.9999999995,           3049100,          10873900,          17284100,1429986.3621811781,1224328.5652469352, 3234926.768582772,2384301.0974608357,8503050.6390998587,0.92244552640137245,2.4372899649804163,3.3597354913817887,-0.71900908246805584,1.0773942224756914,6.4064510503518459,1.7964033049437471,10.183075124783779,2.3207270406329799,             848.5,6.7434700846742812,-4.4875332766897529,8.7699999999999996,3.6044107231406386, 5.165589276859361,0.15754456984356663,32482.900000000001,             28966,             53721,-3.8952021640214469,0.35030899657745473,-0.045781249758359621,0,0,0,0,0,0,0.99999988776023796,0.99999387463739342,0,            330311,             77502,             40828,             39524,             57057,             45181,             88721,            579053,            154719,53.700000000000003,15060.226752299999,,3115.5993333333331,3811.6023333333333,1673.0768419999999,            371139,12897.958863146054,9.4648243501673495,13822.284953539483,9.5340374203800504,0.23237769254282423,            444494,94578.218739908087,349915.78126009193,12160.401769305512,9.4059401952132813,          10873900,7.3921585602379256,10.183075124783779,2.3207270406329799,6.4064510503518459,           1828700,           3049100,-0.71900908246805584,0.92244552640137245,2.4372899649804163,9.0471774592655798,2.2024528261121521,669.30870631745017,0.065000000000000002,0.099000000000000005,                 1,                 1,                 1,                 1,                 1,                 1,                 1,                 1,                 1,                 1,                 1,                 1,                 1,                 1,                 1,0.4513152071759699,0.89869180933744852,-0.43367234044082859,-0.99709278152513525
2025-01-01,            349159,            362599,103.84924919592507,128.75961105291896,            434573,           1738292,59676.732783161839,         1625176.5,22.622366666666668,0.41143197040760704,15434.238386493602, 14919.18319579046,9.6443435924401619,9.6104031266687056,-0.00020623295399069264,0.011634551032912555,4.1250222000000001,           1857100,           1582600,           4122300,           3092000,          10960000,          17395000,1442300.1007953882, 1229112.131559303,3201547.4155989601,2401374.1379889832, 8511985.948369747,0.91043392019292502,2.3714657836542998,3.2818997038472251,-0.71040998865553084,1.0683475503540256,6.3050396596199025,1.7787575390095565, 10.00694935028177,2.3032797866666872,845.20000000000005,6.7395732857419013,-4.5099012017710649,8.6366666666666667,3.4070919709306313,5.2295746957360354,0.1536253594524587,33151.199999999997,             28805,             52432,-3.8922927891785069,0.35457980969262776,-0.033940465771456374,0,0,0,0,0,0,0.99999992499050661,0.99999590643054226,0,            335468,             78068,             42624,             39486,             57839,             46883,             91351,            592352,            157779,53.799999999999997,15169.797937400001,,3144.5133333333333,3863.8609999999999,1691.7481733333332,            378092,12980.152501105238,9.4711767391185884,13949.667848447849,9.5432109768189388,0.22943621360272271,            456445,97333.772451177676,359111.22754882229,12328.529824600409,9.4196713534126317,          10960000,7.2782640507655412, 10.00694935028177,2.3032797866666872,6.3050396596199025,           1857100,           3092000,-0.71040998865553084,0.91043392019292502,2.3714657836542998,8.8765293748115965,2.1834106444378514,670.56635412740491,0.064000000000000001,0.098000000000000004,                 1,                 1,                 1,                 1,                 1,                 1,                 1,                 1,                 1,                 1,                 1,                 1,                 1,                 1,                 1,0.4384852351239254,0.86770684990187452,-0.50919627604787199,-0.99820105613414212
2025-04-01,            352743,            368613,104.49902620321311,129.56525033656646,            437805,           1751220,59489.459071483252,           1652555,22.720200000000002,0.4114015900749215,15525.523542926558,14872.364767870813,9.6502406288048448,9.6072600562569495,0.0058970363646828616,-0.0031430704117560992,4.0536989999999999,           1863000,           1641600,           4329700,           3155900,          11236000,          17920300,1437885.5404211849,1267006.3892406963,3341713.9153846507,2435761.1256120331,8672078.3318155855,0.93740363860622877,2.4723906762142964, 3.409794314820525,-0.73828530966983019,1.0638297872340425,6.4160984913374675,1.8021150969038728,10.233037539543862,2.3256214605767189,867.39999999999998,6.7655002314012656,-4.4870686178332644,8.3866666666666667,2.9777654557853417, 5.408901210881325,0.15113738612700478,33798.400000000001,             29335,             53920,-3.8896643899862453,0.35235121013752929,-0.042980572547895335,0,0,0,0,0,0,0.99999994943025861,0.99999724020240011,0,            340399,             78203,             42335,             38346,             58329,             46302,             91567,            595308,            157503,54.100000000000001,15221.344451299999,,          3206.634,3934.3433333333332,       1734.788994,            382734,13001.586681436411,9.4728266814140696,13936.975724653612,9.5423007113266181,0.22934682550881225,            458776,98156.399228634589, 360619.6007713654,12250.354027742243,9.4133101157791259,          11236000,7.4067158860679978,10.233037539543862,2.3256214605767189,6.4160984913374675,           1863000,           3155900,-0.73828530966983019,0.93740363860622877,2.4723906762142964,9.0876074964881628,2.2069116718392667,669.94764356387702,0.064000000000000001,0.098000000000000004,                 1,                 1,                 1,                 1,                 1,                 1,                 1,                 1,                 1,                 1,                 1,                 1,                 1,                 1,                 1,0.45543914649709649,0.84439391702705791,-0.44034749507878895,-0.99893306428785156
2025-07-01,            354524,            374133,105.53107829089144,130.84486118040712,            445302,           1781208,59658.822948708446,           1681063,22.818300000000001,0.41132730616965074,15536.827896907307,14914.705737177112,9.6509684780471474,9.6101029674332121,0.00072784924230262504,0.0028429111762626746,4.2456784000000001,           1926800,           1679500,           4493900,           3186100,          11506200,          18448300,1472583.6250789813,1283581.1699813935, 3434525.406239586,2435021.1168072154,8793772.9431616012,0.94289942555838513,2.5229507165923351,3.4658501421507202,-0.70699210872621276, 1.081737786940099,6.4597733672878181,1.7887298956663118,10.357184562386875,2.3376804395104243,897.10000000000002,6.7991673385652378,-4.4660721596056341,8.1033333333333335,3.1608458972161024,4.9424874361172311,0.1449467458788268,           39585.5,             29675,             55107,-3.7487187208074544,0.35001533344341962,-0.040865510613935285,0,0,0,0,0,0,0.99999996605602304,0.99999814753670868,0,            346451,             79026,             42349,             37051,             59052,             47004,             94531,            604919,            159617,54.100000000000001,15259.671183300001,,3281.0659999999998,4003.9630000000002,1775.0567059999998,            388800,13022.258131817196,9.4744153363477821,13968.481934497155,9.5445587802402727,0.22825865942382367,            466841,100988.48066600652,365852.51933399349,12253.667553865494,9.4135805633162715,          11506200,7.4563199278242633,10.357184562386875,2.3376804395104243,6.4597733672878181,           1926800,           3186100,-0.70699210872621276,0.94289942555838513,2.5229507165923351,9.2186314007123258,2.2212265884498619,668.74706631519439,0.060999999999999999,0.096000000000000002,                 1,                 1,                 1,                 1,                 1,                 1,                 1,                 1,                 1,                 1,                 1,                 1,                 1,                 1,                 1,0.44575160519298979,0.85993052475305087,-0.50063199597414743,-0.99943307746022803
2025-10-01,            355980,            378740,106.39361761896735,131.91429816970469,            454500,           1818000,60157.294001510556,         1709669.5,22.909400000000002,0.41120673359097121,15538.599876033417,15039.323500377639,9.6510825217952156, 9.618423616464117,0.00011404374806822659,0.008320649030904903,4.3331078999999999,           1982200,           1699500,           4543200,           3250100,          11964700,          18987000,1502642.2666100573,1288336.4605507983,3444054.2557072002,2463796.6051404234,9070055.4572239686,0.93481848184818483, 2.499009900990099,3.4338283828382838,-0.69741474147414739,1.0903190319031903,6.5812431243124312,1.7877337733773377,10.443894389438944,2.3460175387059907,938.70000000000005,6.8444959393429459,-4.4372043076910872,8.0199999999999996,3.1528667137197264,4.8671332862802732,0.14337624862486248,42822.099999999999,             31590,             56936,-3.6870010315004174,0.35684431692384161,-0.032658905331098609,0,0,0,0,0,0,0.99999997731534351,0.99999876200367399,0,            351577,             80303,             43729,             37041,             59832,             48815,             97953,            618019,            163518,53.899999999999999,     15305.5404449,,3338.4279999999999,4092.4540000000002,1799.4126919999999,            395306,13080.604654874111,9.4788858513795926,14059.964077625875,9.5510866104272445,0.22674869219231125,            477884,104266.28535368654,373617.71464631346,12362.943181601077,9.4224588241540204,          11964700,7.5710190825082506,10.443894389438944,2.3460175387059907,6.5812431243124312,           1982200,           3250100,-0.69741474147414739,0.93481848184818483, 2.499009900990099,9.3176567656765688,2.2319111770944104,668.08997376186187,,,                 1,                 1,                 1,                 1,                 1,                 1,                 1,                 1,                 1,                 1,                 1,                 1,                 1,                 1,                 1,0.4450285251418919, 0.918301002968262,-0.51745995196146022,-0.99977264255917897
2026-01-01,            357793,            382863, 107.0068447398356,132.67462033073571,            456254,           1825016,59842.763624926847,         1737108.5,           22.9862,0.4110394871665301,15565.556725339551,14960.690906231712, 9.652815850006025,9.6131814340336792,0.0017333282108094039,-0.0052421824304378362,         4.0798679,           2003300,           1712000,           4470300,           3296600,          12266800,          19211900,1509934.6016639106,1290374.9004385837,3369370.8629851639,2484725.4070010721,9245777.3532126285,0.93807396757069528,2.4494579773547192,3.3875319449254144,-0.70865132141307252,1.0976890065621343,6.7214753185725495,1.8063403279752068,10.526976201852477,2.3539411245895616,973.10000000000002,6.8804868518279436,-4.401718424398525,8.2699999999999996, 3.040556930703775,5.2294430692962246,0.14938434512354962,41537.599999999999,             30241,             53265,-3.7333781871677814,0.36214164251670539,-0.039634415972345849,0,0,0,0,0,0,0.99999998483991326,0.99999917265049276,0,            355650,             81828,             43984,             38720,             60444,             48510,             98644,            622128,            165873,54.200000000000003,     15323.5251205,,3389.2440000000001,4161.3543333333337,1836.9702480000001,            399634,13104.105935774818,9.4806808902920743,14032.398421003265,9.5491241079519753,0.22868605817452356,            479856, 104594.4924774323, 375261.5075225677,12304.925377205856,9.4177548983781492,          12266800,7.7280255340227155,10.526976201852477,2.3539411245895616,6.7214753185725495,           2003300,           3296600,-0.70865132141307252,0.93807396757069528,2.4494579773547192,9.4003559420848912,2.2407475547382965,666.64020675448751,,,                 1,                 1,                 1,                 1,                 1,                 1,                 1,                 1,                 1,                 1,                 1,                 1,                 1,                 1,                 1,0.45848930432365048,                 1,-0.46555528077590208,                -1
