date,cons_real,cons_nom,cons_deflator,cons_deflator_norm,ydi_nom,ydi_ann_nom,ydi_ann_r,ydi_ann_8qma,pop_millions,prime_age_share,cons_real_pc,ydi_real_pc,ln_cons_real_pc,ln_ydi_real_pc,d_ln_cons_pc,d_ln_ydi_pc,unemp_rate,fin_deposits,fin_equities,fin_super,fin_loans,housing_wealth,closing_net_worth,fin_deposits_r,fin_equities_r,fin_super_r,fin_loans_r,housing_wealth_r,eq_y,super_y,ilfa_y,nla_y,nla_y_unrestricted,ha_y,debt_y,networth_y,ln_networth_y,hpi,ln_hpi,ln_hp_over_y,mortgage_rate,hicp_4q_ann,real_rate,mortgage_burden,housing_loan_flow,fhb_loans,non_fhb_loans,cci_ratio,fhb_share,ln_y_over_c,d2000_gst,d2008_gfc,d2020_covid,d2020_rebound,d_neg_gearing_8587,d_recession_1991,d_apra_2014,d_apra_2017,d_jobkeeper_2020
1980-01-01,             91947,             19287,20.976214558386896,26.007771440420658,             24273,             97092,34.445792346770816,,10837.874762414271,0.38509286263909587,8.4838588759921851,8.6114480866927039,2.1381654024283239,2.1530924909056046,,,6.1458855999999997,,,,,,,,,,,,,,,,,,,,,,,,,,,,,,,,,0.014927088477280748,0,0,0,0,0,0,7.135066607176762e-25,1.3074056415424297e-26,0
1980-04-01,             92256,             19766,21.425164758931668,26.564411160680905,             25319,            101276,35.061286002785032,,10873.728999999999,0.38562012379965482,8.4843019354262008,8.7653215006962579,2.1382176248747093,2.1708031977571189,5.2222446385474797e-05,0.017710706851514324,6.1146213999999999,,,,,,,,,,,,,,,,,,,,,,,,,,,,,,,,,0.032585572882409597,0,0,0,0,0,0,1.0629823358868982e-24,1.947773131368683e-26,0
1980-07-01,             92979,             20380,21.918927929962681,27.176613122199143,             25877,            103508,34.900891061884451,,10912.947604104778,0.38616413113362169,8.5200628989574767,8.7252227654711128,2.1424237233207197,2.1662179996217117,0.0042060984460103867,-0.0045851981354072535,6.0745345000000004,,,,,,,,,,,,,,,,,,,,,,,,,,,,,,,,,0.023794276300991957,0,0,0,0,0,0,1.5836312519788395e-24,2.9017927189039663e-26,0
1980-10-01,             93859,             21039,22.415538200918398,27.792345116455351,             26857,            107428,35.281512288013019,,10955.825445317179,0.38673866485940428,8.5670404725294258,8.8203780720032547,2.1479223372067024,2.1770647344065006,0.0054986138859827172,0.010846734784788925,6.0550312000000002,,,,,,,,,,,,,,,,,,,,,,,,,,,,,,,,,0.029142397199798165,0,0,0,0,0,0,2.369652075653092e-24,4.3420708772156099e-26,0
1981-01-01,             94334,             21658,22.958848347361503,28.465978868180308,             27434,            109736,35.040015734524189,,11001.672445663879,0.38734860620846839,8.5745145082173515,8.7600039336310473, 2.148794374331684,2.1701963539928393,0.00087203712498151731,-0.0068683804136613347,           5.91629,,,,,,,,,,,,,,,,,,,,,,,,,9.4518187895913375,,,,,,,,0.021401979661155313,0,0,0,0,0,0,3.5458071142700834e-24,6.4972178680926264e-26,0
1981-04-01,             96208,             22527,23.414892732413104,29.031414452379504,             28593,            114372,35.655249167212951,,11049.129000000001,0.38798988960857078,8.7072926743818435,8.9138122918032376,2.1641609129696002,2.1876020166184698,0.015366538637916261,0.01740566262563048,5.5548327000000004,,,,,,,,,,,,,,,,,,,,,,,,,9.2868736173987276,,,,,,,,0.023441103648869532,0,0,0,0,0,0,5.2594534710385881e-24,9.6372458983765376e-26,0
1981-07-01,             98493,             23557,23.917435756855816,29.654502287522668,             29366,            117464,35.687906991473575,, 11099.23554646125,0.38868821540863951,8.8738543828275045,8.9219767478683938,2.1831092434044015,2.1885175305458056,0.018948330434801264,0.00091551392733579817,5.8246250000000002,,,,,,,,,,,,,,,,,,,,,,,,,9.1177261647054522,,,,,,,,0.0054082871414040667,0,0,0,0,0,0,7.835534612262311e-24,1.4357570462297622e-25,0
1981-10-01,             98758,             24249,24.553960185503961,30.443709597089697,             30640,            122560,36.103761069269765,          109179.5, 11150.61279830788,0.3894288405944602,8.8567329694191024,9.0259402673174414,2.1811779572727046,2.2001026835364059,-0.0019312861316969077,0.011585152990600367,5.8723907999999998,,,,,,,,,,,,,,,,,,,,,,,,,9.5399091711210851,,,,,,,,0.018924726263701341,0,0,0,0,0,0,1.1724630234846655e-23,2.1483818663471245e-25,0
1982-01-01,             99491,             24969,25.096742418912264, 31.11668880547408,             31295,            125180,35.915697098940541,          112690.5,  11201.0122049737,0.39018231327052011,8.8823222561816326,8.9789242747351352,2.1840630381506734,2.1948800839063978,0.0028850808779687931,-0.0052225996300081512,5.9826186999999997,,,,,,,,,,,,,,,,,,,,,,,,, 9.311852403069043,,,,,,,,0.010817045755724397,0,0,0,0,0,0,1.7544042741990936e-23,3.2147114693041897e-25,0
1982-04-01,            101660,             26154,25.726932913633682,31.898042862709691,             32756,            131024, 36.51926031463713,            116409,11247.728999999999,0.39091065892171012,9.0382689696737906,9.1298150786592824, 2.201467670412812,2.2115454401475709,0.01740463226213862,0.016665356241173157,6.3332116000000003,,,,,,,,,,,,,,,,,,,,,,,,, 9.874229225146248,,,,,,,,0.010077769734758935,0,0,0,0,0,0,2.6022869694198839e-23,4.768343243368999e-25,0
1982-07-01,            101426,             26959,26.579969633032949,32.955697186690273,             33053,            132212,35.530908469759723,            119997,11291.042949365676,0.39162283598075837,8.9828725703056556,8.8827271174399307,2.1953197164964084,2.1841086176759368,-0.0061479539164035479,-0.027436822471634148,         6.8795522,,,,,,,,,,,,,,,,,,,,,,,,,11.132187845069996,,,,,,,,-0.011211098820471666,0,0,0,0,0,0,3.8768875382601688e-23,7.1038785174739687e-25,0
1982-10-01,            102390,             27904,27.252661392714131,33.789747271701806,             34024,            136096,35.546769282010679,          123580.5,11330.792388154909,0.39232568923068634,9.0364377434924528,8.8866923205026698,2.2012650418206405,2.1845549128565311,0.0059453253242320869,0.00044629518059435824,8.2948825999999993,,,,,,,,,,,,,,,,,,,,,,,,,10.990899988521697,,,,,,,,-0.016710128964109394,0,0,0,0,0,0,5.801145052317123e-23,1.0629823358868982e-24,0
1983-01-01,            102396,             28503,27.836048283136059,34.513070961264503,             34932,            139728,35.617430935396555,          127329.5,11366.774585350149,0.39302487192372654,9.0083602196150814,8.9043577338491389,2.1981530594538277,2.1865407899237197,-0.003111982366812871,0.0019858770671885573,9.3003102999999996,,,,,,,,,,,,,,,,,,,,,,,,,10.914985771856699,,,,,,,,-0.011612269530107966,0,0,0,0,0,0,8.6804901060210437e-23,1.5905838530715206e-24,0
1983-04-01,            101717,             28861,28.373821485100819,35.179839623672684,             34523,            138092,34.436786433134557,          130294.5,         11398.614,0.39371838919770669,8.9236287850435154,8.6091966082836393,2.1887026783321102,2.1528310049436361,-0.0094503811217174771,-0.03370978498008359,10.152006800000001,,,,,,,,,,,,,,,,,,,,,,,,,10.288395357320091,,,,,,,,-0.035871673388474079,0,0,0,0,0,0,1.2875667611667781e-22,2.3592940894465516e-24,0
1983-07-01,            102404,             29422,28.731299558610992,35.623065831382171,             37326,            149304,36.675284397008248,          134274.5,11427.905997307185,0.39444037407215476,  8.96087174886895, 9.168821099252062,2.1928675156546955,2.2158087173987409,0.0041648373225853241,0.062977712455104751,10.521867200000001,,,,,,,,,,,,,,,,,,,,,,,,,8.0938012920241285,,,,,,,,0.022941201744045348,0,0,0,0,0,0,1.9182171642500585e-22,3.5148767072776932e-24,0
1983-10-01,            102549,             30158,29.408380384011547,36.462557785695175,             37473,            149892,35.884326501332232,            137691,11455.829055938522,0.3951950437533871,8.9516873461759801,8.9710816253330581,2.1918420448161529,2.1940062513355585,-0.0010254708385426525,-0.021802466063182369,        10.0079478,,,,,,,,,,,,,,,,,,,,,,,,, 7.910122832530897,,,,,,,,0.0021642065194056315,0,0,0,0,0,0,2.8703066317608117e-22,5.2594534710385881e-24,0
1984-01-01,            103848,             30968,29.820506894692244,36.973540931128156,             38402,            153608,  36.1782093840933,          141244.5,11483.538268503171,0.39597621342412753,9.0432058109504716, 9.044552346023325,2.2020137366446049,2.2021626257511104,0.010171691828452012,0.008156374415551948,9.4987788999999996,,,,,,,,,,,,,,,,,,,,,,,,,7.1290960245906421,,,,,,,,0.00014888910650556753,0,0,0,0,0,0,4.2949569599702026e-22,7.8699348846987659e-24,0
1984-04-01,            103293,             31186,30.191784535254083,37.433876802969728,             39281,            157124,36.460235498891144,            144507,         11512.198,0.3967765492245493,8.9724829263707928,9.1150588747227861,2.1941624411535341,2.2099278672126501,-0.0078512954910707755,0.0077652414615396737,9.3700978999999993,,,,,,,,,,,,,,,,,,,,,,,,,6.4071843516315896,,,,,,,,0.015765426059116017,0,0,0,0,0,0,6.3986275576610688e-22,1.1724630234846655e-23,0
1984-07-01,            101842,             31188,30.623907621609945,37.969653095340796,             39381,            157524,35.940394791237232,            147671,11543.227595796639,0.39760600142740404,8.8226623927162997,8.9850986978093079,2.1773236830531779,2.1955675049063323,-0.016838758100356177,-0.014360362306317764,8.9191625000000005,,,,,,,,,,,,,,,,,,,,,,,,,6.5872692571322666,,,,,,,,0.018243821853154429,0,0,0,0,0,0,9.5326763465269786e-22,1.746735597662332e-23,0
1984-10-01,            102222,             31732,31.042241396176948,38.488332438768701,             40437,            161748,36.301141476339978,          150877.5,11576.826983928211,0.39847595588876433,8.8298806004367147,9.0752853690849946,2.1781414924900981,2.2055548252857116,0.0008178094369202249,0.0099873203793792165,8.6953759000000002,,,,,,,,,,,,,,,,,,,,,,,,,5.5557667264589661,,,,,,,,0.027413332795613421,0,0,0,0,0,0,1.4264132677888467e-21,2.6137117649361704e-23,0
1985-01-01,            104330,             32801,31.439662609029043,38.981082931983856,             41479,            165916,36.654019697440432,            154151,11612.153282907391,0.39937931310073371, 8.984552430389412,9.1635049243601081,2.1955067060164519, 2.215228739164214,0.017365213526353784,0.0096739138785024714,8.5494026000000005,,,,,,,,,,,,,,,,,,,,,,,,,5.4296720040831747,,,,,,,,0.019722033147762108,0,0,0,0,0,0,2.1344003893149461e-21,3.9110035882410467e-23,0
1985-04-01,            105404,             33989,32.246404311031839,39.981337469748183,             42008,            168032,36.081744730090314,          157893.5,11647.887000000001,0.40029713119426574,9.0491949312351672,9.0204361825225785,2.2026757958802814,2.1994926901695013,0.0071690898638294698,-0.015736048994712704,8.4016166999999999,,,,,,,,,,,,,,,,,,,,,,,,, 6.805228002931174,,,,,,,,-0.0031831057107800653,0,0,0,0,0,0,3.1659306821824891e-21,5.801145052317123e-23,0
1985-07-01,            107698,             35322,32.797266430202974,40.664334683125773,             42869,            171476, 36.08846392088703,            160665,11684.799805711169,0.40126119998073312,9.2169315513099797,9.0221159802217574,2.2210421786315573,2.1996788941708956,0.018366382751275889,0.0001862040013942412,8.3082857000000008,,,,,,,,,,,,,,,,,,,,,,,,,7.0969349680880756,,,,,,,,-0.021363284460661713,0,0,0,0,1,0,4.7166040306020027e-21,8.6425468156502856e-23,0
1985-10-01,            109118,             36355,33.317142909510807, 41.30891374258637,             44458,            177832,36.722391858255207,          164157.5,11722.903157945437,0.4022744492956527,9.3081038484944791,9.1805979645638018,2.2308854022852502, 2.217092340263076,0.0098432236536929452,0.017413446092180429,7.8486107000000001,,,,,,,,,,,,,,,,,,,,,,,,,7.3284061041224646,,,,,,,,-0.013793062022174229,0,0,0,0,1,0,7.057647111462234e-21,1.2932195531658006e-22,0
1986-01-01,            107676,             36584, 33.97600208031502,  42.1258132207074,             45453,            181812, 36.69420981795011,            167683,11761.878977897915,0.40332823577604171, 9.154659744615385,9.1735524544875275,2.2142630113642952,2.2163246108654766,-0.016622390920955077,-0.00076772939759939263,7.8043582999999996,,,,,,,,,,,,,,,,,,,,,,,,,8.0673240766826027,,,,,,,,0.0020615995011814547,0,0,0,0,1,0,1.0560645419194468e-20,1.9350971980410575e-22,0
1986-04-01,            109816,             37873,34.487688497122463,42.760237670383667,             46098,            184392,36.541439904822553,          171091.5,11800.932000000001,0.40440001623138461,9.3057056849408166,9.1353599762056383,2.2306277265458889,2.2121525953158119,0.01636471518159377,-0.0041720155496647315,         7.9005747,,,,,,,,,,,,,,,,,,,,,58.938703662280055, 4.076497982874935,0.47805102643923281,,6.9504933463972574,,,,,,,,-0.018475131230077046,0,0,0,0,1,0,1.5664479599822757e-20,2.8703066317608117e-22,0
1986-07-01,            110572,             39216, 35.46648337734689,43.973815719038427,             46845,            187380,35.985275175347716,          174823.5,11841.432794125283,0.4055240177992519,9.3377213655138487,8.9963187938369291,2.2340622573280031,2.1968154707565253,0.0034345307821141979,-0.015337124559286597,8.1065266000000005,,,,,,,,,,,,,,,,,,,,,59.130999595925346,4.0797553147452419,0.49664548286882571,,8.1385348160779571,,,,,,,,-0.037246786571477841,0,0,0,0,1,0,2.3336944183147339e-20,4.276183273568669e-22,0
1986-10-01,            110386,             39991,36.228326055840412,44.918401321014706,             48235,            192940,36.145397995003947,          178722.5,11883.516460629759,0.40669055715523994,9.2890013125079793,9.0363494987509867,2.2288310457023894,2.2012552763383955,-0.0052312116256136854,0.004439805581870182,8.3097522000000001,,,,,,,,,,,,,,,,,,,,,59.804035363683852,4.0910731396779036,0.50352350221961761,,8.7377934963882353,,,,,,,,-0.027575769363993974,0,0,0,0,1,0,3.4920022040418016e-20,6.3986275576610688e-22,0
1987-01-01,            110748,             40810,36.849423917361939,45.688481698464287,             48417,            193668,35.540649161433137,          182191.5,11926.850776198884,0.40787375712853541,9.2856028869756386,8.8851622903582843,2.2284651239811231,2.1843827270963314,-0.00036592172126637124,-0.01687254924206405,8.1858014000000008,,,,,,,,,,,,,,,,,,,,,60.477071131442344,4.1022643036391644,0.53158721542294263,, 8.457209975012713,,,,,,,,-0.044082396884791653,0,0,0,0,1,0,5.2252254182613191e-20,9.5745275640375084e-22,0
1987-04-01,            111365,             41739,37.479459435190591,46.469643604556779,             50060,            200240,35.997071627325482,          186217.5,         11970.556,0.40903415754450628,9.3032437256882634,8.9992679068313706, 2.230363127055333,2.1971432303422391,0.001898003074209953,0.012760503245907717,8.3001044999999998,,,,,,,,,,,,,,,,,,,,, 61.15010689920085,4.1133316102788466,0.52989401881671638,,8.6748955016737295,,,,,,,,-0.033219896713093888,0,0,0,0,1,0,7.7505146437416359e-20,1.4201782727427869e-21,0
1987-07-01,            113022,             43080,38.116472899081593, 47.25945725407076,             51557,            206228,36.315755629705727,          190561.5,12016.107782793837,0.41019898056636295,9.4058743515798859,9.0789389074264317,2.2413344251070209,2.2059573253689004,0.010971298051687839,0.0088140950266613061,8.0734750000000002,,,,,,,,,,,,,,,,,,,,,62.207734534249923,4.1304793414396244,0.5382276549508338,,7.4718135811212338,,,,,,,,-0.035377099738120421,0,0,0,0,1,0,1.1546717940997622e-19,2.1157818151515243e-21,0
1987-10-01,            114157,             44164,38.687071314067467,47.966924901291478,             51534,            206136,35.624144268305464,          194099.5,12063.338829554436,0.41136368301123244,9.4631346771361837,8.9060360670763661,2.2474036893952527,2.1867292566416321,0.0060692642882318459,-0.019228068727268344,8.0855648999999996,,,,,,,,,,,,,,,,,,,,,65.188321505751844,4.1772803348791196,0.60425671711759676,,6.7868033826273821,,,,,,,,-0.060674432753620611,0,0,0,0,0,0,1.7277825315505596e-19,3.1659306821824891e-21,0
1988-01-01,            115138,             45386, 39.41878441522347,48.874153755280183,             53690,            214760,36.280815739345975,            198218,12111.476792535359,0.41251291473151991,9.5065203007252403,9.0702039348364938,2.2519779106225677,2.2049947484207428,0.0045742212273149896,0.018265491779110743,7.6305908000000002,,,,,,,,,,,,,,,,,,,,,68.072760510431124,4.2205771406324439,0.62928803109181031,,6.9725933941967133,,,,,,,,-0.046983162201824857,0,0,0,0,0,0,2.5853515185747764e-19,4.7373112920278761e-21,0
1988-04-01,            115008,             46131,40.111122704507515,49.732562975734687,             55299,            221196,36.577431901280463,          202818.5,12159.709999999999,0.41363199639200288,9.4581203005663799,9.1443579753201156,2.2468736635916677,2.2131370743832766,-0.0051042470308999555,0.0081423259625337252,7.9127679000000004,,,,,,,,,,,,,,,,,,,,,71.726383249691551,4.2728586471424848,0.67342721163931785,,7.0216147964129227,,,,,,,,-0.033736589208391177,0,0,0,0,0,0,3.8516571009149545e-19,7.057647111462234e-21,0
1988-07-01,            116662,             47527,40.739058133753922,50.511121045768029,             56018,            224072,36.336882387551761,            207405,12208.236108404404,0.41473090322676753, 9.556007842909219,9.0842205968879401,2.2571700501946221,2.2065389080620577,0.010296386602954399,-0.0065981663212189012,6.7553843000000002,            120700,            134200,            148200,            131900,            634700,           1204100,238957.27812224554,265684.06565041718,293400.73419815069,261130.61296043237, 1256554.966231891,0.59891463458174155,0.66139455175122286,1.2603091863329645,-0.04998393373558499,0.53866614302545612,2.8325716733906958,0.58865007676104109, 5.373719161698026,1.6815202501188014,78.745184827744495,4.3662171307917941,0.77338386160984551,,6.8804509840560746,,,,,,,,-0.050631142132564477,0,0,0,0,0,0,5.738199357589413e-19,1.0514483781919499e-20,0
1988-10-01,            118496,             48968,41.324601674318117,51.237118700350536,             58839,            235356,37.476097617483418,            212707,12257.057218461905,0.41581791969289722,9.6675733732823055,9.3690244043708546,2.2687773341557791, 2.237408971765622,0.011607283961156956,0.030870063703564377,6.8175869999999996,129699.99999999999,            132400,            152400,            139700,            683000,           1264200,253136.79474937503, 258406.4119106959,297440.61310566508,272653.89534685964, 1333017.970808197,0.56255204881116272,0.64752969968898177,1.2100817485001445,-0.042488825438909632,0.55108006594265702,2.9019867774775232,0.59356889138156665,5.3714373119869476,1.6810955285708242,86.629318107201186, 4.461638304547062,0.8379349716615494,6.6231993934799087,6.8176015156039549,-0.19440212212404617,0.039313251213869339,,,,,,-0.031368362390157056,0,0,0,0,0,0,8.5863018939744207e-19,1.5733251214329558e-20,0
1989-01-01,            121094,             50737,41.898855434621041,51.949118499226977,             61083,            244332,38.222486927871309,            219040,12305.045574400945,0.41687714856420532,9.8410037791262148,9.5556217319678272,2.2865577159352908,2.2571296443318012,0.017780381779511689,0.019720672566179154,6.8074450000000004,            131000,            132900,            155500,            148700,            713800,           1299000,252169.82267360191,255827.24758260837,299331.35439500079,286241.62314171455,1374036.7894993669,0.54393202691419873,0.63642912103203841, 1.180361147946237,-0.072442414419723988,0.53615572254145993, 2.921434769084688,0.60859813696118392,5.3165365158882176,1.6708220604928683, 93.64811968525413,4.5395443505812594,0.8961203451295674, 7.003579098067287,6.2915969028201957,0.71198219524709128,0.042623651911440401,,,,,,-0.029428071603489592,0,0,0,0,0,0,1.2848033959810003e-18,2.354230591889439e-20,0
1989-04-01,            122309,             52326,42.781806735399684,53.043863004235462,             63020,            252080,38.478198602486884,            225520,12350.612999999999,0.41788290476457818,9.9030712078825562,9.6195496506217211, 2.292844932049773, 2.263797449717126,0.0062872161144822414,0.0066678053853248542,         6.2000994,            134100,            136300,            163600,            158600,            736400,           1332700,252809.64169086318,256957.15259108614,308423.99239839835,298997.83126152796,1388285.0122382673,0.54070136464614404,0.64900031735956842,1.1897016820057125,-0.097191367819739763,0.53197397651539191,2.9212948270390351,0.62916534433513172,5.2868137099333543,1.6652157411366622,95.474931054884337,4.5588637109838963,0.90877190014688003,7.3032952252858108,6.6582131110282994,0.64508211425751139,0.045949802551980709,,,,,,-0.029047482332646979,0,0,0,0,0,0,1.9057335785129173e-18,3.4920022040418016e-20,0
1989-07-01,            123324,             53592,43.456261554928481,53.880099053612717,             62779,            251116,37.601516838027209,            231131,12394.831717909132,0.41886304145514425,9.9496308466867482,9.4003792095068022,2.2975354496467455,2.2407500298991581,0.0046905175969724766,-0.023047419817967985,          6.042033,            137800,            141500,            171600,            161000,            752800,           1369900,255753.05617549783,262620.15565190814, 318484.9378789218,298811.62586542196,1397176.3475247805,0.56348460472450979,0.68334952770831014,  1.24683413243282,-0.092387581834689939,0.54875037831121876,2.9978177416014908,0.64113796014590863,5.4552477739371446,1.6965780396902019,95.474931054884337,4.5588637109838963,0.9318193199648479,7.4779319041614123,6.6697747705739108,0.80815713358750152,0.04794386007144058,,,,,,-0.05678541974758744,0,0,0,0,0,0,2.8391621864162543e-18,5.2023854353944252e-20,0
1989-10-01,            124200,             54709,44.049114331723025,54.615159208235632,             66680,            266720,39.265075687716603,            238704,12437.581499173853,0.41979936099530196,9.9858642138947822,9.8162689219291508,2.3011705143387409,2.2840411033178896,0.0036350646919953711,0.043291073418731507,5.9238648999999999,            145200,            140800,            176700,            166900,            764100,           1390400,265860.25218087202,257803.88090266378,323536.54655895376,305592.81053021725,1399062.1121997542,0.52789442111577689,0.66249250149970007,1.1903869226154771,-0.08135872825434913,0.54439112177564486,2.8648020395920817,0.62574985002999395,5.2129574085182959,1.6511473355086437,95.763374955352262,4.5618803045233225,0.89154484008554169,7.4757763975155278,6.5929556414771273,0.88282075603840049,0.046779659596031094,,,,,,-0.017129411020851304,0,0,0,0,0,0,4.2483542552915889e-18,7.7845416538259516e-20,0
1990-01-01,            125580,             56210,44.760312151616496,55.496951787980166,             67847,            271388,39.188823769784136,          245782.5,12478.410892399561,0.42066095066533243,10.063781444838394, 9.797205942446034, 2.308942983191911,2.2820972371118682,0.007772468853170178,-0.0019438662060213829,6.1128232000000002,            151600,            137300,            180000,            173800,            780500,           1408100, 273168.1562965308,247400.97532660738,324342.13808295212,313170.35332676157,1406383.5487430231,0.50591772664966761,0.66325703420932391,1.1691747608589915,-0.081801700885816619,0.55860981325629722,2.8759561955576518,0.64041151414211384,5.1885123881674948,1.6464470256805626, 96.24411478946547,4.5668878262539447,0.89849622802218576,7.3864589574595563,6.8294388648884929,0.55702009257106333,0.047303733650952549,,,,,,-0.026845746080042865,0,0,0,0,0,0,6.3569858618172044e-18,1.1648327389944124e-19,0
1990-04-01,            126147,             57385,45.490578452123316, 56.40238679777935,             68283,            273132,38.689300704206261,          252274.5,         12516.538,0.42141236795879877,10.078425839477337,9.6723251760515652,2.3103970837294128,2.2692687331000663,0.0014541005375017235,-0.012828504011801911,6.2792908000000001,            151600,            137000,            184000,            177900,            797000,           1420800,268782.95158595796, 242897.5222115847,326227.32910169038,315412.18395212345,1413060.7679024306,0.50158897529399704,0.6736669449204048, 1.175255920214402,-0.096290438322862201,0.55504298288007259,2.9180030168563187,0.6513334212029348,5.2018804094723432,1.6490201774258579, 97.10944649086926, 4.575838656774029,0.92027556255407239,6.9712313003452246,6.3315972919915753,0.63963400835364936,0.045405959328508397,,,,,,-0.0411283506293465,0,0,0,0,0,0,9.42924143327528e-18,1.7277825315505596e-19,0
1990-07-01,            126360,             58098,45.978157644824314,57.006921432356791,             68532,            274128,38.306161439739171,          258531.5, 12553.27880891626,0.42207040784590782,10.065896083678938,9.5765403599347927,2.3091530848038548,2.2593163952282596,-0.001243998925557932,-0.0099523378718067157,7.0965965000000004,            155100,            132900,            185400,            177400,            795900,           1423300,272072.22579812241,233129.58612875864,325223.66642792965,311190.28276329406,1396146.2573354326,0.48481001575906146,0.67632638767291198,1.1611364034319736,-0.08134885892721648,0.56579408159691824,2.9033881982139729,0.64714294052413468,5.1921000408568263,1.6471382474859628, 96.24411478946547,4.5668878262539447,0.92127706990579439,6.6689151208544128,5.8032973837571555,0.86561773709725731,0.043157413414155896,,,,,,-0.049836689575595283,0,0,0,0,0,0,1.4047685377320604e-17,2.5740506885315833e-19,0
1990-10-01,            125636,             58926,46.902161800757746,58.152566125808271,             70537,            282148,38.542075936531283,          264380.5,12588.471169278217,0.42265999601461191,9.9802428992815955,9.6355189841328208, 2.300607428632564,2.2654561648819938,-0.008545656171290883,0.006139769653734195,7.6371497000000002,            157100,            128500,            187300,            180300,            801100,           1424000,270151.44896637433,220970.47226084722,322083.80898409872,310046.50699323544,1377583.2321257954,0.45543473637948878,0.66383600096403306,1.1192707373435218,-0.082226349291861012,0.55679997731686914,2.8392900180047351,0.63902632660873016, 5.046996611707331,1.6187933360100362,96.821002590401335,4.5728639396572861,0.92111341365540222,6.3585118376550165, 6.476968975015307,-0.11845713736029051,0.040632564623148112,,,,,,-0.035151263750570205,0,0,0,0,0,0,2.1020124963367518e-17,3.8516571009149545e-19,0
1991-01-01,            125811,             59224,47.073785281096249,58.365356867342165,             69035,            276140,37.485288824793052,          268356.5,12621.568067652235,0.4232116586184041,9.9679373692434066,9.3713222061982631,2.2993736788435166,2.2376541968819628,-0.0012337497890473337,-0.027801968000030985,8.3961182000000001,            158000,            133100,            193800,            181400,            818500,           1454600,270708.53067705227,228046.23691845353,332046.28636210586,310800.80673934991,1402372.9896149829,0.48200188310277398,0.70181791844716446,1.1838198015499384,-0.084739624827985804,0.57217353516332292,2.9640761932353152,0.65691315999130873,5.2676178749909468,1.6615782442324341,96.724854623578693, 4.571870397598409,0.94792183959655496, 5.865779256794232,5.1685813129348279,0.69719794385940403,0.038533075873921692,,,,,,-0.061719481961553857,0,0,0,0,0,0,3.1453270884677382e-17,5.7633917191784807e-19,0
1991-04-01,            126359,             59706,47.251086190932185,58.585186881301851,             70009,            280036,37.781054155149882,            271851,12651.790000000001,0.42375143166792756,9.9874405123701848,9.4452635387874704, 2.301328354866413,2.2455134030297934,0.00195467602289634,0.0078592061478306441,9.8613169000000003,            154300,            133900,            200100,            185900,            826800,           1469000,263377.15762966464,228556.06874019504,341553.91601876798,317315.70708590187,1411278.2496967383,0.47815280892456685,0.71455098630176117, 1.192703795226328,-0.11284263451841905,0.55100058563898924,2.9524775386021798,0.66384322015740838,5.2457541173277722, 1.657419009840654,97.878630225450408,4.5837282440491922,0.95192047989950812,5.6471885336273431,3.8700491370135426,1.7771393966138005,0.037488478209991682,,,,,,-0.055814951836619553,0,0,0,0,0,1,4.6654262174660655e-17,8.5487703096980826e-19,0
1991-07-01,            127893,             60951,47.657807698623067,59.089468527662994,             70704,            282816,37.746329255082564,          275813.5,12679.997499055879,0.4243240918364542,10.086200727525584,9.4365823137706411,2.3111682250553081, 2.244593871571237,0.0098398701888950946,-0.00091953145855638851,9.6767669999999999,            158200,            134900,            206200,            186300,            847300,           1497200,267729.60383953695,228297.87331196925,348962.35342422582,315284.60932557355,1433927.2650647261,0.47698857207513012,0.7290959493097986,1.2060845213849287,-0.099357886399637926,0.55937429282643136, 2.995940823715773,0.65873217922606919,5.2939013351436977, 1.666555466521999,100.85921719695234,4.6137256553350214,0.98283742264389407,5.3254437869822482,3.6531477985130456,1.6722959884692026,0.035080411911447479,,,,,,-0.066574353484071036,0,0,0,0,0,0,6.9505527160206299e-17,1.273595935828144e-18,0
1991-10-01,            128061,             61494, 48.01930330077073,59.537675947128697,             70715,            282860,37.392195691878264,            277831,12705.702760278387,0.42491679317966058,10.079017462958037, 9.348048922969566,2.3104557839794388,2.2351676501855491,-0.00071244107586920791,-0.0094262213856879384,9.9876196000000004,            160400,            135900,            212900,            189400,            854500,           1512000,269409.23952496931,228258.82575712798,357588.69759891502,318117.89255629171,1435225.6556987923,0.4804496924273492,0.75266916495792968,1.2331188573852789,-0.10252421692710174,0.56706497914162479,3.0209290815244292,0.66958919606872658,5.3454005515095808,1.6762364811471246,100.85921719695234,4.6137256553350214, 0.992263644029582,5.1551261406333868, 2.381855029963531,2.7732711106698558,0.034518167681395866,,,,,,-0.075288133793889767,0,0,0,0,0,0,1.0400395704412833e-16,1.9057335785129173e-18,0
1992-01-01,            129541,             62441, 48.20172763835388,59.763858343567613,             72273,            289092, 38.00436931682006,            280044, 12728.10988951748,0.42549919237960215,10.177551979393765,9.5010923292050151,2.3201845086670212,2.2514067740181498,0.0097287246875823463,0.016239123832600733,10.346368200000001,            158900,            133500,            212700,            190000,            845200,           1501000,265879.75476168771,223379.15204962436,355900.71641164867,317917.89430283615,1414232.6540250375,0.46179071022373502,0.73575194055871485,1.1975426507824498,-0.10757821039669033,0.54965201389177143, 2.923636766150568,0.65723022428846178,5.1921187718788486,1.6471418550798242,100.18618142919384,4.6070302692520366,0.96932913411399579,4.6293558606124607,2.3961156948017592,2.2332401658107015,0.030425525905814325,,,,,,-0.06877773464887138,0,0,0,0,0,0,1.5562536567638211e-16,2.8516269329252109e-18,0
1992-04-01,            130638,             63003,48.227162081477061,59.795393737221261,             72519,            290076,38.058430040389425,            282162,12746.566000000001,0.42604139282043479,10.248878011536597,9.5146075100973562,2.3271682373038711,2.2528282503016714,0.0069837286368499285,0.0014214762835216277,        10.4716091,            159900,            132500,            220800,            192400,            860700,           1522500,267411.90249988425,221588.97486700851,369259.21245762624,321763.91520311276,1439408.5333436546,0.45677684468897806,0.76117982873453849,1.2179566734235165,-0.11203960341427764,0.55123484879824602,2.9671534356513467,0.66327445221252357, 5.248624498407314,1.6579660419720881,100.47462532966176,4.6099052113376358,0.97078259991607363,4.4505263157894737,2.0657215933634898,2.3848047224259838,0.029519204041626838,,,,,,-0.074339987002199681,0,0,0,0,0,0,2.3185069437689572e-16,4.2483542552915889e-18,0
1992-07-01,            130922,             63435,48.452513710453552,60.074800378673807,             73859,            295436,38.537097162880471,          284825.5,12761.216604179679,0.42653478117595778,10.259366646681567,9.6342742907201178,   2.3281911074943,2.2653269789175483,0.0010228701904289039,0.012498728615876864,11.138291799999999,            162500,            134700,            219200,            196100,            871900,           1535200,270496.11313845747,224220.47039846293, 364878.4492304608,326426.38637816318,1451357.2987410529,0.4559363110792185,0.74195426420612243,1.1978905752853408,-0.11373021568123046,0.55003452524404606,2.9512314003709772,0.66376474092527649,5.1963877117209822,1.6479637133689173, 100.5707732964844, 4.610861691563592,0.95924035152615306,4.0706860706860706,1.6675253231454024,2.4031607475406682,0.027019778850970719,,,,,,-0.062864128576751721,0,0,0,0,0,0,3.4541120112019482e-16,6.3291988408665747e-18,0
1992-10-01,            131424,             64011,48.705715850986124,60.388738023660537,             73876,            295504,38.308913587397377,            286495,12773.431226529408,0.4270028920360755,10.288856429354919,9.5772283968493443,2.3310614094966211,2.2593882387305575,0.002870302002321079,-0.0059387401869908096,11.091732800000001,            165400,            136100,            223200,            196400,            883200,           1558700,273892.12858728005,225373.14813016212,369605.33918186766,325226.20347365056,1462524.3528916913, 0.460569061670908,0.75531972494450161,1.2158887866154096,-0.104905517353403,0.55972169581460829,2.9887920298879203,0.66462721316801121,5.2747170935080403,1.6629250463614498,101.53225296471084,4.6203765112049311,0.97469391135448258,4.0611932687404382,1.4294512894450273,2.6317419792954109,0.026991795643396439,,,,,,-0.07167317076606361,0,0,0,0,0,0,5.1685287762888516e-16,9.4706385414784851e-18,0
1993-01-01,            131269,             64348,49.019951397511981,60.778349135319985,             74493,            297972,38.347507111707429,            289224,12784.666976878265,0.42746783478287836,10.267690213394436,9.5868767779268573,2.3290020924519399,2.2603951609744843,-0.0020593170446812081,0.0010069222439268444,        10.8338809,            167000,            139800,            230100,            195900,            878100,           1575200,274768.89776683925,230016.11920840794,378588.76273143542,322318.72498517251,1444757.8989764163,0.46917160001610891,0.77222020861020502, 1.241391808626314,-0.096988978830225656,0.5604553447974977,2.9469211872256453,0.65744432362772343,5.2864027492516072,1.6651380049655471,102.49373263293727, 4.629801651664514,0.98311212957013905,4.2097759674134423,1.6974988226501564,2.5122771447632859,0.027676933135203759,,,,,,-0.068606931477455557,0,0,0,0,0,0,7.7338805530022151e-16,1.4171302978223052e-17,0
1993-04-01,            132347,             65284,49.327903163653126,61.160169178501732,             75666,            302664,38.673028677458824,          292052.5,         12796.285,0.42794630936724687,10.342611156284812,9.6682571693647059,2.3362723668214005,2.2688480625458709,0.0072702743694605942,0.0084529015713865618,10.766501699999999,            168000,            140500,            237400,            200700,            895600,           1597900,274688.57960427826,229724.67520476843,388161.12379795039,328154.74956296815,1464351.7374618549,0.46421113842412709,0.78436814421272438,1.2485792826368516,-0.10804059947664738,0.55507096978828008,2.9590569079903788,0.66311156926492743,5.2794518013374567,1.6638222668236597,103.16676840069576,4.6363467895694228,0.98120436590366089,4.1735579377233281,2.2824089883547893,1.8911489493685387,0.027675345535018107,,,,,,-0.06742430427552959,0,0,0,0,0,0,1.1471572933390825e-15,2.1020124963367518e-17,0
1993-07-01,            132041,             65409, 49.53688627017366,61.419280986028603,             75143,            300572,38.203346135788522,            294272,12809.801198470885,0.42847400686011516,10.307810242657148,9.5508365339471304,2.3329018838757345,2.2566287458341154,-0.0033704829456659979,-0.012219316711755468,10.946277500000001,            170100,            148200,            249000,            206100,            907900,           1634000, 276948.8624243153,241292.30694464155,405410.15134423581,335562.37828131323,1478200.3068491232,0.49305989912566706,0.82842047828806409,1.3214803774137311,-0.1197716354151418,0.56592097733654501,3.0205741053724231,0.6856926127516868,5.4363014518983803,1.6930989494787838,103.26291636751841,4.6372783220075338,0.9943552150535282, 4.091679123069258,2.2380109444892549,1.8536681785800031,0.028056341484388899,,,,,,-0.07627313804161906,0,0,0,0,0,0,1.7090351168925814e-15,3.1315785492065774e-17,0
1993-10-01,            134289,             66777,49.726336483256262,61.654174552142571,             76298,            305192,38.598016747453173,          297063.5, 12824.65430765655,0.42904597610951595,10.471159438568808,9.6495041868632931,2.3486247578696418,2.2669065344312589,0.01572287399390726,0.010277788597143456,10.957846999999999,            175000,            157700,            258300,            212400,            933600,           1682700,283841.28288344509,255781.54463268165,418949.73353596492,344502.21991110704,1514252.6954284818,0.51672389839838528,0.84635246009069698,1.3630763584890824,-0.1225458072295473,0.57340952580670523,3.0590579045322288,0.69595533303625257,5.5135783375711025,1.7072138384354381,104.22439603574485,4.6465462289383161,0.99334533338716602, 3.875788452207666,2.0954843070014606,1.7803041452062054,0.026973756430342478,,,,,,-0.081718223438382864,0,0,0,0,0,0,2.5572989968769826e-15,4.6859087934299128e-17,0
1994-01-01,            135129,             67288,49.795380710284249,61.739780392549392,             78122,            312488,39.419917542099348,            299988,12839.631293467246,0.42964343665470522,10.524367632640129,9.8549793855248371,2.3536932953539358,2.2879768488241941,0.0050685374842940334,0.021070314392935163,10.569038600000001,            177200,            157900,            257200,            218700,            967500,           1712800,287011.06300239457,255750.82871375905,416587.16368067655,354228.66522925335,1567060.9675779727,0.50529940349709423,0.82307160594966844,1.3283710094467627,-0.1328050997158291,0.5670617751721666,3.0961188909654132,0.6998668748879957, 5.481170476946315,1.7013186688363158,105.37817163761655,4.6575555144466847,0.98328430450260018,3.9246704331450095,1.5818647115419804,2.3428057216030291,0.027467468310105145,,,,,,-0.065716446529741734,0,0,0,0,0,0,3.8265908609992994e-15,7.0117165753057786e-17,0
1994-04-01,            135863,             68031, 50.07323553874123,62.084284156658583,             80058,            320232, 40.12971175932087,          303757.5,12853.370000000001,0.43023985665527015,10.570223995730302,10.032427939830217,2.3580409913066416,2.3058226404598492,0.0043476959527057879,0.017845791635655139,        10.0630753,            179400,            157300,            258700,            227900,            980800,           1715600, 288962.0174202479,253365.24715833331,416691.60483064735,367081.62636607856,1579787.8856509428,0.49120637537785106,0.80785180743960627,1.2990581828174572,-0.15145269679482376,0.56021884134002853,3.0627794848734666,0.71167153813485218,5.3573659097154565,1.6784724195344962,106.62809520631092,4.6693470342890908,0.97723003270935138, 4.023776863283036,1.5109751829817997,2.5128016803012363,0.028636074694040694,,,,,,-0.052218350846792383,0,0,0,0,0,0,5.6759366591406854e-15,1.0400395704412833e-16,0
1994-07-01,            138442,             69624,50.291096632524813,62.354403510992618,             79971,            319884,39.874229361007352,          306813.5,12865.690103167213,0.43084715675247987,10.760557645168138,9.9685573402518379,2.3758873791498507,2.2994358734286395,0.017846387843209133,-0.0063867670312096614,9.6326943000000007,            181100,            157500,            263400,            235000,           1003400,           1740400,290436.58475230768,252588.41578403348,422424.05534929788,376877.95370951027,1609188.6755409471,0.49236598266871739,0.82342349101549317,1.3157894736842106,-0.16849858073551663,0.56614272673844268,3.1367620762526416,0.73464130747395928,5.4407222618199098,1.6939118207717605,108.26261064229583,4.6845598556383594,0.99882962108982931,4.1649846423870116,1.5225227484781723,2.6424618939088393,0.030597697632921552,,,,,,-0.076451505721211177,0,0,0,0,0,0,8.4560113317102706e-15,1.5494511163924907e-16,0
1994-10-01,            139217,             70344,50.528311915929805,62.648519537304182,             81371,            325484,40.345007579264319,            310561,12877.425044023614,0.43147785580194004,10.810934602536111, 10.08625189481608,2.3805580851327885, 2.311173298041866,0.0046707059829378395,0.011737424613226466,9.0928407999999994,            184000,            153800,            264100,            242200,           1014700,           1743800,293702.07206642267,245496.62328160764,421558.24583012075,386601.31442656287,1619671.1550315167,0.47252706738272848,0.81140701232625878,1.2839340797089873,-0.1788106327807204,0.56531196617959711,3.1175111526219417,0.74412259896031752,5.3575598186085953,1.6785086136991738,107.78187080818262,4.6801094700108843,0.98264181084912772,4.6876595744680847,1.6127780355256638,3.0748815389424209,0.034881934255944075,,,,,,-0.069384787090922551,0,0,0,0,0,0,1.265307487389809e-14,2.3185069437689572e-16,0
1995-01-01,            140813,             71664,50.893028342553599,63.100720359230181,             82290,            329160, 40.46963738358366,          314459.5,12889.718220218545,0.43214295268901876,10.924443621981096,10.117409345895915,2.3910028126350422,2.3142576375988475,0.01044472750225367,0.003084339556981508,8.8575440000000008,            184600,            156100,            267900,            248300,           1013700,           1750000, 292548.1657722427,247382.27885724316,424559.33700099576,393497.88494717149,1606479.2830082471,0.47423745291043867,0.81388990156762664,1.2881273544780654,-0.19352290679304898,0.56082148499210116,3.0796573095151296,0.75434439178515011, 5.316563373435411,1.6708271121800475,108.83949844323169,4.6898743057018519,0.9893223069831143,5.2683732452518584,2.2043161767465902,3.0640570685052682,0.039741678113866703,,,,,,-0.076745175036194713,0,0,0,0,0,0,1.8933312348351561e-14,3.4692765660270176e-16,0
1995-04-01,            142565,             73328,51.434784133553116,63.772426912842171,             82779,            331116,40.238241172417204,            318016,12903.521000000001,0.43284382535803345, 11.04853473714655,10.059560293104301,2.4022978161980473,2.3085234552774154,0.011295003563005057,-0.0057341823214320797,8.2674073000000003,            185300,            157900,            278300,            255600,1028099.9999999999,           1788700,  290564.447630713,247599.17043113642,436395.49797964067,400800.17708802072,1612138.7404702427,0.47687215356551782,0.84049094577127048,1.3173630993367884,-0.21231230142910643,0.55962260959905286,3.1049541550393212,0.77193491102815937,5.4020343323789852,1.6867756108443013,108.07031470865056,4.6827820773923605,0.98796426099505474,5.0938380990737011,2.7191144733566652,2.3747236257170359,0.039321114598003061,,,,,,-0.09377436092063185,0,0,0,0,0,0,2.808355675864041e-14,5.1459366201141306e-16,0
1995-07-01,            142937,             74135,51.865507181485548, 64.30646734008738,             84640,            338560, 40.74899404100664,          322764.5,12920.047244510704,0.43361248810065145,11.063194839378713, 10.18724851025166,  2.40362381870088,2.3211367921520076,0.0013260025028327682,0.012613336874592207,8.4275873000000008,            190000,            163300,            285800,            261300,           1020900,           1798200,295460.17353927594,253940.24388928298,444434.30314486881,406335.49129375163,1587554.1640328781,0.48233695652173914,0.84416351606805295, 1.326500472589792,-0.21059782608695651,0.56120037807183365,3.0154182419659734,0.77179820415879019, 5.311318525519849,1.6698401143207926,108.26261064229583,4.6845598556383594,0.97712870236646154,4.7996870109546164,3.1305949847642012,1.6690920261904152,0.037043898155790442,,,,,,-0.082487026548872411,0,0,0,0,0,0,4.1838887296839927e-14,7.6664171898169531e-16,0
1995-10-01,            144519,             75223,52.050595423439134,64.535952630659665,             85955,            343820,41.176682118466694,            327593,12938.325151644322,0.43443007839067144,11.169838314167981,10.294170529616673,2.4132171379690024,2.3315777670168654,0.0095933192681223467,0.010440974864857733,8.5752783000000008,            195500,            166800,            293100,            270200,           1020900,           1807500,302931.91938894859,258460.58390832035,454165.45050077158,418681.35354932951,1581908.9335252054,0.48513757198534119,0.8524809493339538, 1.337618521319295,-0.2172648478855215,0.56861148275260309,2.9692862544354606,0.78587633063812457,5.2571112791576988,1.6595816894195723,108.07031470865056,4.6827820773923605,0.9649099492556048,4.7791810179869882,3.0127337522024122, 1.766447265784576,0.037558452418709913,,,,,,-0.081639370952137025,0,0,0,0,0,0,6.2605234647955515e-14,1.1471572933390825e-15,0
1996-01-01,            145821,             76331,52.345684092140367,64.901824109942908,             87161,            348644,41.460312765815921,          332112.5,12956.649738970385,0.43525966376499703,11.254529754046422, 10.36507819145398,2.4207706924148891,2.3384422896561028,0.0075535544458866788,0.0068645226392374248,         8.4549927,            197800,            165100,            299000,            276700,           1038300,           1833200,304768.01339963754,254384.22149787747,460695.83420875447,426336.24523599452,1599800.9520366213,0.47354894964491001,0.85760833400259295, 1.331157283647503,-0.22630534298596849,0.56734089787863839,2.9781094755682012,0.79364624086460689, 5.258085611684125,1.6597670083516529,107.87801877500527,4.6810011330213657,0.9562644822453723, 4.848260547742413, 2.854331520241149, 1.993929027501264,0.038478037584479464,,,,,,-0.082328402758786279,0,0,0,0,0,0,9.3678767733900688e-14,1.7165382773703065e-15,0
1996-04-01,            146735,             77113, 52.55256073874672,65.158324181789638,             88743,            354972,41.992648019648819,            336455,         12973.314,0.43606379165231579,11.310525591225186,10.498162004912205,2.4257337604209637,2.3512001946897185,0.0049630680060746002,0.012757905033615735,8.5782974999999997,            198000,            167800,            308700,            287100,           1065000,           1870200,303875.21853322431,257526.57409027795,473769.09071316331,440619.06687317521,1634480.3421105247,0.47271334077053967,0.86964605659037897,1.3423593973609187,-0.25100571312666914,0.55779047361482037,3.0002366383827459,0.80879618674148945, 5.268584564416348,1.6617617428760247,109.22409031052226,4.6934016462198205,0.95590709041021171,4.9642211781713046,2.1731919828636537,2.7910291953076509,0.040150431590462957,,,,,,-0.074533565731245144,0,0,0,0,0,0,1.3956264297325913e-13,2.5572989968769826e-15,0
1996-07-01,            146976,             77335,52.617434138907029,65.238758740619886,             89484,            357936,42.245373081038856,          341211.5,12987.349898839042,0.43682853803696181,11.316858415675579,10.561343270259714,2.4262935091408169,2.3572004738114996,0.00055974871985320362,0.006000279121781027,         8.5683387,            199000,            173900,            319800,            292200,           1076300,           1902300,305033.39401535207,266559.33276014938,490199.39400055073,447893.25493108481,1649786.1405966002,0.48584104420902063,0.89345581332975732,1.3792968575387778,-0.26038174422243082,0.55596531223458945,3.0069621384828573,0.81634705645702021,5.3146372535872333,1.6704647599045468,109.60868217781284, 4.696916588327265,0.95342175339587509,4.8011145942180429,1.4497630473184753,3.3513515468995676,0.039193757667027401,,,,,,-0.069093035329317321,0,0,0,0,0,0,2.0792044755550705e-13,3.809864449656664e-15,0
1996-10-01,            148086,             78343,52.903718109747039,65.593713542399684,             91061,            364244,42.719001973298759,          346056.5,12998.974440822109,0.43755849326922375,11.392129484842224, 10.67975049332469,2.4329227209008653,2.3683494712109017,0.0066292117600483813,0.011148997399402116,8.7596491000000007,            207500,            181900,            330900,            300200,           1133800,           1983800,316341.29064193374,277313.16032659152,504469.07505260658,457665.80940100481,1728519.3027943347,0.4993905184436806,0.90845696840579393,1.4078474868494746,-0.25449973094958322,0.56967307628952024,3.1127485970942557,0.82417280723910347,5.4463491505693984,1.6949455035754046,109.89712607828076,4.6995447107335346,0.94490087840274228,4.5475701574264207,1.6390257966649946,2.9085443607614261,0.037479836627629048,,,,,,-0.064573249689963585,0,0,0,0,0,0,3.1111985160997555e-13,5.700855669402083e-15,0
1997-01-01,            149556,             79490,53.150659284816392,65.899888406437057,             92156,            368624,43.000477337544375,          350989.5,13008.452984112828,0.43824690755958806,11.496832112369715,10.750119334386094,2.4420715289312009,2.3749168553851825,0.0091488080303356867,0.0065673841742808214,8.5659562000000005,            209000,            183800,            336400,            306300,           1149200,           2004900,317147.72976699763,278907.90780466108,510471.27413214353,464795.93123268598,1743857.2777427449,0.4986110508268588,0.91258301141542597,1.4111940622422847,-0.26395459872390292,0.56697339294240201,3.1175398237770735,0.83092799166630493, 5.438875385216372, 1.693572308837368,110.85860574650719,4.7082555672077833,0.94704435070270987, 4.014656895403065,1.5378062330011488,2.4768506624019162,0.033358907913265519,,,,,,-0.067154673546018451,0,0,0,0,0,0,4.6554133181137838e-13,8.530423009218192e-15,0
1997-04-01,            152049,             80830, 53.16049431433288,65.912082560871482,             93595,            374380,43.638300707947749,          356397.5,13016.066999999999,0.43888198237890963,11.681639315470642,10.909575176986937,2.4580183199035495, 2.389640860222217,0.015946790972348523,0.01472400483703451,8.5684226999999993,            209400,            192500,            359900,            316700,           1190300,           2079400,317695.92442571325,292055.70893958834,546030.38777848228,480488.53517489677,1805890.4433807377,0.51418344997061805,0.96132272023078158,1.4755061702013996,-0.28660719055505102,0.55932475025375283,3.1793899246754633,0.84593194080880385,5.5542496928254712,1.7145633451706868,112.30082524884683,4.7211812103268969,0.94524598898478907,3.7832190662748939,1.1568105664885975,2.6264084997862964,0.032003458472387919,,,,,,-0.068377459681332464,0,0,0,0,0,0,6.9053191406063302e-13,1.265307487389809e-14,0
1997-07-01,            154341,             82256,53.294976707420581,66.078823196196794,             94416,            377664,43.888096049967352,          361285.5,13022.565422446907,0.43948274792759562,11.851812219270059,10.972024012491838, 2.472480785784763,2.3953487615975555,0.014462465881213582,0.0057079013753384977,8.5896004999999995,            214200,            199500,            374500,            323400,           1232400,           2140500,324158.31523514242,301912.15634645615, 566747.3812117686,489415.49555109738,1865045.3207086346,0.52824733096085408,0.99162218268090152,1.5198695136417557,-0.28914590747330959,0.56717081850533813,3.2632180986273513,0.85631672597864772,5.6677364006100657,1.7347898141502971,114.31993255212234, 4.739000943629506,0.95735782091206023,3.4139564256394066,1.2876769451069414,2.1262794805324652,0.029234279890373027,,,,,,-0.077132024187207548,0,0,0,0,0,0,1.0287545546863732e-12,1.8850552946596649e-14,0
1997-10-01,            156500,             83803,53.548242811501595,66.392840147644847,             95030,            380120,43.944267893733212,            365823,13028.584671665198,0.4400262203136166,12.012049193674816,10.986066973433303,2.4859102454902215,2.3966278311546505,0.013429459705458502,0.0012790695570950028,8.0333897000000007,            217600,            198400,            383300,            336800,           1220100,           2127500,327746.18395010615,298827.40301333205, 577321.2881804948,507283.61559924512,1837698.1573415648,0.52194043986109651,1.0083657792276124,1.5303062190887089,-0.31358518362622329,0.57245080500894452,3.2097758602546564,0.88603598863516786,5.5969167631274335,1.7222158681044146,116.53133578904313,4.7581602135679839,0.97523802129344273,3.3828076685219544,1.2182975503111315,2.1645101182108228,0.02997289336941477,,,,,,-0.089282414335571048,0,0,0,0,0,0,1.5393674271095241e-12,2.8206851728452679e-14,0
1998-01-01,            156949,             84516,53.849339594390536,66.766160905259369,             94679,            378716,43.516443497779655,            369582,13034.784473190773,0.44047889619973829,12.040782133590628,10.879110874444914,2.4882993990324636,2.3868445169896324,0.0023891535422420063,-0.0097833141650180977,7.8651476999999996,            215800,            212700,            392300,            346600,           1229400,           2150700,323217.62562657817,318574.55500821676,587573.09793005849,519125.25042711763,1841351.9413591991,0.56163457577709941,1.0358685664191638,1.5975031421962633,-0.34537753884177064,0.56982012906769186, 3.246232004985266,0.91519766790946255,5.6789256329281042,1.7367620657097307,119.41577479372241,4.7826113094321485,1.0094724313226251,3.3254156769596199,1.3145280208664234,2.0108876560931965,0.030434126723830106,,,,,,-0.10145488204283115,0,0,0,0,0,0,2.3034183079438235e-12,4.2207063457762001e-14,0
1998-04-01,            159469,             86172,54.036834745310998,66.998630449168402,             95591,            382364,43.759847473532353,            373006,         13041.732,0.44080827473357098,12.227593696910809,10.939961868383088,2.5036951762039634,2.3924223114651912,0.015395777171499869,0.0055777944755588393,7.6038648999999996,            216900,            225300,            404200,            357200,           1260200,           2197300,323737.96082975331,336275.53054376866,603295.91409583355,533145.22641027148, 1880933.970666921,0.58922911152723578,1.0571078867257377,1.6463369982529734,-0.36692784885606383,0.56726051615737882,3.2958123672730695,0.93418836501344271,5.7466184054984257,1.7486115784170499,122.01176989793377,4.8041175146531119,1.0254008420680303,3.3387189844200806,1.6484805912382772,1.6902383931818035,0.031189924292947372,,,,,,-0.11127286473877218,0,0,0,0,0,0,3.4166329483067179e-12,6.2605234647955515e-14,0
1998-07-01,            162633,             87938,54.071436916247009,67.041532630138249,             97746,            390984,44.688731564035649,            377137,13050.195670053006,0.4410097020651878,12.462111995240255,11.172182891008912,2.5226930010211643,2.4134270184295041,0.018997824817200915,0.021004706964312891,7.9748378999999998,            220100,            230200,            408500,            365500,           1290000,           2242400,328303.95035010722,343369.23839434201,609323.77881880419,545184.43367998267,1924180.3541646448,0.58877089599574406,1.0447997872035684,1.6335706831993124,-0.37188222535960552,0.56293863687516621,3.2993677490639004,0.93482086223477179,5.7352730546518531,1.7466353614186008,122.01176989793377,4.8041175146531119,1.0043961351037172,3.3101903695408734,1.4569106823876687,1.8532796871532047,0.030944350154154369,,,,,,-0.1092659825916602,0,0,0,0,0,0,5.0901003062817849e-12,9.3269288471521681e-14,0
1998-10-01,            164167,             88886,54.143646408839778,67.131062987198348,             96847,            387388,44.184979749973763,            380030,13060.144413663285,0.44109402508187068,12.570075398879316,11.046244937493441,2.5313190209039207,2.4020905455490502,0.0086260198827563528,-0.011336472880453918,7.3138747000000004,            225000,            255000,            420700,            377500,           1308400,           2293800,335165.25731598597,379853.95829145081,626684.55001260142,562332.82060793205,1949023.2118766049,0.65825477299245205,1.0859913058742139, 1.744246078866666,-0.39366216816215266,0.58081303499334003,3.3774923332679383,0.97447520315549263,5.9211952874121039,1.7785383351729585,124.03087720120926,4.8205305442944422,1.0321456376255012,3.2558139534883721,1.1119012801859895,2.1439126733023826,0.031727099637620687,,,,,,-0.12922847535487048,0,0,0,0,0,0,7.6165248323817306e-12,1.3956264297325913e-13,0
1999-01-01,            167145,             90633,54.224176613120342,67.230909942002768,             98010,            392040,44.611225624015837,            382957,13071.253468404619,0.44108200941996561,12.787220476140035,11.152806406003959,2.5484462718904459,2.4116911618418393,0.017127250986525233,0.009600616292789077,7.1191513999999998,            226600,            264200,            435900,            386200,           1367000,           2372000,337047.34949367505,392974.00589686207,648362.48739758588,574438.15699230938,2033290.9389137414,0.67391082542597691,1.1118763391490665,1.7857871645750434,-0.40710131619222528,0.57800224466891137,3.4868890929496992,0.9851035608611366,6.0504030200999894,1.8001248847166369,126.24228043813005,4.8382029212415203,1.0402173982797907,3.1533774834437085,0.69608470884356954, 2.457292774600139,0.031064033876797268,,,,,,-0.13675511004860663,0,0,0,0,0,0,1.1396916962642565e-11,2.0883327870168365e-13,0
1999-04-01,            168204,             91708,54.521890085848135,67.600035836090399,            102117,            408468,46.185254362245892,            387218,13083.013000000001,0.44099981799107218,12.856671471625075,11.546313590561473,2.5538628572847863,2.4463662163739728,0.005416585394340423,0.034675054532133487,6.9795945000000001,            223800,            265000,            461600,            401300,           1380300,           2396900,331064.91325337044,392011.62650644843,682839.87469953438,593638.73855485942,2041862.8228937765,0.64876563157946276, 1.130076285045585,1.7788419166250478,-0.4345505645485081,0.54790093716031607,3.3792120802608774,0.98245150170882423,5.8680239333313748,1.7695179388905797,129.12671944280933, 4.860794243461962,1.0281336659680984,3.2252718798549975,0.89763832915701336,2.3276335506979842,0.031686732017827846,,,,,,-0.10749664091081357,0,0,0,0,0,0,1.690491122225582e-11,3.0975991562415463e-13,0
1999-07-01,            170137,             93185,54.770567248746602,67.908363098719846,            102453,            409812,46.082303872403202,          391236.5,13095.655012008794,0.44086463043493029,12.991866374303793,  11.5205759681008,2.5643234981373491,2.4441346512488975,0.010460640852562708,-0.0022315651250752744,6.6753714999999998,            224800,            264700,            476600,            411400,           1447100,           2471900,331034.33766059624, 389789.9874499992,701828.13758469827,605816.39908171399,2130959.9200562672,0.64590592759606846,1.1629722897328532,1.8088782173289215,-0.45533073702087784,0.54854421051604152,3.5311313480327566,1.0038749475369193,6.0317901867197641,1.7970438467319603,131.53041861337542,4.8792381451212199,1.0488091327524318,3.3381510092200348,1.2929753163070101,2.0451756929130247,0.033510861692510767,,,,,,-0.12018884688845155,0,0,0,0,0,0,2.5184939410055087e-11,4.6148037124565882e-13,0
1999-10-01,            172442,             94921,  55.0451746094339,68.248840426158182,            104592,            418368,46.760606039413098,          396017.5,13109.407116507718,0.44067724351523629,13.154065509404798,11.690151509853274,2.5767308750556586,2.4587467360375657,0.01240737691830951,0.014612084788668156,6.7765360000000001,            229000,            288600,            512400,            425700,           1512800,           2595800,335536.83633316302,422864.32736135746,750781.98662494647,623746.86125339521, 2216594.436702223,0.68982331344653514,1.2247590637907297,1.9145823772372648,-0.47016024170108611,0.54736499923512316,3.6159553311916781,1.0175252409362092,6.2045854367446838,1.8252886052633941,135.85707712039434, 4.911603429623252,1.0665623324657953,3.5157997083130774,1.6650673908932268,1.8507323174198507,0.035774149452847188,,,,,,-0.1179841390180929,0,0,0,0,0,0,3.7685252720868776e-11,6.9053191406063302e-13,0
2000-01-01,            172944,             95844,55.419095198445739,68.712453209523758,            106542,            426168,47.256874201169389,            401949, 13124.42816817608,0.44043728917919789,13.177259822972864,11.814218550292347,2.5784926032842441,2.4693037679768719,0.0017617282285855573,0.010557031939306238,6.7680613000000003,            228800,            294500,            531800,            435700,           1522100,           2622400,332981.85308902292,428597.70863075717,773949.95398925862,634091.75433080096,2215173.4203968607,0.69104203037299849,1.2478646918586098,1.9389067222316083,-0.48548929060839857,0.53687747554954857,3.5715961780330763,1.0223667661579472,6.1534418351448252,1.8170115732649219,138.35692425778305,4.9298367538260921,1.0742386247293294,3.7885835095137419,2.2036638635399397,1.5849196459738022,0.038733218709408906,,,,,,-0.10918883530737222,0,0,0,0,0,0,5.6389981707080451e-11,1.0332710859382468e-12,0
2000-04-01,            174411,             97433,55.864022338040606,69.264104858681634,            105491,            421964,46.360129672905401,            406899,         13140.822,0.44014667870315743,13.272457385085955, 11.59003241822635,2.5856910147028542,2.4501454544337147,0.0071984114186101067,-0.019158313543157224,6.3764060000000002,            230400,            305900,            555300,            454400,           1542600,           2656700,332639.82905731793,441642.89804094424,801713.96300142631, 656039.6628630436,2227127.6054853238,0.72494336009706994,1.3159890417191988,2.0409324018162689,-0.53085097306879259,0.54601814372790092,3.6557621029282119,1.0768691167966935,6.2960347328208091,1.8399200277486798,141.62595512975292,4.9531894634013547, 1.116749647847749, 4.137709433096167,2.4616392609999371,1.6760701720962299,0.044557715027796173,,,,,,-0.13554556026913955,0,0,0,0,0,0,8.4009803655742531e-11,1.5393674271095241e-12,0
2000-07-01,            176367,            100936,57.230661064711654,70.958558714783933,            114682,            458728,49.128349885024022,            415367,13158.860609649639,0.43979871518573094,13.402908141656791,12.282087471256006,2.5954717089070147,2.5081418977883772,0.0097806942041605005,0.057996443354662475,5.9541653999999999,            238300,            297900,            567600,            461800,           1562100,           2684100,335829.81999090564,419822.50682035583,799903.50745630742,650802.39560134383,2201425.7734275861,0.64940444010393961,1.2373345424739715,1.8867389825779111,-0.48721682565703422,0.51947995326206375,3.4052859210686943,1.0066967789190979,5.8511797840986377,1.7666433134060948,141.43365919610761,4.9518307675401614,1.0573945086318941, 4.185739436619718,4.4916347219707609,-0.30589528535104282,0.042137704082397094,,,,,,-0.087329811118637579,1,0,0,0,0,0,1.2515781875656708e-10,2.293349836159862e-12,0
2000-10-01,            177440,            101881,57.417155094679892,71.189786999225646,            112084,            448336,47.789201037351553,          422985.5,13178.201670299111,0.43937255032611983,13.464659628021353,11.947300259337888,2.6000684476686327,2.4805053331331366,0.0045967387616179245,-0.027636564655240559,6.0099181000000002,            242100,            311500,            571600,            473400,           1580600,           2710900, 340076.8708615934,437562.76445017074,802924.16102638072,664983.02629441686,2220262.2969179451,0.69479140644516613,1.2749366546518683,1.9697280610970345,-0.51590771207308805,0.53999678812319329,3.5254808893330001,1.0559045001962815, 6.046581135576889,1.7994930107551472,144.79883803490011,4.9753454552985632, 1.108545761045536,4.2763100909484626,4.3091524408380488,-0.032842349889586231,0.045153750692672509,,,,,,-0.11956311453549606,0,0,0,0,0,0,1.87278752305308e-10,3.4316329591614705e-12,0
2001-01-01,            179005,            103697,57.929666769084662,71.825234660736001,            114823,            459292,48.451445704321401,            431392,13197.907712374716,0.43885246256160881,13.563134695369939, 12.11286142608035,2.6073554280209899,2.4942678158701885,0.0072869803523571974,0.01376248273705194,         6.1404036,            245500,            313500,            578100,            483200,           1663800,           2797000,341801.87667970831,436476.12358080881,804870.32549303211,672744.06033252575,2316456.0587360435, 0.682572306941989,1.2586763975858495,1.9412487045278386,-0.51753568535920502,0.53451834562761813,3.6225320711007378,1.0520540309868232,6.0898077911219879,1.8066165198316142,147.97172094004733,4.9970211807776037,1.1164590037875244,3.9391634980988592,4.5301561883120289,-0.59099269021316969,0.041442128368910605,,,,,,-0.11308761215080132,0,0,0,0,0,0,2.8023284052408474e-10,5.1348924532662272e-12,0
2001-04-01,            180066,            105146,58.393033665433784,72.399749204328273,            117263,            469052,49.018154342186563,            438965,          13216.82,0.43823434667028038,13.624003353302838,12.254538585546641,2.6118331894923914,2.5058963651530695,0.0044777614714015535,0.011628549282880929,6.7824045000000002,            245400,            334100,            606200,            498900,           1718200,           2907100,338951.45038061711,461465.68692813441,837295.71809588466, 689090.7848202521,2373212.6407659999,0.7122877634036312,1.2923940202792015,2.0046817836828326,-0.54045180491715206,0.52318293067719568,3.6631332986534542,1.0636347355943478,6.1978202843181567,1.8241976631914052, 153.2598591152927,5.0321349062888849,1.1399441800159242,               3.5,4.5270841975713738,-1.0270841975713738,0.037227215745802171,,,,,,-0.10593682433932194,0,0,0,0,0,0,4.1566603543159486e-10,7.6165248323817306e-12,0
2001-07-01,            180526,            105625,58.509577567774173, 72.54424844971912,            119930,            479720, 49.96416965789318,          447703.5, 13235.06762888571,0.43749241684866297,13.639975636089657,12.491042414473295,2.6130048662032852,2.5250117805807046,0.0011716767108937987,0.019115415427635174,6.8799669999999997,            250500,            324200,            584900,512799.99999999994,           1823000,           2975800,345306.49273129232,446899.66045303387,806266.53731949255,706878.92005032615,2512949.0469027781,0.67581088968564995,1.2192528975235555,1.8950637872092053,-0.54677728675060444,0.5221796047694488,3.8001334111565082,1.0689568915200534,6.2032018677561913,1.8250655890300767,161.24014036157203,5.0828948087619326,1.1715886670613376,3.5806774904790539,2.2346701562933724,1.3460073341856815,0.038275898797583148,,,,,,-0.087993085622580569,0,0,0,0,0,0,6.192593251442669e-10,1.1347099898818013e-11,0
2001-10-01,            181898,            107482,59.089159858821979,73.262854932053173,            124554,            498216,51.312200605040559,          457684.5,13252.969294252682,0.43666245487519034,13.725075185896822, 12.82805015126014,2.6192244654058592,2.5516341913384002,0.0062195992025739777,0.026622410757695558,7.1936125999999998,257399.99999999997,            344100,            618000,            531500,           1845600,           3052400, 351337.6597714118,469678.66638439317, 843537.9710129468, 725469.9540345975,2519148.3483842956,0.69066429018738862,1.2404258393949612,1.9310901295823499,-0.55016298151805643,0.5166433835926586,3.7044173611445639,1.0668063651107151,6.1266599226038503,1.8126497274868749,167.29746227139853,5.1197734391472984,1.1818448866890077,3.2917316692667709,2.9120299697624752,0.37970169950429566,0.0351164029701031,,,,,,-0.067590274067458989,0,0,0,0,0,0,9.266230019841883e-10,1.6979128691813003e-11,0
2002-01-01,            184204,            109464,59.425419643438794,73.679773227705454,            124829,            499316,51.065453345480961,            466828,13270.888808643933,0.43580397242490243, 13.88030618416602, 12.76636333637024,2.6304710142133092,2.5468138476829831,0.011246548807450019,-0.0048203436554170587,6.9129918000000004,            262800,            360000,            630600,            552700,           1903100,           3133000,356678.62221538508,488600.85234984261,855865.82636614097,750138.03081599448,2582934.1169638485,0.72098630927108287,1.2629276850731801, 1.983913994344263,-0.58059425293801925,0.52632000576789051,3.8114140143716604,1.1069142587059098,6.2745836304063962,1.8365071290962458,173.64322808169297,5.1570027809156551, 1.223894572112781,3.2910630291627467,2.5820153261305823,0.70904770303216447,0.036429245932801078,,,,,,-0.083657166530326066,0,0,0,0,0,0,1.3865438158321954e-09,2.5406563236688597e-11,0
2002-04-01,            187100,            111751,59.727952966328168,74.054875107642687,            120942,            483768,49.157720712711921,          474553.5,         13288.983,0.43498649155356622, 14.07933172914737, 12.28943017817798,2.6447078871850094,2.5087395578308134,0.014236872971700176,-0.038074289852169763,6.3454965000000003,            263000,            366200,            630700,            583200,           2007800,           3225900,355142.04786344664,494498.16702507285,851665.73987633386,787524.11526221328,2711232.7136890804,0.75697441748937511,1.3037240991549668,2.0606985166443419,-0.66188751633014176,0.54364902184518193,4.1503365249458417,1.2055365381753238,  6.66827900977328, 1.897361807110522,182.20039712890818,5.2051071644552511, 1.310073245504547,3.5071467342138591,2.2860934209085082,1.2210533133053509,0.042279935328370676,,,,,,-0.135968329354196,0,0,0,0,0,0,2.0566439304299912e-09,3.7685252720868776e-11,0
2002-07-01,            189666,            114311,60.269631879198172,74.726486342396484,            123723,            494892,49.764296708493866,            479074,13308.159598836364,0.43422207123293727,14.251857936583805,12.441074177123467,2.6568872797303817,2.5210034322265695,0.012179392545372369,0.012263874395756158,6.1797415999999998,            276100,            367500,            622400,            609800,           2127000,           3320600,369480.77383822226,491793.49650686956,832904.14211122622,816042.65080241917,2846380.3185581267,0.7425862612448777,1.2576481333301004,2.0002343945749779,-0.67428853163922631,0.55789950130533528, 4.297907422225455,1.2321880329445616,6.7097467730333085,1.9035612115282929,189.12305074013844,5.2423978653277832,1.3351000719813231, 3.650891632373114,3.0081473573882134,0.64274427498490061,0.044985849789875861,           11009.5,             24529,             64722,-3.773096537553835,0.27483165454728797,-0.13588384750381222,0,0,0,0,0,0,3.0639884494629652e-09,5.6143495457610591e-11,0
2002-10-01,            190589,            115586,60.646731972988995,75.194041297184626,            124965,            499860, 49.87765331427115,          485514.5,13327.814701476502,0.43351113306594219,14.300093771478222,12.469413328567788,2.6602660946903911,2.5232787119587372,0.0033788149600093575,0.0022752797321676788,6.1283254999999999,            286400,            381400,            639700,            627000,           2148500,           3381000,380881.24412422458,507221.04227995547,850732.30400232703,833842.66782782401,2857274.2772377669,0.7630136438202697,1.2797583323330533,2.0427719761533227,-0.68139078942103792,0.57296042892009758,4.2982034969791538,1.2543512183411356,6.7638938902892809,1.9115987434930131,198.16095962146687,5.2890796278291834,1.3795065547505554,3.5782223679895049,2.6359693011178909,0.94225306687161403,0.044883475867831382,           10978.6,             23090,             65802,-3.7892612300045467,0.2597534086306979,-0.1369873827316539,0,0,0,0,0,0,4.584770961631846e-09,8.4009803655742531e-11,0
2003-01-01,            191715,            117252,61.159533682810419,  75.8298485648005,            127693,            510772,50.467031570609123,          491949.5,13346.860839555025,0.43285027548220967, 14.36405176502849,12.616757892652281,2.6647286801604957,2.5350259217825188,0.0044625854701045853,0.011747209823781635,6.0808109999999997,            290900,            386100,            632900,            648500,           2235800,           3455800,383622.02418406657,509166.25485551084,834631.76041971717, 855204.1343532732,2948443.1820925954,0.75591457636675463,1.2391047277454519,1.9950193041122066,-0.7001166861143524,0.56953004471662505,4.3772955447831912,1.2696467308309773,6.7658368117281293,1.9118859511980288,204.89131729905188,5.3224796790373414,1.4011593961349313,3.5419457735247208,2.9181351175583847,0.62381065596633611,0.044970198721362591,           12179.5,             22989,             70566,-3.6986218584117867,0.24572711239377906,-0.12970275837797685,0,0,0,0,0,0,6.8603798941997444e-09,1.2570729792745854e-10,0
2003-04-01,            193173,            118069,61.120860575753341,75.781898953757405,            129477,            517908,51.138597898954934,          498056.5,13364.057000000001,0.43224053948896535,   14.454667471113,12.784649474738734,2.6710173707839875,2.5482451914520654,0.0062886906234917994,0.013219269669546563,6.0295171999999999,            297400,            408000,            664800,            680300,           2357000,           3629600,392442.00014237617,538387.14209176018, 877254.3432906915,897707.77638486377,3110241.4066428398,0.78778470307467741,1.2836256632452097,2.0714103663198871,-0.73932049707670089,0.57423326150590448,4.5510013361446431,1.3135537585826054,7.0081945055878654,1.9470801080417222, 215.1791497490747,5.3714709358105948,1.4369313832386388,3.5053199691595989,2.3320866365710513,1.1732333325885476,0.046044262205242534,13117.799999999999,             22351,             73482,-3.6367434378757566,0.23322863731699936,-0.12277217933192208,0,0,0,0,0,0,1.0175919773625105e-08,1.8646013814978471e-10,0
2003-07-01,            195769,            119985,61.289070281811725,75.990457060228408,            131183,            524732,51.610525483114223,            503683,13379.510114044029,0.4316490734318264,14.632000598774372,12.902631370778556,2.6832109520108145,2.5574312727969759,0.012193581226827011,0.0091860813449105017,6.1279314999999999,            309700,            427300,            681500,            707600,           2477200,           3797300, 407551.1741619588,562307.44823831122,896823.13591015467,931169.55388118187,3259883.0114110569,0.81432045310749102,  1.29875822324539, 2.113078676352881,-0.75829185184055858,0.59020604803976129,4.7208860904233019,1.3484978998803199,7.2366465166980474,1.9791579107914128,231.51475238012716,5.4446435966800601,1.5009179627631939,3.6513302954578863,1.6914627994690123, 1.959867495988874,0.049238112351943475,16164.299999999999,             22181,             76388,-3.4391419951274567,0.22503018190303239,-0.12577967921383859,0,0,0,0,0,0,1.5160086811204826e-08,2.7778834325497151e-10,0
2003-10-01,            200296,            123298,61.557894316411712,76.323763817274937,            134503,            538012,52.628156997177911,          508657.5,13394.114953286085,0.43106376148259012,14.954030236306115,13.157039249294478,2.7049808445300809,2.5769569195284858,0.021769892519266421,0.019525646731509916,5.7835438000000003,            321000,            448300,            713100,            740200,           2573700,           3940900,420576.74300300376,587366.21148986474,934309.26926928968,969815.90395895136,3372082.1291801585,0.83325278990059704,1.3254351204062362, 2.158687910306833,-0.77916477699382169,0.59664096711597514, 4.783722296156963,1.3758057441097968,7.3249295554745988,1.9912835378568325,240.23849667271165,5.4816321660494003,1.5183808854010239,3.6365178066704353,1.5024096332652004, 2.134108173405235,0.050031420869747441,           16277.6,             21147,             73045,-3.4419849724845011,0.22450951248513673,-0.1280239250015951,0,0,0,0,0,0,2.2684656459039726e-08,4.1566603543159486e-10,0
2004-01-01,            204222,            126281,61.835159777105304,76.667536842191808,            137028,            548112,53.316353611898492,            514757,13409.029927759802,0.43047786965482104,15.230184517465585,13.329088402974623, 2.723279282228662,2.5899487449785066,0.018298437698581083,0.012991825450020755,5.5306825999999996,            323500,            470100,            739200,            769200,           2632300,           4040200,421951.73253821157,613166.95352770714,964162.96968236787,1003292.9603350613,3433395.8131695036,0.85767142481828529,1.3486294771871443,2.2063009020054296,-0.81315497562541961,0.59020784073328081,4.8024856233762439,1.4033628163587004,7.3711212306973755,1.9975698290529593,239.23191079279806,5.4774334195030505,1.5011903134046536,4.0432315590380981,1.1046946462980989,2.9385369127399992,0.056741208278820836,             14225,             18264,             64919,-3.5886939646374265,0.21956409362489931,-0.13333053725015542,0,0,0,0,0,0,3.3943976914593865e-08,6.2197805341676925e-10,0
2004-04-01,            205404,            127401,62.024595431442428,76.902412357359367,            142774,            571096,   55.314873159232,            525673,           13425.4,0.42988468910568262,15.299655876175011,   13.828718289808,2.7278303363921794,2.6267474653015688,0.0045510541635174206,0.036798720323062195,5.5070896999999999,            329400,            488800,            787800,            799200,           2663100,           4129200,428335.06765601126, 635610.7500615007,1024415.1982374185,1039239.1805424535,3462960.2874156758,0.85589813271323911,1.3794528415537843,2.2353509742670234,-0.8226287699441075,0.57678568927115581,4.6631389468670763,1.3994144592152633,7.2303080392788601,1.9782816409724617,236.88321040633301,5.4675672365819974,1.4545254101605378,3.9609984399375975,1.4786029633352182,2.4823954766023792,0.055430784897777745,           12936.5,             19342,             61926,-3.7046265730629115,0.23800265787271743,-0.10108287109061065,0,0,0,0,0,0,5.0569741330494252e-08,9.266230019841883e-10,0
2004-07-01,            207829,            129169, 62.15157653647951, 77.05985237342442,            141689,            566756,54.705122440481198,            534656,13444.354624497913,0.42927107600621389,15.458458647118697,13.676280610120299,2.7381563387787846,2.6156629900017916,0.010326002386605193,-0.011084475299777186,5.5505028000000003,            337900,            507900,            802800,            824900,           2727800,           4230400,438490.32874157355,659098.07033987925,1041787.6173830578,1070466.6237908376,3539845.8678344609,0.89615284178729471,1.4164825780406383,2.3126354198279331,-0.85927630232410424,0.59620012845033843,4.8130059496502904,1.4554764307744426,7.4642350500038814,2.0101229542072829,236.88321040633301,5.4675672365819974,1.4656098854603148,4.0560560560560557,1.4072758008922603,2.6487802551637953,0.0590349399148953,           12627.6,             21670,             61512,-3.7457386548820257,0.26051309177466281,-0.12249334877699303,0,0,0,0,0,0,7.5338806759227085e-08,1.3804830941562638e-09,0
2004-10-01,            210683,            131616,62.471105879449219,77.456027102536424,            145706,            582824,55.879131999052156,          545026.5,13465.812363025691,0.42864799842945439,15.645769770154494,13.969782999763039, 2.750200578221381,2.6368966398456535,0.012044239442596361,0.02123364984386189,5.1227609999999997,            346800,            530700,            844000,            851000,           2793500,           4361100,447737.91397912201,685162.94967912359,1089650.5172963638,1098687.9031033244,3606562.4645348252,0.91056648319218148,1.4481215598534034,2.3586880430455848,-0.86509821146692656,0.59503383525729892,4.7930421533773488,1.4601320467242256,7.4827048989060163,2.0125943441193401,240.90955392598741,5.4844215681369795,1.4612305671714354,4.0707964601769913,1.4835003262839708,2.5872961338930205,0.059439003671959624,             12980,             22716,             63166,-3.7374247060584098,0.26450245685941176,-0.1133039383757275,0,0,0,0,0,0,1.1273252716841111e-07,2.0656731945282839e-09,0
2005-01-01,            209979,            131780,62.758656818062761,77.812552779184273,            147886,            591544,56.358645681524408,            555123,13488.909534945993,0.42804667423487369,15.566788364619327,14.089661420381102,2.7451396938318138,2.6454412958405418,-0.0050608843895671995,0.008544655994888295,5.0739324000000003,            349800,            551000,            865500,            873700,           2832500,           4436900,449541.86375642905,708111.96949626179,  1112288.40217607,1122826.5476386279,3640158.1734993858,0.93146071974358624,1.4631202412669218, 2.394580961010508,-0.88564840485238627,0.59133386527460341, 4.788316676358817,1.4769822701269897,7.5005409572238078,2.0149751455710332,240.57402529934956,5.4830278396883756, 1.451292182727943,4.0197414806110459,1.4934820970566642,2.5262593835543816,0.059370868973565284,           13937.1,             24097,             65239,-3.6846353615566843,0.26973448553774515,-0.099698397991272003,0,0,0,0,0,0,1.6868627195701754e-07,3.0909511048735272e-09,0
2005-04-01,            213766,            134980,63.143811457387983, 78.29009432038589,            151346,            605384,57.225568890365636,          566057.5,         13512.447,0.42750308224616296,15.819932540715978,14.306392222591409,2.7612706981531709,2.6607064459601184,0.016131004321357167,0.015265150119576631,5.1218585000000001,            357300,            563200,            889500,            906600,           2860300,           4490400,456379.57534937205,719375.80978663964,1136159.0603785794,1158000.9040350986,3653463.4743123674,0.93031860769362917,1.4693153436496504,2.3996339513432794,-0.90735797444266775,0.59020390363802144,4.7247697329298433,1.4975618780806892,7.4174408309436659,2.0038340961970187,242.25166843253888,5.4899771379815814, 1.442976330901572,4.0260959139292662,1.8044713039404803, 2.221624609988786,0.060293277581969014,           13059.4,             26157,             65262,-3.7691874821633813,0.28612214091162669,-0.10056425219305254,0,0,0,0,0,0,2.5021031817055824e-07,4.584770961631846e-09,0
2005-07-01,            215051,            136993, 63.70256357794198,78.982874106880232,            152794,            611176,57.162772664859169,            576863,13536.926553487236,0.42701426314388014,15.886250039866022,14.290693166214792,2.7654539577236101,2.6596084978482559,0.0041832595704391906,-0.001097948111862479,4.9719807999999999,            366900,            596400,            941000,            929700,           2893100,           4609400,464531.08240086085,755100.40213647706,1191397.5157787139,1177090.6168113393,3662945.9648240134,0.97582365799704174,1.5396546984829247,2.5154783564799663,-0.92084767726481409,0.60031807531709358,4.7336610076311896,1.5211657525819076,7.5418537377122137,2.0204680056107556,  241.916139805901,5.4885911363737039,1.4426882774055574,4.0860357379219057,2.4954910686008525,1.5905446693210532,0.062155376283525465,           13035.1,             27210,             64446,-3.7899590842980007,0.29687090861482063,-0.10584545987535421,0,0,0,0,0,0,3.727633258659329e-07,6.8303924877950319e-09,0
2005-10-01,            215597,            138362,64.176217665366394,79.570143426292773,            153036,            612144,56.718824701220584,          586129.5,13563.639335697651,0.4265668888473611,15.895217696667741,14.179706175305146,2.7660182901901944,2.6518117998247801,0.00056433246658427194,-0.0077966980234758232,         5.0157954,            378000,            621400,            981600,            959700,           2962000,           4735100,475052.55579958588,780946.18564513931,1233628.5417271787,1206105.6555578376,3722501.7732232101,1.0151206252123683,1.6035442640947228, 2.618664889307091,-0.95026660393632867,0.6175017642907551, 4.838730756161949,1.5677683682270838,  7.73527143939988,2.0457905757686969,246.61354057883111, 5.507822498301592,1.4697163373569209,4.0305474884371302,2.7294406940826965,1.3011067943544337,0.063189648590088507,           14003.6,             28637,             65807,-3.7342263155066209,0.30321672101986363,-0.1142064903654143,0,0,0,0,0,0,5.577808750188223e-07,1.0220595016125935e-08,0
2006-01-01,            218058,            141416, 64.85247044364344,80.408608710122863,            156333,            625332,57.208558663455619,            595782,13593.994801996278,0.42614319741448892,   16.040759407086,14.302139665863905,2.7751329458990708,2.6604091530563507,0.0091146557088763736,0.0085973532315706258,5.1632594999999997,            380600,            632900,1047400.0000000001,            979500,           3061600,           4907700,473332.40321578307,787104.77665598819,1302596.8447929879,1218153.1501572765,3807552.5109969559,1.0121023712204078,1.6749502664184788,2.6870526376388866,-0.9577312531583223,0.6086366921891091,4.8959592664376679,1.5663679453474315,7.8481510621557833,2.0602779705686101,249.29776959193404,5.5186480438065146,1.4719445296302729,3.9799937480462644,3.3362945157520363,0.6436992322942281,0.062341346296228499,           14726.4,             30398,             67754,-3.7002330269235886,0.30970331730377376,-0.11472379284272005,0,0,0,0,0,0,8.3463005713715369e-07,1.5293493381901426e-08,0
2006-04-01,            221464,            145362,65.636852942238917,81.381140750570594,            157966,            631864,56.969379327212529,            603378,         13628.823,0.42572908291960387,16.249679080871474,14.242344831803132,2.7880731597112871,2.6562195575827254,0.012940213812216328,-0.0041895954736252961,4.9654929000000001,            388700,            633800,           1077500,           1023400,           3164300,           5016400,477629.08754418598,778804.51681375108,1324016.8300202221,1257539.5116869563,3888247.2902394328,1.0030639504703545,1.7052720205613867,2.7083359710317412,-1.0044883076104985,0.6151640226377828,5.0078814428421303,1.6196523302482813,7.9390501753541898,2.0717936428331178,258.35704251115641,5.5543425139364846,1.5118285952338684,4.0012251148545177,3.9481960738675825,0.053029040986935172,0.064805935811220655,           15512.4,             30458,             70199,-3.6609041619048495,0.30259197075215832,-0.13185360212856168,0,0,0,0,0,0,1.2379963260605106e-06,2.2684656459039726e-08,0
2006-07-01,            223974,            148048,66.100529525748527,81.956039265868782,            164882,            659528, 58.86723781152871,          614974.5,13670.318024198634,0.42529440109872441,16.383964118722801,14.716809452882178,2.7963030588353388,2.6889903406823916,0.0082298991240516983,0.03277078309966619,4.6567135000000004,            405000,            642200,           1119500,           1052300,           3232100,           5137900,494167.36536786903,783590.81984998879,1365976.2111835293,1283981.0335224904,3943699.6089024432,0.97372666513021433,1.6974260380150654,  2.67115270314528,-0.98145946798316375,0.61407552067539206,4.9006259021603329,1.5955349886585559,7.7902681917977707,2.0528752869919331,263.05444328408657,5.5723610194391631,1.4970763176368809,4.2098886066054328,3.7643162427404731,0.4455723638649598,0.067170245701939829,             14541,             29155,             70064,-3.7446085580009041,0.29384492889466735,-0.10731271815294718,0,0,0,0,0,0,1.8443660038258464e-06,3.3795604401849629e-08,0
2006-10-01,            226908,            150588,66.365222909725532,82.284224554644496,            168327,            673308,59.650205745274654,            626285,13717.824675691971,0.42484744249499595,16.541106579535288,14.912551436318664,2.8058485905943398,2.7022032366263784,0.0095455317590009692,0.01321289594398678,4.4632965000000002,            416700,            672000,           1192000,           1081600,           3326600,           5330800,506415.41833243123,816681.45217037143,1448637.3377783969, 1314468.242064693,4042816.2481993418,0.9980573526528721, 1.770363637443785, 2.768420990096657,-0.9875124014566885,0.61888467090841037,4.9406809365104829,1.6063970723650989,7.9173275826219207, 2.069053722448599,267.75184405701663,5.5900605965385637,1.5015629987922945,4.4937755392948775,3.4109290388119273,1.0828465004829502,0.072187878701891847,           13600.9,             28794,             66021,-3.8296695720379104,0.30368612561303593,-0.10364535396796137,0,0,0,0,0,0,2.7597975998909504e-06,5.0569741330494252e-08,0
2007-01-01,            231761,            154912,66.841271827442924,82.874463151412812,            171839,            687356,60.233961589561076,          638261.5,13769.544446086342,0.42440821307553495,16.831421032659684,15.058490397390269,2.8232474391397893,2.7119419781303478,0.017398848545449486,0.0097387415039693614,4.5550455000000003,            420400,            673400,           1244000,           1103700,           3434400,           5498800,507273.27093742165,812554.28318092227,1501065.5305569756,1331773.3328583071,4144099.2428817339,0.97969611089450004,1.8098336233334691, 2.789529734227969,-0.99409912767183239,0.6116190154737865,4.9965374565727219,1.6057181431456189,7.9999301671913825,2.0794328125406598,270.10054444348168,5.5987942765073182,1.5005579372570799,4.5946745562130173,3.0666547784447884,1.5280197777682289,0.073777522967607867,15707.299999999999,             29388,             69668,-3.7046225015343555,0.2966806654821515,-0.1113054610094415,0,0,0,0,0,0,4.1295921286220395e-06,7.5669565974735868e-08,0
2007-04-01,            233695,            158202,67.695928453753822,83.934125948780974,            177130,            708520,61.068126347198302,          651153.5,         13822.893,0.42400073325701804,16.906374085366934,15.267031586799575,2.8276907156348701,2.7256957052318302,0.0044432764950808057,0.013753727101482482,4.3859266999999997,            403100,            686000,           1344200,           1155900,           3541200,           5669300,480257.57752690878,817307.61146975786,1601494.0106962807,1377151.4112214185,4219022.9063217295,0.9682154349912494,1.8971941511883927,2.8654095861796423,-1.062496471518094,0.56893242251453735,4.9980240501326705,1.6314288940326314,8.0016089877491101,2.0796426449258614,282.17957500244484,5.6425436590617029, 1.530553592709982,4.6269819697381536,3.1370722684204599,1.4899097013176936,0.075485920775988424,17712.099999999999,             30607,             73597,-3.6044973836647136,0.29372193006026642,-0.10199501040303982,0,0,0,0,0,0,6.1253626065371069e-06,1.1223976207332571e-07,0
2007-07-01,            237749,            161599,67.970422588528237, 84.27446289084827,            179007,            716028, 61.21939175813629,            664260,13878.579001149892,0.42362385169026562, 17.13064428139953,15.304847939534072,2.8408689229188484,2.7281696370023205,0.013178207283978338,0.0024739317704902675,4.2532401000000002,            435200,            691500,           1392900,           1176700,           3697300,           5902000, 516407.9189251769,820533.26272233413,1652813.8563209532,1396271.1355681426,4387212.7726150192,0.96574435636595213,1.9453149876820459,2.9110593440479979,-1.0355740278313139,0.60779746043450811,5.1636248861776357,1.6433714882658219,8.2426944197712935,2.1093272831616132,292.24543380158082,5.6775939759412575,1.5631299778190464,4.7806903711393716,2.8288624557104569,1.9518279154289147,0.07856450250157393,             17686,             30907,             70595,-3.6259002729458869,0.30449646312387935,-0.11269928591652789,0,0,0,0,0,0,9.1255388006865467e-06,1.6721480608054263e-07,0
2007-10-01,            240547,            164904,68.553754567714421, 84.99771849763728,            183462,            733848,61.949003368119008,            679473,13936.846684948052,0.42328387280527974,17.259786624458847,15.487250842029752,2.8483793231489041,2.7400171591441578,0.0075104002300556694,0.011847522141837263,4.3263097000000004,            453300,            677700,           1398000,           1209900,           3795900,           5997300,533308.43228762737,797315.51855575794,1644750.0294244497,1423449.9718173402,4465884.5756024811,0.92348824279687347,1.9050266540209961,2.8285148968178695,-1.0310036955881872,0.61770284854629298,5.1725970500703147,1.6487065441344801,8.1724008241488697,2.1007627242289053,303.31787848063038,5.7147813594809316, 1.588469839216883,4.9337979094076658,3.2977085919923432,1.6360893174153226,0.081343849006774369,17015.599999999999,             31265,             68827,-3.6871869273680242,0.31236262638372697,-0.1083621640047463,0,0,0,0,0,0,1.3654854303407193e-05,2.5021031817055824e-07,0
2008-01-01,            241808,            167251,69.166859657248722,85.757888879818623,            188462,            753848,62.799536932620434,          695537.5,13997.589860674885,0.42298839519419568,17.274973935287271,15.699884233155109,2.8492588608414389,2.7536533386426885,0.00087953769253479308,0.013636179498530687,4.2204189000000003,            464700,            630600,           1322300,           1233400,           3775400,           5838900,541874.34657029866,735325.93705020519,1541898.9637828835,1438235.0313316255,4402393.8197579207,0.8365081554902315,1.7540671328968174,2.5905752883870488,-1.0197015844042832,0.61643726586792036,5.0081714085598161,1.6361388502722034,7.7454606233617387,2.0471069457429194,304.65999298718185,5.7191963776900483, 1.579248677927469,5.0992644020166953,3.4792692691568261,1.6199951328598692,0.0834310459594957,             15656,             28925,             62782,-3.793830697860769,0.31540667560818697,-0.095605522198750403,0,0,0,0,0,0,2.0432177316418716e-05,3.7439986450658293e-07,0
2008-04-01,            240834,            167822, 69.68368253651893,86.398681873322076,            191163,            764652,62.943807922179616,            712136,14060.594999999999,0.42274308786886505,17.128293646179269,15.735951980544904,2.8407316953592017,2.7559480295153063,-0.0085271654822371978,0.0022946908726177995,4.2654522999999998,            483600,            619500,           1320400,           1268600,           3719900,           5757400, 559730.7615283475,717024.82788836071,1528264.0560836021,1468309.4377064963,4305505.5000192299,0.81017247061408326,1.7267985959626078,2.5369710665766911,-1.0266107981146979,0.63244456301690177,4.8648273986074715,1.6590553611315997,7.5294382281089955,2.0188204345279508,301.97576397407892,5.7103467624130655,1.5681043717778691,5.3783038754661909,2.9362978367643233,2.4420060387018676,0.089229038783870451,             13528,             25241,             53462,-3.963507292811328,0.32071204401357001,-0.084783665843895406,0,0,0,0,0,0,3.0439556365281473e-05,5.577808750188223e-07,0
2008-07-01,            240096,            168736,70.278555244568835,87.136246479368708,            193966,            775864,63.031387837751446,            726678,14126.347432724173,0.42254358530651498,16.996325564229668,15.757846959437861,2.8329971774132829,  2.75733846084829,-0.0077345179459187285,0.001390431332983777,4.2503399000000002,            508700,            608300,           1272400,           1282800,           3652100,           5639100,583798.38534867938,698102.13840692292,1460241.9215994882,1472177.2532441241,4191252.3749398701,0.78402915974964682,1.6399781404988503,2.4240073002484972,-0.99772640565872373,0.65565614592248123,4.7071393955641714,1.6533825515812051,7.2681552437025045,1.9835025101988304,295.26519144132163,5.6878739065610073,1.5442410845928267,5.0414630301119345,3.3957897687547423,1.6456732613571923,0.083354670084287832,           12842.4,             26077,             47400,-4.0357312666406111,0.35490017284320263,-0.075658716564992901,0,1,0,0,0,0,4.5348179773519225e-05,8.309818087194622e-07,0
2008-10-01,            239618,            169525,70.748023938101483,87.718326455993861,            206410,            825640,66.317990604213577,          745719.5,14192.830917517113,0.4223709883052662,16.883030692929488,16.579497651053394,2.8263090164718134,2.8081668507592017,-0.006688160941469512,0.050828389910911653,4.2902370999999997,            545500,            574700,           1179700,           1292700,           3434400,           5324300,621876.88940197008,655165.25818389037,1344872.8990421707,1473694.3261776844,3915259.3748159967,0.69606608206966714,1.4288309674918851, 2.124897049561552,-0.90499491303715907,0.66069957850879313,4.1596821859406035,1.5656944915459523,6.4486943462041566,1.8638776833714896,291.23884792166723,5.6741437137491051, 1.479682501870013,4.5724976613657624,3.2008011584831131,1.3716965028826493,0.071591344010071223,12501.299999999999,             30609,             46315,-4.0885168852334592,0.39791222505329937,-0.018142165712611735,0,0,0,0,0,0,6.7854804920547212e-05,1.2434314826955969e-06,0
2009-01-01,            240725,            171287,71.154637033959915,88.222473685816112,            204169,            816676,64.934766878931484,          761884.5, 14255.85522961525,0.4222058708970528,16.886044093651819,16.233691719732871,2.8264874874988921,2.7870888183676734,0.00017847102707868601,-0.021078032391528279,          4.907654,            555900,            565500,           1161100,           1305000,           3448800,           5307600,630111.55409188475, 640993.1351663263,1316104.5609931415, 1479214.927306907,3909208.0009931498,0.69244106597965416,1.4217388535967752,2.1141799195764293,-0.9172548232101837,0.68068609828132576,4.2229721456244578,1.5979409214915095,6.4990277662132838,1.8716525912854953,290.56779066839147,5.6718369076511905,1.4984537281636261,4.2193857816972224,2.8738869836818948,1.3454987980153277,0.067423292041334335,12770.700000000001,             44768,             50316,-4.0886414848778267,0.47082579613815151,-0.0393986691312187,0,0,0,0,0,0,0.00010153049452880124,1.8605961278816152e-06,0
2009-04-01,            244539,            174836,71.496162166362012, 88.64592032629308,            210782,            843128, 66.46152009849655,          778710.5,         14310.819,0.42203058475995353,17.087701269927319,16.615380024624137, 2.838358980762107,2.8103287739268206,0.011871493263214905,0.023239955559147152,5.5129964999999999,            560000,            582700,           1281500,           1332300,           3602800,           5587100,631726.75960576558,657334.25503978506,1445639.0043478368,1502945.6461120741, 4064259.231263665,0.69111688853886954, 1.519935288592005,2.2110521771308744,-0.91599377555958283,0.66419333719198037,4.2731352772058333,1.5801871127515632,6.6266332039737739,1.8910968628454217,302.64682122735468,5.7125665191513786,1.5159433841046674, 3.788505747126437,2.6010101129388952,1.1874956341875418,0.059865479581944277,13889.799999999999,             49499,             52801,-4.0264845886893506,0.48386119257087001,-0.028030206835286453,0,0,0,0,0,0,0.00015059158426422031,2.7597975998909504e-06,0
2009-07-01,            245667,            176634,71.899766757439949,89.146337402398103,            206635,            826540,64.578981429329332,          792524.5,14357.181156143588,0.42182446952913455,17.111088682953376,16.144745357332333,2.8397267143400597,2.7815946318549689,0.0013677335779527233,-0.028734142071851654,         5.6727523,            574700,            616900,           1393500,           1360800,           3823600,           5949600,644670.34400511463,692008.23945842218,1563160.1259285319, 1526478.865707604,4289127.4183712481,0.74636436228131731,1.6859438139714957,2.4323081762528131,-0.95107314830498224,0.69530815205555685,4.6260314080383287,1.6463813003605392, 7.198199724151281, 1.973830956444897,315.39690903959354,5.7538318743528043,1.5859428813779453,3.8730015762215717,2.3068367117526911,1.5661648644688806,0.063764373713580888,             15547,             44295,             56686,-3.9313557261324772,0.43864687416444675,-0.05813208248509083,0,0,0,0,0,0,0.00022433481914630604,4.1115413426529715e-06,0
2009-10-01,            248968,            180412,72.463931107612225,89.845827648041464,            210485,            841940,65.095770283172357,            806036,14395.622812205236,0.42159560435453902,17.294701538645072,16.273942570793089,2.8504001851511878,2.7895652133751021,0.010673470811128016,0.0079705815201331909,5.6237734000000001,            584500,            618400,           1440100,           1384300,           4116300,           6292200,650558.86878764979,688290.17015959381,1602856.8467768938,  1540750.45690803, 4581514.921455265,0.73449414447585337,1.7104544266812363,2.4449485711570897,-0.94994892747701731,0.69422999263605478,4.8890657291493458,1.6441789201130721,7.4734541653799562,2.0113572972724878,332.84439762476256,5.8076751063736278,1.6318155318786352,3.9359200470311579, 2.425378228248487,1.5105418187826709,0.06471356772579083,15962.200000000001,             34592,             55252,-3.9219049793880871,0.38502292863185078,-0.060834971776085656,0,0,0,0,0,0,0.00033564397295646388,6.1522545617765303e-06,0
2010-01-01,            250171,            182570, 72.97808299123399,90.483308955151287,            214342,            857368,65.676320771502319,            818976,14427.463373895953,0.42136135901558203,17.339915792310517, 16.41908019287558, 2.853011115072468,2.7984440849689824,0.0026109299212802028,0.0088788715938803442,5.2663146999999997,            595200,            620600,           1464000,           1405300,           4309400,           6511900,657800.87717063399,685872.35277569806,1617977.9640084142,1553104.1207793884,4762646.3374985382,0.72384320385178824,1.7075514831437608,2.4313946869955489,-0.9448684812122683,0.69421765216336506,5.0263130884287728,1.6390861333756332,7.5952216551119243,2.0275193199684152,343.24578505053637,5.8384467650403815,1.6537083189515085,4.1993787473813482,2.5626523207529006,1.6367264266284476,0.068831434736251043,           16326.6,             25100,             51476,-3.9152590998461245,0.32777893857083157,-0.054567030103485514,0,0,0,0,0,0,0.00050215411972980115,9.2058414838890261e-06,0
2010-04-01,            253795,            186115,73.332807974940408,90.923121690416934,            216245,            864980,65.817702139014983,            831517,14454.031999999999,0.42114167054364726,  17.5587683768792,16.454425534753746,2.8655534477562528,2.8005944704977557,0.012542332683784796,0.0021503855287732243,         5.4985697,            602400,            597400,           1422500,           1436300,           4279600,           6396500,662537.74485559866,657038.59358687687,1564508.5359513431,1579686.1934530153,4706833.5539243361,0.69065180697819606,1.6445466947212652,2.3351985016994612,-0.96406853337649423,0.69643228745173302,4.9476288469097556,1.6605008208282273,7.3949686697958334,2.0007998594797969,349.95635758329365,5.8578084540895272,1.6709196224718812,4.5200313100405607,2.5688732834424854,1.9511580265980752,0.075055157004916384,16352.799999999999,             20955,             50222,-3.9288526068993099,0.29440690110569423,-0.064958977258497086,0,0,0,0,0,0,0.00074465850888518609,1.3654854303407193e-05,0
2010-07-01,            256335,            188069,73.368443638207808,90.967305267144127,            221023,            884092,67.126435107382676,          845045.5,14478.332539312609,0.42093973070450008,17.704732178514398,16.781608776845669,2.8738319585652072,  2.82028357110641,0.0082785108089544757,0.019689100608654364,5.2881043999999999,            629600,            609000,           1465200,           1456400,           4297100,           6486100,692116.79751428345,669471.29873919731,1610688.5827794282,1601014.7774774497,4723785.0867195474,0.68884233767526459,1.6572935848305379,2.3461359225058027,-0.93519678947439855,0.71214308013193195,4.8604670102206562,1.6473398696063306,7.3364536722422553,1.9928555749507362,345.59448543700142,5.8452660803124363,1.6386881480861359,4.3910046647636287, 2.042672663629852,2.3483320011337767,0.072334770518925062,           15265.4,             20281,             49850,-4.0138016424838066,0.28918737790705967,-0.053548387458797198,0,0,0,0,0,0,0.0011089878787849945,2.0342868042833813e-05,0
2010-10-01,            259199,            190416,73.463246385981421,91.084848315207296,            227103,            908412,68.765347544784731,            855392,14503.308362795791,0.42075070348424309,17.871715440106275,17.191336886196183, 2.883219320093231,2.8444055875281657,0.0093873615280237743,0.02412201642175571,         5.2848419,            643300,            614200,           1513900,           1482200,           4320700,           6557100,706264.55650867696,  674316.323033778,1662076.6549020458, 1627273.940085747,4743599.0506871454,0.67612493009779706,1.6665345680153938, 2.342659498113191,-0.92347965460605985,0.70815885303144388, 4.756322021285496,1.6316385076375037,7.2182005521723624,1.9766056908404697, 347.6076571968286,5.8510744219081836,1.6203744732601268,4.6267508926119199,1.3790519822684644,3.2476989103434555,0.075491849216318005,           15033.5,             20017,             51251,-4.0412787991457275,0.28086939439860809,-0.038813732565065262,0,0,0,0,0,0,0.0016585109205237533,3.0439556365281473e-05,0
2011-01-01,            260732,            193646,74.270131782826809, 92.08528101584335,            232098,            928392, 69.37706347077318,          869356.5,14531.995617531466,0.42056723807929836,17.941926687994023,17.344265867693295,2.8871402470733445,2.8532619542272291,0.0039209269801134816,0.0088563666990633116,5.0041899000000001,            651600,            616100,           1542900,           1507600,           4306300,           6547900,707604.94273551891,669053.72194498649,1675512.0720482385,1637178.0412339908, 4676425.974373796,0.66362053959965184,1.6619057467104412,2.3255262863100929,-0.92202431731423795,0.70185869761910913,4.6384501374419429,1.6238830149333472,7.0529474618480128,1.9534456091479664,344.58789955708784,5.8423492090173132,1.6027928936701938,4.5262447712859259,1.7704614024295795,2.7557833688563464,0.073500920055220881,13979.200000000001,             19497,             48308,-4.1301827722346749,0.28754516628567217,-0.033878292846115432,0,0,0,0,0,0,0.002479656359753037,4.5547262384041201e-05,0
2011-04-01,            262484,            196321,74.793511223541245,92.734203290776591,            233854,            935416,69.246799813817674,          880892.5,14566.833000000001,0.42038383665120505,18.019290809471077,17.311699953454418,2.8914428956605107,2.8513825708049114,0.0043026485871662246,-0.0018793834223176376,4.9593100000000003,            652100,            607200,           1541500,           1535000,           4315600,           6517600,703192.54046457994,654774.59066108405,1662277.7198683482,1655268.4398299803,4653730.6051662955,0.64912295705867762,1.6479299049834513,2.2970528620421291,-0.94385813370735583,0.6971229912680561,4.6135623081067676, 1.640981124975412,6.9675951662148181,1.9412701388691087,342.23919917062278, 5.835509905367072,1.5978329734422698, 4.659060758821969,1.9918823360753013,2.6671784227466677,0.076454307653404718,13837.299999999999,             20224,             48362,-4.1535677536073186,0.29487067331525385,-0.040060324855599294,0,0,0,0,0,0,0.0036736423017197884,6.7558224820003698e-05,0
2011-07-01,            264235,            198599,75.159990160273992,93.188589395464035,            237259,            949036,69.700774730542008,          896204.5,14611.080844626182,0.42018683896485443,18.084562176465074,17.425193682635502,2.8950586559025577,2.8579170718006246,0.003615760242047017,0.0065345009957131772,5.0927275999999999,            675800,            591900,           1470400,           1554500,4185100.0000000005,           6307000,725196.08289391559,635163.60086550552, 1577875.584917451,1668122.6854965845,4491000.4831597013,0.62368550824204771,1.5493616680505271,2.1730471762925747,-0.92588689997007489,0.71209100603138342,4.4098432514678061,1.6379779060014583,6.6456909959158557,1.8939686741051531,379.89999999999998,5.9399080601935799,1.6956966272730645,4.6384364820846908,2.4418488838343189, 2.196587598250372,0.075976564760458526,             14214,             21071,             48193,-4.1439412291353577,0.30421286671286674,-0.037141584101933134,0,0,0,0,0,0,0.0054631627365800709,0.00010064492366906092,0
2011-10-01,            265385,            200001, 75.36258643103416,93.439782359282447,            241023,            964092,70.364630797487422,          911473.5, 14663.31781499558,0.41997505900527643,18.098564277765398,17.591157699371855,2.8958326134552301,2.8673963723524283,0.00077395755267239963,0.0094793005518036821,         5.1877081,            691200,            596600,           1485900,           1571000,4167600.0000000005,           6315000,739727.75037327048,638486.07620470657,1590222.0258675383,1681296.7243003587,4460198.7448721677,0.61882061048115744,1.5412429519174518,2.1600635623986091,-0.91256851005920592,0.71694402608879648,4.3228239628583172,1.6295125361480025,6.5502047522435616,1.8794963090430938,384.30000000000001, 5.951423497570798,1.6977327640984796,4.3502090704406564,2.5854289573230549,1.7647801131176015,0.070887202151477979,           13896.6,             24368,             46571,-4.1834183148398418,0.34350639281636336,-0.028436241102801851,0,0,0,0,0,0,0.0081526467322492191,0.00015059158426422031,0
2012-01-01,            269320,            203833,75.684316055250264,93.838685150295305,            240463,            961852,69.631811234806889,            924534,14720.367295614757,0.41975151257082727,18.295739134187993,17.407952808701722,2.9066681985399079,2.8569271597726678,0.010835585084677746,-0.010469212579760523,5.0492514000000002,            701400,            615000,           1551000,           1586300,           4193200,           6417500,747452.92826366157,655380.02692066133,1652836.4581364971,1690454.2060231627,4468519.5591605157,0.63939150721732663,1.6125141913724772,2.2519056985898036,-0.91999600770180856,0.72921821652395591,4.3595064521360873,1.6492142242257644,6.6720243862881192,1.8979233200689687,377.39999999999998,5.9333056329344496,1.6900841120418912,4.4557606619987267,1.9041090118954829,2.5516516501032438,0.073485038635139097,           15276.9,             23423,             48017,-4.1029479432125786,0.32786954087346026,-0.04974103876724012,0,0,0,0,0,0,0.012149973281094606,0.00022531949223456111,0
2012-04-01,            270480,            206577,76.374223602484477,94.694080567497224,            245459,            981836, 70.15775046310992,            939141,14778.843999999999,0.4195197256555479,18.301837410287302, 17.53943761577748,2.9070014597408695,2.8644519234754759,0.00033326120096166534,0.0075247637028081904,4.9945693000000002,            710500,            610700,           1674000,           1610300,           4221000,           6564700,750310.89139047184,644918.87596363295,1767797.9341135116, 1700528.681781952,4457511.9951571878,0.62199797114793098, 1.704969057968948,2.3269670291168789,-0.91644633115917529,0.72364427460390535,4.2990886461690136,1.6400906057630806, 6.686147177329004,1.9000378005179694,378.10000000000002,5.9351587108968875,1.6844124263015208,4.2435857025783266,2.1134351805182972,2.1301505220600294,0.06959865045549235,             14887,             22465,             48054,-4.1444772787849056,0.31856662743374126,-0.042549536265393595,0,0,0,0,0,0,0.017993949064614791,0.00033564397295646388,0
2012-07-01,            271290,            208903,77.003575509602271,95.474394885428723,            242304,            969216, 68.42063046108737,          949781.5,14837.016811101576,0.41927583973997046,18.284672953730922,17.105157615271843,2.9060631653998739,2.8393800329601535,-0.00093829434099568232,-0.025071890515322437,5.1821162999999997,            733000,            626500,           1725000,           1617100,           4206300,           6626400,767745.11205817573, 656196.8795422198,1806767.1463852022,1693752.5521272523,4405683.8538203342,0.6463987387744321,1.7797890253565769,2.4261877641310088,-0.91218056656101432,0.7562813655573164,4.3398994651347067,1.6684619321183307,6.8368660855784471,1.9223294520173608,             375.5, 5.928258471204189,1.7025840771241452,4.1038315841768611,2.4528813074575329,1.6509502767193283,0.068470867740239555,           15117.6,             23786,             48724,-4.140372330146838,0.32803751206730108,-0.06668313243972035,0,0,0,0,0,0,0.02657318699475587,0.00049996025124878862,0
2012-10-01,            271886,            210348,77.366249089692005, 95.92406284397282,            246628,            986512,69.047831469759927,            959544,14894.460049244639,0.41900571702291783,18.254169610786832,17.261957867439982,2.9043935257567242,2.8485051130251664,-0.0016696396431497007,0.0091250800650128916,5.4103820000000002,            745600,            641100,           1783300,           1631900,           4312900,           6806300, 777281.5056976584,668341.16591036587,1859074.7171548204, 1701241.535874475,4496160.6839101808,0.64986538430348539,1.8076820150185704,2.4575473993220558,-0.89841786009698821, 0.755794151515643,4.3718677522422436,1.6542120116126311,6.8993585480967283,1.9314284432378368,375.60000000000002,5.9285247473341078,1.6937252731890513,3.9131779110753819,2.6586967798556627,1.2544811312197193,0.064732259040781212,           15678.4,             21849,             51450,-4.1141742027142278,0.2980804649449515,-0.055888412731557757,0,0,0,0,0,0,0.039244928854598661,0.00074792533082503228,0
2013-01-01,            273552,            212524,77.690530502427322,96.326129520079775,            250783,           1003132,69.659272136915419,          968886.5,14949.788279163993,0.41869810312673444,18.298051777847473,17.414818034228855, 2.906794593953169,2.8573214549680181,0.0024010681964448111,0.0088163419428517464,5.3923515999999996,            755300,            664000,           1851300,           1647000,           4368200,           6952200,784107.07848751789,689324.90416485083, 1921908.426325886,1709816.4415052852,4534802.7806820804,0.6619268451210808,1.8455198318865313, 2.507446677007612,-0.88891591535311409,0.75294178632522935,4.3545615133402187,1.6418577016783433,6.9304936937511714, 1.935931050743892,379.69999999999999, 5.939381467237757,1.6957656511498478,3.7860163000183835,2.6507664358260019,1.1352498641923816,0.062161000208649293,             17266,             22062,             54187,-4.0274082241541054,0.28934149956064997,-0.049473138985150822,0,0,0,0,0,0,0.057601771917035305,0.0011187358941592319,0
2013-04-01,            274290,            213978,78.011593568850486,96.724205866326713,            252282,           1009128,69.548278640210725,          978100.5,15001.155000000001, 0.418347588773826,18.284592086409347,17.387069660052681,2.9060587427065827, 2.855726806982251,-0.000735851246586261,-0.0015946479857671392,5.5887054999999997,            761700,            661000,           1798700,           1683400,           4447400,           6951400,787496.77309594327,683386.32928504469,1859617.2322012251,1740412.3248387962,4598021.7259641569,0.65502096859863168, 1.782429979150316,2.4374509477489479,-0.91336282414123882,0.7548100934668347,4.4071713400084036,1.6681729176080735,6.8885215750628266,1.9298564865383794,379.39999999999998, 5.938591057500914, 1.696569889398772,3.6638737097753493,2.1438777235736728,1.5199959862016765,0.0611197489618346,18846.200000000001,             23597,             58532,-3.9493011234317077,0.28731629509673806,-0.0503319357243317,0,0,0,0,0,0,0.083125941610062912,0.0016585109205237533,0
2013-07-01,            276681,            217452,78.593036746289044,97.445119605186591,            255284,           1021136,69.629020228177964,            987113,15049.886002774878,0.41793748302600653,18.384258854119288,17.407255057044491, 2.911494801409757,2.8568870766193508,0.0054360587031743179,0.0011602696370998089,5.6354806000000002,            788000,            682100,           1887200,           1694200,           4530900,           7164300,808660.30355619581,699983.74753259029, 1936679.853897529, 1738619.652645821,4649694.1235821927,0.66798154212563265,1.8481377602983344, 2.516119302423967,-0.88744300465364068,0.77168956926403531,4.4371170931198192,1.6591325739176761,7.0160096206577771, 1.948194626314349,             383.5,5.9493396208073106,1.7061581830680694,3.4950695021979326,2.0641395236102644,1.4309299785876681,0.057987836592028261,             19937,             23478,             58961,-3.9022072193680319,0.28479239195041184,-0.054607724790406209,0,0,0,0,0,0,0.11899610280024586,0.002468844293192953,0
2013-10-01,            277930,            219587,79.008023603065524,97.959649206882816,            259998,           1039992,70.324107350655908,          996600.5,15096.579177167105,0.41749056339037066,18.410130979894877,17.581026837663977,2.9129011098255919,2.8668202999747012,0.0014063084158348893,0.0099332233553504068,5.8228251999999996,            808400,            690800,           1940500,           1730100,           4703700,           7400000,825237.74487261067,705188.31538594689,1980917.6693781556,1766135.3567591584,4801670.9309219429,0.66423587873752876,1.8658797375364427,2.5301156162739713,-0.88625681736013351,0.77731367164362808,4.5228232524865577,1.6635704890037615,7.1154393495334576, 1.962266979394121,396.80000000000001,5.9834323754107182,1.7303177143161259,3.3951127375752566,2.1220810530315104,1.2730316845437462,0.056480093570709683,22008.799999999999,             22962,             61941,-3.8129076141733353,0.2704498074272994,-0.046080809850890692,0,0,0,0,0,0,0.16812860871161828,0.0036897111492962156,0
2014-01-01,            280126,            222395,79.391059737403879,98.434564078084449,            263299,           1053196,70.662245375739147,         1008018.5,15141.682839401445,0.4170436963250731,18.500321461697812,17.665561343934787,2.9177881082413029,2.8716170574890598,0.0048869984157109414,0.0047967575143585961,5.9454310000000001,            818100,            710200,           1986600,           1751900,           4779700,           7539000,831110.50235467276,721494.53461959248,2018193.5264366129,1779761.0183047932, 4855713.076768891,0.67432842509846225,1.8862585881450367,2.5605870132434987,-0.88663458653470006,0.77677849137292587,4.5382815734203321,1.6634130779076259,7.1582117668506147,1.9682601965458673,402.69999999999999,5.9981918678574084,1.7402804492484578,3.3329865325703718,2.1888500747506479, 1.144136457819724,0.055441333867675475,             22424,             22786,             60845,-3.8056099877750125,0.27245877724767131,-0.046171050752243037,0,0,0,0,0,0,0.23220075713648017,0.0055109728387766803,0
2014-04-01,            281366,            224095,79.645372930631282,98.749879283567864,            267755,           1071020,71.423254111222576,         1019166.5,          15185.23,0.41663796321010599,18.528925804877503,17.855813527805644,2.9193330680220626,2.8823291430331279,0.001544959780759747,0.010712085544068106,5.8042946000000004,            825200,            725500,           2012800,           1790100,           4873900,           7656400,835646.59115215205,734684.44241503428,2038280.9726988021,1812761.7096721611,4935600.9702090081,0.6773916453474258,1.8793299845007563,2.5567216298481821,-0.90091688297137307,0.77048047655505969,4.5507086702395849,1.6713973595264326,7.1486993706933575,1.9669304339622442,402.89999999999998,5.9986883921973018,1.7300648880442833,3.3129744848450255, 2.094277641359632,1.2186968434853935,0.055372968061484194,22662.200000000001,             22313,             61381,-3.8060420770950802,0.26660214591249076,-0.037003924988934678,0,0,0,0,0,0,0.30966954485840897,0.0081526467322492191,0
2014-07-01,            283963,            226244,79.673760313843701,98.785075937965402,            269340,           1077360,71.611470993025762,         1032684.5, 15229.54450193891,0.41627907985600993,18.645534668738648, 17.90286774825644,2.9256066894727066,2.8849609094143549,0.0062736214506440291,0.0026317663812269743,6.1731008000000003,            854700,            738600,           2064000,           1812000,           4955800,           7821100,865211.66470199462,747683.79027599539,2089384.4342399871,1834285.1719199885,5016749.6992279692,0.68556471374470929,1.9157941635108042,2.6013588772555134,-0.88856092670973486,0.79332813544219205,4.5999480210885872,1.6818890621519269,7.2595047152298209,1.9823116054668191,               402,5.9964520886190211,1.7251968180847754,3.2404893581364171,1.3750881913920932, 1.865401166744324,0.054501436074693585,24259.799999999999,             22459,             61588,-3.7510963419066941,0.26721953192856379,-0.040645780058351733,0,0,0,0,0,0,0.40058632805543276,0.012097507016245214,0
2014-10-01,            285727,            228393,79.933992937314287,99.107730465250356,            272614,           1090456, 72.03049761720446,         1045677.5,15275.104862297825,0.41594139387550211,18.705403503005364,18.007624404301115,2.9288124395003639,2.8907952462290498,0.0032057500276572171,0.0058343368146949182,6.3569028999999997,            880200,            763200,           2123700,           1845100,           5123900,           8083200,  888124.464023137,770071.10990963213,2142819.7276141061,1861711.4844002388, 5170030.608052888,0.69989068793238796,1.9475338757363891, 2.647424563668777,-0.88485917817867021,0.80718525094089077,4.6988599264894688,1.6920444291195611,7.4126787325669259,2.0031918763524619,             412.5,6.0222362057747354,1.7451465984257954,3.2313465783664461,1.1719940482258107,2.0593525301406355,0.054675819764795006,25407.599999999999,             22096,             61300,-3.7173719378179158,0.26495275552784309,-0.038017193271314031,0,0,0,0,0,0,               0.5,0.017993949064614791,0
2015-01-01,            286815,            230033,80.202569600613643,99.440730514133222,            273961,           1095844,71.924129346026447,         1057266.5,15321.800902777346,0.41558946925414936,18.719405233102183,17.981032336506612,2.9295606988087193,2.8893174432187534,0.00074825930835542565,-0.0014778030102964301,6.3505919000000004,            894100,            798100,           2229700,           1877500,           5247400,           8347000,899128.55162797112,802588.63332321192, 2242240.165042934,1888059.3397623484,5276912.1595040997,0.72829709338190474,2.0346874190121951,2.7629845123940999,-0.89739050448786506,0.81590080339902393,4.7884552910815774, 1.713291307886889,7.6169600782593143,2.0303773502398959,414.39999999999998, 6.026831690945273,1.7512198866066291,3.1096417538344805,1.0221678182580352,2.0874739355764453,0.053277221874867567,             25947,             21695,             63150,-3.7073860867646986,0.25570157345748129,-0.040243255589965887,0,0,0,0,0,0,0.59941367194456718,0.026686737620914419,0
2015-04-01,            288596,            232615,80.602295250107417,99.936338208360937,            277895,           1111580,72.372466971324059,           1070073,15368.940000000001,0.41519331860793557, 18.77787277457001,18.093116742831015,2.9326791965748273,2.8955315754917033,0.0031184977661080637,0.0062141322729498683,6.1123846000000004,            900500,            798200,           2242000,           1920700,           5469800,           8549400, 901073.6396229713,798708.47212332662,2243428.2065904513,1921923.5309537379,5473284.3909047507,0.71807697151801941,2.0169488475863186, 2.735025819104338,-0.91779269148419362,0.81010813436729701,4.9207434462656758,1.7279008258514907, 7.691214307562209,2.0400786784067924,412.69999999999999,6.0227209367585361,1.7408950001469419,2.9933422103861518,1.2014788609371996,1.7918633494489522,0.051721984773823587,26109.099999999999,             21008,             61575,-3.7131982368627927,0.25438649601007474,-0.037147621083124083,0,0,0,0,0,0,0.68939319804263632,0.039080089281413925,0
2015-07-01,            291247,            235310,80.793965259727997,100.17398403279316,            279299,           1117196,72.333053688540787,         1082080.5,15418.340252513908,0.41471682953983119,18.889646695435534,18.083263422135197,2.9386139780794065,2.8949868376879464,0.0059347815045791563,-0.00054473780375685621,          6.275658,            937700,            799100,           2217400,           1939300,           5596100,           8672300,936071.38525411207,797712.10830389347,2213548.7785672052,1935931.7878034548,5586380.5897627566,0.7152728796021468,1.9847904933422604, 2.700063372944407,-0.89653024178389473,0.83933347416209869,5.0090583926186634,1.7358637159459933,7.7625591212285041,2.0493120634919144,418.19999999999999,6.0359597869945336,1.7546785881866962,2.9064403602853126,1.4059898032572793,1.5004505570280333,0.050451843639802742,23228.599999999999,             20838,             66524,-3.8412565778296273,0.23852475904855658,-0.043627140391460095,0,0,0,0,0,0,0.76779924286351986,0.057128011137615876,0
2015-10-01,            292695,            237129,81.015733101009587, 100.4489472447127,            277481,           1109924,71.426318595533743,           1090822,15469.974085839183,0.41419189369110138,18.920199760898466,17.856579648883436,2.9402301217550173,2.8823720480870745,0.0016161436756108039,-0.012614789600871923,5.9116559000000004,            957400,            829500,           2293800,           1962600,           5638400,           8823000,953120.98957850889,825792.62675514224,2283548.0738408021, 1953828.341494445,5613199.6946307337, 0.747348467102252,2.0666279853395366,2.8139764524417887,-0.90564759388931138,0.86258158216238234,5.0799874586007689,1.7682291760516937, 7.949192917713285,2.0730704037282659,421.89999999999998,6.0447683191302932,1.7761019099233277,2.9134223688959935,1.3532917898191776,1.5601305790768158,0.051515984348435358,18948.599999999999,             19968,             66498,-4.0529567692802768,0.23093470265769203,-0.057858073667942822,0,0,0,0,0,0,0.83187139128838172,0.083125941610062912,0
2016-01-01,            295147,            238563,80.828536288696824, 100.2168476017836,            279004,           1116016,71.738178102189323,         1098674.5,15523.131643459432,0.41367294225803863,19.013367069160829,17.934544525547331,2.9451422617610845,2.8867287148182941,0.0049121400060672116,0.0043566667312195939,6.0410089999999999,            970100,            833100,           2275100,           1989100,           5643100,           8809200, 968000.9132344079,831297.35162930132,2270177.1752392552,1984796.0174358939,5630889.5510494662,0.74649467391148516,2.0385908445757051,2.7850855184871901,-0.91306934667603334,0.8692527705695976,5.0564687244627313,1.7823221172456309,7.8934352195667445,2.0660314291486896,425.39999999999998,6.0530299027661369,1.7800068268279523,2.9542443697136451,0.78048208579890588,2.1737622839147392,0.052654150798890076,18576.099999999999,             20297,             64122,-4.079983923958892,0.2404316563806726,-0.05841354694279044,0,0,0,0,0,0,0.88100389719975414,0.11945612309116151,0
2016-04-01,            296579,            240364,81.045522440901081,100.48588214262301,            282304,           1129216,72.141824590686639,           1105949,         15577.037,0.41321414695199316,19.039500259259832, 18.03545614767166,2.9465157821311498,2.8923396063933859,0.0013735203700653287,0.0056108915750918698,5.6454133999999998,            980700,            849300,           2424000,           2028100,           5775200,           9091200,975957.99438577774,845193.35641056497,2412279.1663007294,2018293.4724317282,5747275.0170049388,0.75211474155520286,2.1466220811607344,2.8987368227159371,-0.92754619133983218,0.86847866130129225,5.1143448197687595,1.7960248526411244,8.0508954885513493,2.0857833260575038,423.69999999999999,6.0490256576325132,1.7703916901192371,2.8951787240460511,0.54989400663880694,2.3452847174072442,0.051998129412245277,20280.200000000001,             21300,             66664,-3.9988140282960587,0.24214451366468101,-0.054176175737763899,0,0,0,0,0,0,0.91687405838993719,0.16812860871161828,0
2016-07-01,            298415,            242547,81.278420990901935,100.77464598227424,            284638,           1138552,72.275032334782082,           1113598,15631.954947830214,0.41284446971609612,19.090062695032355,18.068758083695521,2.9491679219141571, 2.894184374167851,0.0026521397830072679,0.0018447677744650726,5.6949816999999996,           1006000,            873000,           2503400,           2058600,           5895400,           9321900,998266.96506277029,866289.32455248362,2484156.5808530212,2042775.7199584681,5850082.5704086041,0.76676339771920821,2.1987577203324924,2.9655211180517007,-0.92450762020531341,0.88357843998341756,5.1779804523640554, 1.808086060188731, 8.187504830697236,2.1026091909700191,424.39999999999998,6.0506764067398278,1.7701976714520866,2.7475962723731571,0.59961870867035749,2.1479775637027996,0.049678905191044252,22023.599999999999,             20024,             63252,-3.9232368879312416,0.24045343196118929,-0.054983547746306094,0,0,0,0,0,0,0.94263556779374824,0.23142067007472897,0
2016-10-01,            300483,            244834,81.480150291364239,101.02476401594784,            286091,           1144364,72.206871499863823,         1120336.5,15687.647191518523,0.41254248071941002,19.154115102897979,18.051717874965956,2.9525175804213517, 2.893240853378523,0.0033496585071945972,-0.00094352078932802286,5.5957144000000003,1030900.0000000001,            895800,           2552000,           2082500,           6147700,           9657800,1020442.8686784771,886713.28136791126,2526113.2999005467,2061375.7629478402,6085339.6292314222,0.7827928875777288,2.2300596663299439,3.0128525539076727,-0.91893837974630455,0.90084972963148102,5.3721543145362842,1.8197881093777855,8.4394475883547546,2.1329168548490798,433.60000000000002,6.0721224501254367,1.7925872356270229,2.7356455843777323,0.57324321163101377,2.1624023727467185,0.049782953059224401,24406.299999999999,             20010,             64298,-3.8265430698992908,0.23734402429188214,-0.059276727042828714,0,0,0,0,0,0,0.96091991071858618,0.31060680195736368,0
2017-01-01,            302060,            246873,81.729788783685365, 101.3342832017355,            288730,           1154920,72.397171220365635,           1127721,15742.507361401435,0.41227999141483523, 19.18754065445836,18.099292805091409,2.9542611441443039,2.8958728659665565,0.0017435637229521461,0.0026320125880334722,5.6851475000000002,           1040700,            916600,           2615200,           2108700,           6302400,           9889500,1026996.9521846644,904530.99488081434,2580765.2823612322, 2080934.441310466,6219415.3852682132,0.79364804488622587,2.2643992657500087,3.0580473106362347,-0.92473937588750732,0.90110137498701204,5.4570013507429085,1.8258407508745194,8.5629307657673266,2.1474425107337005,439.19999999999999,6.0849548901953208,1.8027876631088737, 2.730564225690276,1.1150177107865922,1.6155465149036838,0.049855754361454348,25168.400000000001,             20851,             68675,-3.8023648216514467,0.23290440765811049,-0.058388278177747388,0,0,0,0,0,0,0.97353989361439741,0.40269189990653548,0
2017-04-01,            303776,            249401,82.100297587696204,101.79366581648495,            289887,           1159548,72.121506375502719,           1133717,         15794.402,0.41202995796944997,19.233143489699707, 18.03037659387568,2.9566350142443549,2.8920579240672928,0.0023738701000510787,-0.0038149418992636797,5.6093992999999998,           1042000,            920800,           2631900,           2147500,           6466300,          10044200,1023639.3312316036,904574.94836666086, 2585524.333846888,2109659.7541457475,6352359.8920757379,0.79410252960636385,2.2697637355245321,3.0638662651308959,-0.95338873423092452,0.89862601634429973,5.5765694908705807,1.8520147505752242,8.6621683621549082,2.1589650794720368,437.60000000000002,6.0813052511077714,1.8029529659205883,2.7360933276426236,1.3014601115863833,1.4346332160562403,0.050672852017445889,22884.700000000001,             21579,             67813,-3.9027883290634517,0.24139744048684447,-0.064577090177062146,0,0,0,0,0,0,0.98200605093538529,               0.5,0
2017-07-01,            305890,            251382,82.180522410016678, 101.8931341374707,            291660,           1166640,72.263295660445891,         1139897.5,15844.340888369137,0.41175944779277684,19.305946656610047,18.065823915111473,2.9604131653753694,2.8940219719244489,0.0037781511310144289,0.0019640478571560926,5.6076651999999996,           1063800,            932600,           2628500,           2169400,           6474000,          10072300,1044035.0166918585,915272.66080732027,2579663.5094703422,2129093.4059140044,6353715.6402172325,0.79938970033600765,2.2530514983199614, 3.052441198655969,-0.9476788040869506,0.91184941370088457, 5.549269697593088,1.8595282177878352, 8.633597339367757,2.1556612594193756,             442.5,6.0924404644479839,1.8121241314036445,2.6859138533178113,1.1098904335453463, 1.576023419772465,0.049945326007917262,           21851.5,             26341,             67186,-3.9544240559946009,0.28164059576379014,-0.066391193450920483,0,0,0,0,0,0,0.98785002671890554,0.59836133965287153,0
2017-10-01,            308866,            255200,82.624827595138342, 102.4440146441643,            297294,           1189176,73.041696617348265,           1149804,15892.370954355563,0.41147157088267367,19.434859712694426,18.260424154337066,2.9670683459963967,2.9047361035025774,0.0066551806210273234,0.010714131578128505,5.4016584999999999,           1077300,            959000,           2724200,           2203400,           6634900,          10358900,1051598.7720141229,936121.06410613924, 2659208.553532789,2150833.3187189437,6476610.6863793777,0.80644076234300055,2.2908299528412952,3.0972707151842958,-0.94695822990036793,0.90592141112837798,5.5794096079974702, 1.852879641028746,8.7109897946140862, 2.164585423284477,449.80000000000001,6.1088030395252151,1.8177725749027474,2.6962293721766386,1.4048541880210763,1.2913751841555623,0.049957885112498115,20423.599999999999,             26615,             63127,-4.0306556771038249,0.29657239642530808,-0.062332242493819301,0,0,0,0,0,0,0.99184735326775075,0.69033045514159108,0
2018-01-01,            310944,            258080,82.998867963363182,102.90777593813871,            299881,           1199524,73.133970420972261,         1160242.5, 15938.28534184594,0.41118009955827522,19.509250420032139,18.283492605243065, 2.970888733601305,2.9059986093320358,0.0038203876049083263,0.0012625058294584157,5.5261063999999998,           1087300,            961300,           2707600,           2231600,           6644600,          10345100,1056577.1051680411, 934137.3780907183,2631093.6907504718,2168543.6106805857,6456849.2899839664,0.80140122248491896,2.2572287007179517,3.0586299232028704,-0.95396173815613527,0.90644288901264169, 5.539363947699254,1.8604046271687769,8.6243376539360614,2.1545881662220889,452.60000000000002,6.1150087331994367,1.8227157627475108, 2.684759916492693,1.5527743293656249,1.1319855871270681,0.049947397714802652,           19032.5,             26466,             60404,-4.110236269778051,0.30466213882813398,-0.064890124269269212,0,0,0,0,0,0,0.9945368372634199,0.76935758350803074,0
2018-04-01,            313026,            260708,83.286372378013326,103.26424393113716,            302621,           1210484,73.348565756406927,           1170401,15981.496999999999,0.41090197441375642,19.586775882134198,18.337141439101732,2.9748546386329568,2.9089285898547108,0.0039659050316518396,0.0029299805226750131,5.5460808000000004,           1088800,            983200,           2815500,           2261200,           6610100,          10433300,1054382.3869238589,952120.46548818704,2726500.3769141482,2189722.1283176248,6401150.8227455905,0.81223708863562016,2.3259291324792395,3.1381662211148598,-0.96853820455288964,0.8994749207754914,5.4607082786720023,1.8680131253283812,8.6191143377359793,2.1539823343547386,449.30000000000001,6.1076908160761141,1.8124678651015127,2.6775407779171894,1.4446656408890757,1.2328751370281137,0.050016813167512733,17786.200000000001,             26065,             60130,-4.1866788284007921,0.30239573061082431,-0.065926048778246038,0,0,0,0,0,0,0.99631028885070372,0.83187139128838172,0
2018-07-01,            313509,            262500,83.729653694152319,103.81385497377127,            305592,           1222368,73.482626312363919,           1180878,16023.669695805978,0.41063775863201685,19.565368355168829, 18.37065657809098,2.9737610827362992,2.9107546404549929,-0.0010935558966576053,0.0018260506002820698,5.2974695000000001,           1117000,           1002000,           2863200,           2276600,           6550100,          10467900,1075964.2826886757,965189.08796244673,2758013.3699142491,2192963.5505541977,6309466.1128371479,0.81972041152909758,2.3423388046807507,3.1620592162098484,-0.94865048823267628,0.91380009947904395,5.3585336003560302,1.8624505877117201,8.5636240477499417,2.1475234706220778,451.69999999999999,6.1130182426605586,1.8159692410856751,2.6780470546612416,1.8850346027331044,0.79301245192813719,0.049877303108734707,16940.299999999999,             25898,             57993,-4.2443181099448557,0.30871011193095804,-0.063006442281306363,0,0,0,0,0,0, 0.997520343640247,0.88054387690883851,0
2018-10-01,            314328,            264497,84.146814792191591,104.33108035118343,            309764,           1239056,73.928880938917331,         1192714.5,16064.347798634664,0.41039591676393061,19.566807438439255,18.482220234729333,2.9738346326088476,2.9168092015689311,7.3549872548372974e-05,0.0060545611139382061,4.9991446000000002,           1126500,            994500,           2751900,           2307000,           6480100,          10262600,1079735.7759625865, 953215.4719882753,2637660.7917189896,2211229.8580964818,6211092.5892722206,0.80262716132281353,2.2209649927041233,3.0235921540269368,-0.9527414418718767,0.90915987655118091,5.2298685450859361,1.8619013184230575,8.2825957825957826,2.1141564195797136,             459.5,6.1301389417957415,1.8270353791069203,2.6899762804181675,1.8420458370103754,0.84793044340779211,0.050084703830373382,           15270.5,             24744,             56230,-4.3580642181640652,0.3055795687504631,-0.05702543103991653,0,0,0,0,0,0,0.99834148907947617,0.91687405838993719,0
2019-01-01,            315454,            265972,84.314036277872532,104.53841319321802,            311952,           1247808,74.127379476051587,         1204325.5,16102.496547678296,0.41018692894065428,19.590378365613315,18.531844869012897,2.9750385459921533,2.9194905965401343,0.0012039133833057214,0.0026813949712032326,5.0467031000000002,           1131900,           1028200,           2894600,           2327100,           6352200,          10320500,1082759.8826355943,983561.89709861123,2768934.3195308694,2226071.6696539372,6076426.6511863433,0.82400497512437809,2.3197479099348617,3.1437528850592398,-0.95783966764117556,0.90711070933989846,5.0906870287736572, 1.864950376981074,8.2709038570036419, 2.112743796534319,457.80000000000001,6.1264324075184664,1.8206474498584411,2.6682271348071089,1.5845617497938447,1.0836653850132643,0.049761112009296483,13652.299999999999,             23587,             51698,-4.4797669325630691,0.31330278275884971,-0.055547949452019019,0,0,0,0,0,0,0.99889101212121489,0.94287198886238399,0
2019-04-01,            316422,            268576, 84.87905392166158,105.23896141170461,            312108,           1248432, 73.51401941239827,           1215436,         16136.828,0.41002144636793636,19.608686415942465,18.378504853099567,2.9759726525460932,2.9111817672150195,0.00093410655393988407,-0.008308829325114786,5.2230397999999996,           1136200,           1055900,           3115200,           2339400,           6413400,          10639400,1079638.1727439135,1003335.6333394634,2960120.4327863399,2222940.9798601577,6094130.8370672548,0.84578094762069544,2.4952900918912686,3.3410710395119638,-0.96376895177310418,0.91010163148653667,5.1371640585951015, 1.873870583259641,8.5222102605508354,2.1426757274500545,             454.5,6.1191979136175334,1.8217217852826233,2.5987710025353445,1.9122954910552714,0.68647551148007313,0.048697605342791481,12918.799999999999,             24217,             49000,-4.5441745243568796,0.33075651829493152,-0.064790885331073689,0,0,0,0,0,0,0.99925207466917509,0.96075507114540137,0
2019-07-01,            315911,            269167,85.203427547632089,105.64114242020162,            320361,           1281444,75.029047382430903,         1229786.5,16167.285605384275,0.40989652250720304,19.540138506292642,18.757261845607726,2.9724707349361186,2.9315809758681532,-0.0035019176099746474,0.020399208653133716,         5.2785541,           1162100,           1072800,           3178400,           2344500,           6633400,          10975300,1100044.9004778778,1015513.4405237649,3008676.2857575826,2219305.7991312146,6279182.3791669859,0.83718055568561711,2.4803268812371044,3.3175074369227215,-0.92270906883172421,0.90686756502820254,5.1765040064177601,1.8295766338599269,8.5647909701867579, 2.147659726362892,452.80000000000001,6.1154505268889734,1.7975751899009293,2.4782422843464138,1.7601575886879495,0.71808469565846433,0.045341341764838471,             14494,             26910,             50437,-4.4408610853773292,0.34791265336729282,-0.040889759067965326,0,0,0,0,0,0,0.99949784588027013,0.97331326237908566,0
2019-10-01,            316935,            271299, 85.60083297837096,106.13387334565383,            320200,           1280800,74.540500970455668,         1241239.5,16189.558209752835,0.40980068185952889,19.576507023463652,18.635125242613917,2.9743302260636311, 2.925048253735786,0.0018594911275124915,-0.0065327221323672191,         5.2986103,           1175000,           1085800,           3240500,           2364700,           6847500,          11264200,1107092.3570020788,1023047.5584960486,3053219.3896725415,2228035.1460449495,6451757.3741036039,0.84775140537164273,2.5300593379138037,3.3778107432854463,-0.9288725796377264,0.91739537788881953,5.3462679575265462,1.8462679575265459,8.7946595877576517,2.1741446722395068,470.60000000000002,6.1540084762932619,1.8426658614375857,2.3414800597142249,1.7279539216905615,0.6135261380236634,0.043229996074377164,           15151.1,             28550,             52324,-4.4057926195287767,0.35301827534188984,-0.049281972327845036,0,0,0,0,0,0,0.99966435602704362,0.98200605093538529,0
2020-01-01,            312738,            268651,85.902896354136686,106.50839255242349,            325355,           1301420,75.433385139494291,         1253976.5,16198.322781791498,0.40971840110979424,  19.3068136876213,18.858346284873573,2.9604580744159907,2.9369555896320017,-0.013872151647640329,0.011907335896215621,5.2460924999999996,           1193200,           1022600,           2965000,           2382800,           6949600,          11014500,1120287.3045076765,960112.13341397094,2783818.1846004534,2237194.5936816055,6524931.8231700882,0.78575709609503464,2.2782806472929571, 3.064037743387992,-0.91407846813480664,0.91684467735243047,5.3400132163329284, 1.830923145487237,8.4634476187548984,2.1357566105518182,465.30000000000001,6.1426823588506032,1.8194324080987105,2.2438364274537999,1.8844550046539954,0.35938142279980445,0.041082920497125558,14779.700000000001,             29042,             50272,-4.4408203633709107,0.36616486370628137,-0.023502484783989086,0,0,0,0,0,0,0.9997756651808537,0.98790249298375477,0
2020-04-01,            272884,            233968,85.738995324020465,106.30517664241039,            336186,           1344744,78.139282179933858,           1270759,16188.842000000001,0.4096335689841667,16.856301395739113,19.534820544983464,2.8247245569625292,2.9721985421317685,-0.13573351745346152,0.035242952499766833,6.3094060000000001,           1228300,           1054900,           3131500,           2387300,           6922400,          11247600,1155447.0241197741,992331.73145318707,  2945764.35401048,2245704.3724506525,6511818.3503759047,0.78446157781704173,2.3286960194654149,3.1131575972824566,-0.86187408160958512,0.91340805387493829,5.1477455932132807,1.7752821354845234,8.3641198622191286,2.1239511121929153,467.39999999999998,6.1471854221047577,1.7886925188530982,2.0421353030048683,1.0131373555984036,1.0289979474064648,0.036253663216668168,             12167,             26950,             43637,-4.6486422699282546,0.38179834813775909,0.14747398516923926,0,0,1,0,0,0,0.99984940841573589,0.99184735326775075,1
2020-07-01,            293603,            252473,85.991287554963677,106.61798611812875,            347291,           1389164,80.630128016675442,         1291608.5,16159.417281280121,0.40952900048112723,18.169157642839291,20.157532004168861,2.8997255215557378,3.0035780152810436,0.075000964593208597,0.031379473149275139,7.4415873000000001,           1293500,           1062400,           3170500,           2390900,           7140600,          11594900,1213209.9349230346,996454.76216639497,2973700.8880351614,2242492.1789002577,6697369.0462399852,0.76477651306829142,2.2823079204471179,3.0470844335154093,-0.78997152244083491,0.93113556066814285,5.1402138264452581,1.7211070831089779,8.3466746906772702,2.1218632189064492,482.30000000000001,6.1785663270749263,1.7886939506739918,1.9839986595735768,0.92468111906780504,1.0593175405057718,0.03414674145870801,             14275,             37938,             53052,-4.5051338643052166,0.41694691724365313,0.10385249372530581,0,0,0,1,0,0,0.99989891326055436,0.99451298399784027,1
2020-10-01,            307181,            265664,86.484515643871205,107.22952464757107,            340239,           1360956,78.737224413308567,           1306846,16119.427102009107,0.4093879630874277, 19.05657056271642,19.684306103327142,2.9474119535331202,2.9798216737529231,0.047686431977382426,-0.023756341528120561,6.9425140000000001,           1321000,           1116400,           3334300,           2408800,           7511600,          12229800,1231936.8236889064,1041131.1657579826,3109498.0705722333,2246396.2308113836,7005160.2156105898,0.82030572626888743,2.4499689923847647,3.2702747186536523,-0.79929108655974179,0.97064122572662159,5.5193555118607804,1.7699323122863635,8.9861832417800436,2.1956882023586006,               503,6.2205901700997392,1.8544741352269256,1.9301518256723409,1.0323295168442215,0.89782230882811942,0.034162380838759929,           16067.5,             42516,             60285,-4.3985732813338343,0.41357574342662035,0.032409720219802818,0,0,0,0,0,0,0.99993244177517993,0.99632635769828015,1
2021-01-01,            311628,            270970,86.953033745363058,107.81042601399173,            347236,           1388944,80.108175048724959,           1324488,16082.262099499161,0.40919634845142677,19.377124814406852, 20.02704376218124,2.9640932370666864,2.9970835482799965,0.016681283533566127,0.017261874527073395,6.2722465999999999,           1334700,           1144600,           3401300,           2434100,           7960900,          12779900,1238006.4241901627,1061678.3944916911,3154889.6760305688, 2257759.374482112,7384165.2373832818,0.82407930053335487,2.4488388300752226,3.2729181306085775,-0.79153659182803626,0.96094586966789153,  5.73162056929581,1.7524824614959278,9.2011628978562126, 2.219329878007835,519.39999999999998,6.2526742992286479,1.8692963898287613,1.8698106941215542,1.2224702958758771,0.64734039824567713,0.032768104477655512,20141.200000000001,             48161,             70602,-4.1860137802134441,0.40552192181066493,0.032990311213310086,0,0,0,0,0,0,0.99995485003270568,0.99754192074559367,1
2021-04-01,            314835,            276507,87.826004097384342,108.89279544373022,            345806,           1383224,79.088423372087348,           1341337,16061.290999999999,0.40894543564261299,19.602097988262589,19.772105843021837,2.9756366007255552, 2.984272148607698,0.011543363658868877,-0.012811399672298496,5.4815633000000004,           1340500,           1179700,           3519500,           2484800,           8378500,          13348500,1231027.2635921962,1083359.0920251503,3232077.9218297163,2281877.3178469893,7694264.7728513367,0.85286258769367795, 2.544417968456302,3.3972805561499797,-0.82727020352451952,0.96911273951290611,6.0572257277201667,1.7963829430374256,9.6502807932771546,2.2669870126764913,             543.5,6.2980297065612643,1.9274631968336755,1.8357503800172548,2.4341418574789442,-0.59839147746168941,0.032977106703374691,23806.900000000001,             42805,             72186,-4.0314467020798359,0.3722465236409806,0.0086355478821427134,0,0,0,0,0,0,0.99996956044363472,0.99834148907947617,0
2021-07-01,            299980,            263957,87.991532768851258,109.09802941682698,            365883,           1463532,83.498469727037318,           1364098,16065.964397012081,0.40863205033757788,18.671770494884811,20.874617431759329,2.9270127840636051, 3.038533943946677,-0.048623816661950148,0.054261795338979013,4.7280281999999998,           1415500,           1205400,           3581500,           2531100,           8961900,          14080000,1297456.9820980444,1104877.8850024603, 3282827.397657468,2320023.5728635537,8214538.8398901196,0.82362394535958217,2.4471620709352444,3.2707860162948266,-0.76226553297092237,0.96718076543594533,6.1234738973934286,1.7294462984068677, 9.620561764279838,2.2639026584279516,573.60000000000002,6.3519322892854104,1.9271039842188429, 1.803122987765615, 2.326102179373768,-0.52297919160815298,0.031184043767635748,27657.700000000001,             37971,             70673,-3.8983445131174679,0.34949928205883435,0.11152115988307187,0,0,0,0,0,0,0.9999795678226836,0.99888614876546533,0
2021-10-01,            319365,            283711,  88.8359713807086,110.14502320836745,            362013,           1448052,81.664497922945543,         1385004.5,16098.521156428837,0.4083346126809298,19.838157610673683,20.416124480736386,2.9876072351795124,3.0163250043585439,0.060594451115907333,-0.022208939588133081,5.2306657000000003,           1462700,           1226100,           3681000,           2586800,           9528500,          14807500,1327976.4780955461,1113168.7699411698,3341957.6234837663,2348540.0653158943, 8650867.485836748,0.84672373644040411,2.5420357832453533,3.3887595196857574,-0.77628427708397207,1.0101156588299316,6.5802194948800183,1.7863999359139036,10.225806808042805,2.3249146042480549,619.29999999999995,6.4285898079440154,2.0259704424655807,1.7314211212516297,2.7189326543959558,-0.98751153314432605,0.030930105800438902,30518.099999999999,             35157,             68480,-3.8151387174947562,0.33923212752202397,0.02871776917903146,0,0,0,0,0,0,0.99998634514569662,0.99925534149111495,0
2022-01-01,            327177,            294102,89.890793056969159,111.45286457270063,            369010,           1476040,81.962450221782007,           1406832,16158.162024704348,0.40815702177175833,20.248404459602295,20.490612555445502,3.0080759983298808,3.0199668571404819,0.020468763150368385,0.0036418527819379598,         4.1608516,           1495900,           1248400,           3629700,           2627400,           9701700,          14976600,1342181.7426901804,1120114.7720933359,3256713.0633348138,2357409.1254389868,8704756.0753107313,0.84577653722121349,2.4590796997371345,3.3048562369583481,-0.76657814151378012,1.0134549199208693,6.5727893553020245,1.7800330614346496,10.146472995311781, 2.317126156953178,645.39999999999998,6.4698702796178615,2.0636090613574889,1.6813050873666306,3.3785587288526209,-1.6972536414859902,0.029927786418708743,           32843.5,             33340,             66915,-3.7573417907502433,0.3325519924193307,0.011890858810601035,0,0,0,0,0,0,0.99999087446119928,0.99950222403718159,0
2022-04-01,            333509,            305322,91.548354017432814,113.50802407196625,            371769,           1487076,80.662413544422932,         1424623.5,         16241.846,0.40819600625257485,20.533934381596772,20.165603386105733,3.0220788532739644,3.0039783503227784,0.014002854944083598,-0.015988506817703474,3.8689315999999998,           1501500,           1226400,           3334700,           2677800,           9637500,          14576300,1322813.9704449619, 1080452.249985815,2937853.9775176924,2359128.3716666796,8490589.1709379423,0.82470566400103285,2.2424543197523192,3.0671599837533519,-0.79101538858807485,1.0096995715081138,6.4808389080316005,1.8007149600961887,9.8019872555269529,2.2825851462954221,651.39999999999998,6.4791238928421331,2.0888511813994639,1.8622212072771562,4.2383232145242422,-2.376102007247086,0.033533295869523604,29349.799999999999,             30812,             62278,-3.8823771153258479,0.33099151358899992,-0.018100502951186037,0,0,0,0,0,0,0.99999384774543831,0.99966435602704362,0
2022-07-01,            337013,            315002,93.468797939545354,115.88912417234056,            381602,           1526408,80.560476371661451,           1441779,16349.554646071756,0.40851074947323046,20.612977374339234,20.140119092915363, 3.025920847076085,3.0027138005259304,0.0038419938021205802,-0.0012645497968479802,3.4525101999999999,           1553900,           1240600,           3330500,           2708000,           9350100,          14370200,1340850.5855037533,1070505.9761734707,2873867.6073236694,2336716.2530048033,8068142.7759306533,0.81275779477046761,2.1819199060801568,2.9946777008506245,-0.75608880456601379,1.0180109118924954, 6.125557518042358,1.7740997164585091,9.4143898616883561,2.2422393550902648,649.39999999999998,6.4760488596687455,2.0870406980229248,2.5111658824408094,6.2247639043663039,-3.7135980219254945,0.044550586800185213,25442.599999999999,             28799,             57480,-4.0372081122298908,0.3337892186974814,-0.023207046550154597,0,0,0,0,0,0,0.99999587040787141,0.99977468050776552,0
2022-10-01,            340272,            323845,95.172391498565858,118.00135809267213,            378044,           1512176,77.791334923408314,         1460681.5,16473.432895863203,0.40902842088792279,20.655803932976767,19.447833730852079,3.0279963420461065, 2.967735687555848,0.0020754949700214631,-0.034978112970082353,         3.4313126,           1587000,           1276000,           3453400,           2744000,           9389700,          14613100,1344899.7754361883,1081343.4867401237,2926576.4867620245,2325396.9652154385,   7957281.2989371,0.84381712181650814,2.2837288781200074,3.1275459999365154,-0.76512257832421626,1.0494810127921617,6.2093962607527162, 1.814603591116378,9.6636238109849639,2.2683687135913466,662.70000000000005, 6.496322399094181,2.1422923504184421,3.0186115214180207,7.1327188968333344,-4.1141073754153137,0.054775833069504141,23175.400000000001,             26160,             50756,-4.1435670153346296,0.34011129023870196,-0.060260654490258414,0,0,0,0,0,0,0.99999724020240011,0.99984940841573589,0
2023-01-01,            342752,            328903,95.959469237232753,118.97723187943731,            378314,           1513256,76.609952958450975,         1476220.5,16602.112348510451,0.40962769287229234,20.645083758317771,19.152488239612744,3.0274772164050368,2.9524326413693731,-0.00051912564106970649,-0.015303046186474933,3.6594243999999998,           1613300,           1297100,           3567900,           2773300,           9419000,          14813600,1355973.7224638057,1090208.5882401303,2998809.0524878278,2330950.1794513557,7916640.7313497718,0.85715833936888408,2.3577636566450093,3.2149219960138935,-0.76655899596631372,1.0661117484417706,6.2243268819023347,1.8326707444080843, 9.789222709178091,2.2812820569836254,663.29999999999995,6.4972273765315105,2.1585003740422462,3.2986880466472304,6.7511654685452616,-3.4524774218980312,0.060454090780190289,22458.599999999999,             26441,             47317,-4.185566769915706,0.35848314759076982,-0.075044575035663641,0,0,0,0,0,0,0.9999981556339963,0.99989935507633088,0
2023-04-01,            344234,            334583,97.196383855168293,120.51084475248646,            383065,           1532260,76.032425334039672,           1494850,16722.741999999998,0.41017820682296069,20.584782088966033,19.008106333509918,3.0245520692521151,2.9448655373096799,-0.0029251471529216921,-0.007567104059693186,         3.7262255,           1606000,           1314200,           3625700,           2817400,           9703900,          15163500,1332660.1463117402,1090524.2616954476,3008608.8994286899,2337880.8818298234,8052304.3547910927,0.85768733765809979,2.3662433268505345,3.2239306645086341,-0.79059689608813122,1.0481249918421156,  6.33306357928811,1.8387218879302469, 9.896166446947646,2.2921474545675387,694.20000000000005,6.5427601034276863,2.2116002049981156,3.6078318249017416,6.1694499025727767,-2.5616180776710351,0.066337993444181578,22890.599999999999,             27972,             48927, -4.17905480040206,0.36374985370420942,-0.079686531942435135,0,0,0,0,0,0,0.99999875656851733,0.99993214519507945,0
2023-07-01,            343722,            338979,98.620105783161975,122.27607433644729,            388240,           1552960,75.455972061146511,         1506028.5, 16831.59079184341,0.41060787174428232,20.421242665106124,18.863993015286628,3.0165756661790408,2.9372549735281224,-0.0079764030730742341,-0.0076105637815575555,         3.7206782,           1658100,           1349500,           3634100,           2838400,           9850600,          15415000,1356029.7948703149,1103650.0863503348,2972045.0380183412,2321304.4869187032,8056032.2642479492,0.86898567896146717,2.3401117865237997,3.2090974654852671,-0.76003245415207088,1.0677029672367608,6.3431125077271791,1.8277354213888317, 9.926205439934062,2.2951782741033995,707.79999999999995, 6.562161567911363,2.2386122332633498,3.8666855966493929,5.5112593262924392,-1.6445737296430463,0.070672782283701052,24488.799999999999,             27046,             48417,-4.1190154623116788,0.35840080569285609,-0.079320692650918456,0,0,0,0,0,0,0.99999916536994271,0.99995445273761585,0
2023-10-01,            343878,            342317,99.546059939862388,123.42413677663353,            397169,           1588676,76.034752763546877,         1523606.5,16928.680096898202,0.41091674370909509,20.313337958522109,19.008688190886719,3.0112777125816872,2.9448961478534739,-0.0052979535973536329,0.0076411743253514963,3.7722823000000001,           1688100,           1402000,           3781400,           2869100,          10149700,          15934600,1367722.7518755379, 1135920.441993664,3063744.3362017409,2324585.8346105716,8223432.0328838024,0.88249586448086326,2.3802210142282001,3.2627168787090635,-0.74338631665613375,1.0625829306919725,6.3887790839667744,1.8059692473481062,10.030113125646764,2.3055918806387306,738.89999999999998,6.6051625937946019,2.2739720848212372,4.0152198421645995,4.5955222648392136,-0.58030242267461407,0.072513635562911835,26645.400000000001,             29359,             50003,-4.0462189729734783,0.3699377535848391,-0.066381564728213327,0,0,0,0,0,0,0.99999944221912496,0.99996956044363472,0
2024-01-01,            345941,            347397,100.42088101728329,124.50880086459351,            401401,           1605604,75.787670455223278,           1539802,17015.308709298904,0.41112790536105964, 20.33116212642927, 18.94691761380582,3.0121547891363272,2.9416412593959738,0.00087707655463997725,-0.0032548884575001047,         4.0909749,           1720100,           1459600,           3926900,           2911300,          10315500,          16316200,1381508.7672964199,1172286.6093516974,3153913.5970561663,2338228.2856985452,8284956.5077880472,0.90906599634779184,2.4457462736764484,3.3548122700242402,-0.74190149003116579,1.0713102358987645,6.4246850406451408,1.8132117259299305,10.162032481234476,2.3186584695091277,               768,6.6437897331476723,2.3158541126318077,4.1371858771043186,4.6492668368360413,-0.51208095973172263,0.075015939447172553,28368.599999999999,             28313,             48719,-3.9941262160126909,0.36754855125142799,-0.070513529740353409,0,0,0,0,0,0,0.99999962723667424,0.99997965713195724,0
2024-04-01,            344875,            350003,  101.486915549112,125.83054470804174,            405435,           1621740,75.399947082299477,           1556635,17093.228999999999,0.41126867607408407,20.176117689641906,18.849986770574869,3.0044996123559229,2.9365122120675067,-0.0076551767804042825,-0.0051290473284670846,4.1147036999999997,           1710700,           1486000,           3934100,           2969600,          10568200,          16592200,1359526.8175698125,1180953.3237322392,3126506.3734152098,2359999.3204274946, 8398755.663436776,0.91629977678296148,2.4258512461923614,3.3421510229753228,-0.77626499932171622,1.0548546622763204,6.5165809562568597,1.8311196615980367,10.231109795651584,2.3254330585029455,               786,6.6669567924292066,2.3441502192418096,4.1931783052244702,4.4142914826306612,-0.22111317740619096,0.076782112392828616,31208.900000000001,             29897,             52889,-3.9095784086276812,0.36113594085956563,-0.067987400288416211,0,0,0,0,0,0,0.99999974978968176,0.99998634514569662,0
2024-07-01,            345703,            353705,102.31470366181375,126.85689405130951,            416012,           1664048,76.417885754333895,           1573840,17165.511834696328,0.41136473527644318, 20.13939364751344,19.104471438583474,3.0026777799610005,2.9499224143859983,-0.0018218323949223958,0.01341020231849166,4.2042326000000001,           1771500,           1535500,           4080200,           3000200,          10619400,          16907000,1396455.4415808774,1210419.0406703004,3216380.1821836275,2365027.1610674276,8371165.0670753429,0.92274982452429255,2.4519725392536755, 3.374722363777968,-0.73838014288049381,1.0645726565579838,6.3816668749939902,1.8029527994384777,10.160163649125506,2.3184745492180086,817.60000000000002,6.7063732194494401, 2.370156443943551,4.1737607758620694,3.7462927557339709,0.42746802012809848,0.075250936750270309,33547.599999999999,             29468,             53635,-3.8483084461314259,0.35459610363043453,-0.052755365575002156,0,0,0,0,0,0,0.99999983205107257,0.99999083439780101,0
2024-10-01,            347257,            358131,103.13139835914035,127.86948900573046,            424218,           1696872,77.004138628799979,           1596927,17233.285646314918,0.41142032754123542,20.150365236605694,19.251034657199995,3.0032224141145587, 2.957564807715372,0.00054463415355820999,0.0076423933293736646,4.0839660999999996,           1828800,           1565800,           4144800,           3045900,          10873900,          17294300,1430208.2648645311,1224529.8015774733,3241430.0176129206,2382038.1419241447,8503905.1024225857,0.92275669584977538, 2.442612053236779,3.3653687490865543,-0.71726093659392109,1.0777477617639988,6.4082028579645369,1.7950086983579197,10.191870689126818,2.3215904112617634,             848.5,6.7434700846742812,2.3996109158390184,4.2205186320911938,3.6016879236043575,0.6188307084868363,0.075758676561853616,32619.700000000001,             29134,             54006,-3.8909200361238647,0.3504209766658648,-0.045657606399186701,0,0,0,0,0,0,0.99999988776023796,0.99999387463739342,0
