"term","estimate","std.error","statistic","p.value"
"(Intercept)",0.00496279722439654,0.00116747153042495,4.25089357218854,0.0000407090420833565
"ecm_lag",-0.0099013492279689,0.00607636596597715,-1.62948533439372,0.105668894182746
"d_lgdi",0.0106137426789202,0.0105965881549763,1.00161887238543,0.31841744976315
"d_log_unemployment",-0.205296618492027,0.0207047958034464,-9.91541382204087,0.0000000000000000152762648339604
"d_cci",-0.00934389259833003,0.00487534870429907,-1.91655882790304,0.0575231608037103
"d_cci_x_hw_ratio",0.0000385113711913342,0.0000359716140064337,1.07060448231336,0.286361913642696
"d_cci_x_real_rate",0.000372848285761591,0.00167593257797624,0.222472127256946,0.824300965169242
"d_lcons_yoy_lag",-0.174981833346658,0.0391256456230876,-4.47230532710757,0.0000168746549615349
