"specification","n_obs","aic","bic","adj_r2","sigma","adf_stat","adf_1pct","adf_5pct","adf_10pct","adf_reject_5pct"
"interactive_credit_spline",130,-673.489120267346,-639.078706861879,0.956865568321434,0.0172942099736871,-4.0296737377173,-3.46,-2.88,-2.57,TRUE
"separate_liquid_debt",130,-612.492672430196,-586.684862376096,0.929558590281857,0.0221005309163502,-2.94989331839213,-3.46,-2.88,-2.57,TRUE
"separate_liquid_debt_no_uncertainty",130,-603.442085782138,-580.501810178493,0.923932393923939,0.0229661692890849,-3.19513430144654,-3.46,-2.88,-2.57,TRUE
"interactive_credit",130,-614.168084679589,-579.757671274122,0.931923149911722,0.0217264321573567,-2.64353219266905,-3.46,-2.88,-2.57,FALSE
"separate_liquid_debt_no_credit",130,-598.936032201692,-575.995756598048,0.921249513999693,0.0233676645043515,-2.76163916031845,-3.46,-2.88,-2.57,FALSE
"net_liquid_assets",130,-443.48018966304,-420.539914059395,0.739631321069985,0.0424896405568694,-2.58064911011789,-3.46,-2.88,-2.57,FALSE
"augmented_muellbauer",78,-429.79862421097,-399.161409464005,0.977557041785789,0.0141619350566872,-2.61701731941657,-3.51,-2.89,-2.58,FALSE
