"term","estimate","std.error","statistic","p.value"
"(Intercept)",2.78720744200753,0.0553481254371915,50.3577568344284,0.0000000000000000000000000000000000000000000000000000000000000000000000000000000000173364952843765
"log_disposable_permanent_income_ratio",-0.133555462680262,0.101697320266049,-1.31326432526314,0.191558507178238
"housing_wealth_income_ratio",1.53521911349906,1.0969996183586,1.39947096407942,0.1642093252028
"illiquid_financial_income_ratio",-10.295614815955,1.74281768638163,-5.907453714984,0.0000000322159824486179
"liquid_assets_income_ratio",-120.185595802641,4.34591161192262,-27.6548642804706,0.00000000000000000000000000000000000000000000000000000218921689947264
"debt_income_ratio",27.5197511890792,3.91846541232248,7.02309406701341,0.000000000133363862989504
"unemployment_rate",-0.00763417070427002,0.00232041860720944,-3.28999719298535,0.00130996107339309
"credit_conditions_index",0.0418105209016742,0.010616888688631,3.93811427508387,0.000137200806808391
