"specification","n_obs","aic","bic","adj_r2","sigma","adf_stat","adf_1pct","adf_5pct","adf_10pct","adf_reject_5pct"
"interactive_credit_spline",145,-703.226684609507,-667.50587970046,0.951165981516478,0.0205032927299813,-3.76950075670252,-3.46,-2.88,-2.57,TRUE
"interactive_credit",145,-681.669283051231,-645.948478142184,0.943338276911914,0.0220855017021348,-3.65094056838959,-3.46,-2.88,-2.57,TRUE
"separate_liquid_debt_no_credit",145,-655.590731179749,-631.776861240385,0.930403831508633,0.0244768229285886,-3.13488922353123,-3.46,-2.88,-2.57,TRUE
"separate_liquid_debt",145,-656.239435261627,-629.448831579842,0.931164792563679,0.0243426409516435,-3.16486241150237,-3.46,-2.88,-2.57,TRUE
"separate_liquid_debt_no_uncertainty",145,-640.954053706287,-617.140183766922,0.923011803439682,0.0257439067624901,-3.08425384109225,-3.46,-2.88,-2.57,TRUE
"augmented_muellbauer",93,-536.488434792578,-503.564641381585,0.986295359818842,0.0126008030388082,-4.33150722457631,-3.51,-2.89,-2.58,TRUE
"net_liquid_assets",145,-507.792973333052,-483.979103393688,0.807132312440868,0.0407466695594092,-3.22488637248966,-3.46,-2.88,-2.57,TRUE
