"specification","n_obs","aic","bic","adj_r2","sigma","adf_stat","adf_1pct","adf_5pct","adf_10pct","adf_reject_5pct"
"net_liquid_assets",134,-643.03235654581,-619.849638146203,0.904240447886169,0.0212544682799314,-2.94160343332405,-3.46,-2.88,-2.57,TRUE
"separate_liquid_debt_no_credit",134,-642.823769332843,-619.641050933236,0.904091270480918,0.0212710172949843,-2.92924022358504,-3.46,-2.88,-2.57,TRUE
"separate_liquid_debt_no_uncertainty",134,-642.326447085645,-619.143728686037,0.903734657302763,0.0213105261434826,-2.99421047671038,-3.46,-2.88,-2.57,TRUE
"separate_liquid_debt",134,-641.319445713266,-615.238887513708,0.903687019012426,0.0213157984015875,-2.97796879062378,-3.46,-2.88,-2.57,TRUE
