"term","estimate","std.error","statistic","p.value"
"(Intercept)",-0.413201282165282,0.0458994963323955,-9.00230536677257,0.00000000000000274024948557507
"log_disposable_permanent_income_ratio",-0.10636664474171,0.0922792147900914,-1.15266092135335,0.25121456229267
"housing_wealth_income_ratio",-0.00366962715289796,0.00825800149100042,-0.444372304473077,0.657529742827303
"illiquid_financial_income_ratio",-0.00538448223784232,0.0139590018954683,-0.385735475800055,0.700337960043254
"net_liquid_assets_income_ratio",-0.67852723548757,0.0337128663581721,-20.1266551552978,0.0000000000000000000000000000000000000000250747279107634
"unemployment_rate",-0.00218531743922625,0.00207108696110064,-1.05515484393997,0.293357682544494
"credit_conditions_index",-0.185485763314863,0.0129230466209155,-14.3530986737029,0.000000000000000000000000000232699533889682
