"specification","n_obs","aic","bic","adj_r2","sigma","adf_stat","adf_1pct","adf_5pct","adf_10pct","adf_reject_5pct","sign_score"
"paper_interactive_no_demo",145,-285.450177369562,-252.706106202936,0.934262611890065,0.0868665647142402,-3.02904610538156,-3.46,-2.88,-2.57,TRUE,6
"diagnostic_spline",141,-285.032710559432,-249.647591874894,0.929168366406196,0.084231485633946,-4.42640363565741,-3.46,-2.88,-2.57,TRUE,7
"paper_interactive",93,-272.91956746138,-239.995774050388,0.853032896194755,0.0519768000583046,-3.40011936892524,-3.51,-2.89,-2.58,TRUE,7
"paper_cashflow",141,-264.854193792137,-235.366594888355,0.917192629487902,0.0910741923683944,-2.7687913904434,-3.46,-2.88,-2.57,FALSE,7
"paper_baseline",93,-209.028123040374,-181.169528615688,0.702375431087138,0.0739662941842374,-2.37708653848468,-3.51,-2.89,-2.58,FALSE,9
