"specification","n_obs","aic","bic","adj_r2","sigma","adf_stat","adf_1pct","adf_5pct","adf_10pct","adf_reject_5pct"
"separate_liquid_debt",130,-612.492672443163,-586.684862389062,0.929558590288883,0.022100530915248,-2.9498933185614,-3.46,-2.88,-2.57,TRUE
"separate_liquid_debt_no_uncertainty",130,-603.44208579337,-580.501810189725,0.923932393930512,0.0229661692880927,-3.19513430170953,-3.46,-2.88,-2.57,TRUE
"separate_liquid_debt_no_credit",130,-598.936032201693,-575.995756598048,0.921249513999693,0.0233676645043515,-2.76163916031845,-3.46,-2.88,-2.57,FALSE
"net_liquid_assets",130,-443.48018965468,-420.539914051036,0.739631321053243,0.0424896405582355,-2.58064911020474,-3.46,-2.88,-2.57,FALSE
