"window_end","horizon","target_date","actual_dlcons","forecast_dlcons","forecast_se","actual_lcons","forecast_lcons","spec_name"
2015-01-01,1,2015-04-01,0.0026387838266313,-0.0167074685532509,0.00538795126148904,9.61595968676492,9.59661343438504,"Spec11_LIVES_Headline"
2015-01-01,4,2016-01-01,0.00386268344003859,-0.0837552055214289,0.00538795126148904,9.62703047973885,9.41931118895697,"Spec11_LIVES_Headline"
2015-01-01,8,2017-01-01,0.000310795292557842,-0.301291486476057,0.00538795126148904,9.63320924557572,8.58578082771166,"Spec11_LIVES_Headline"
2015-04-01,1,2015-07-01,0.00570331868052776,-0.00697716300934183,0.00540813943534954,9.62166300544545,9.60898252375558,"Spec11_LIVES_Headline"
2015-04-01,4,2016-04-01,0.000897244943260489,-0.014420293145352,0.00540813943534954,9.62792772468211,9.57511713043553,"Spec11_LIVES_Headline"
2015-04-01,8,2017-04-01,0.00152994757351266,-0.0575989044299135,0.00540813943534954,9.63473919314924,9.4137093177655,"Spec11_LIVES_Headline"
2015-07-01,1,2015-10-01,0.00150479085336386,0.00605312508297637,0.00540828641578933,9.62316779629881,9.62771613052842,"Spec11_LIVES_Headline"
2015-07-01,4,2016-07-01,0.00203000553007016,0.0254042127076446,0.00540828641578933,9.62995773021218,9.68794023826925,"Spec11_LIVES_Headline"
2015-07-01,8,2017-07-01,0.00301751524172644,0.0472622274346405,0.00540828641578933,9.63775670839096,9.84991440340248,"Spec11_LIVES_Headline"
2015-10-01,1,2016-01-01,0.00386268344003859,0.00885946685742278,0.00538354116437999,9.62703047973885,9.63202726315624,"Spec11_LIVES_Headline"
2015-10-01,4,2016-10-01,0.00294072007098478,0.0214515039033267,0.00538354116437999,9.63289845028317,9.68249416272009,"Spec11_LIVES_Headline"
2015-10-01,8,2017-10-01,0.00630087072096153,0.0262844720093529,0.00538354116437999,9.64405757911192,9.77645706495399,"Spec11_LIVES_Headline"
2016-01-01,1,2016-04-01,0.000897244943260489,0.00900991164088708,0.0053607679036971,9.62792772468211,9.63604039137974,"Spec11_LIVES_Headline"
2016-01-01,4,2017-01-01,0.000310795292557842,0.00979962554505075,0.0053607679036971,9.63320924557572,9.66688627963178,"Spec11_LIVES_Headline"
2016-01-01,8,2018-01-01,0.00211653371390952,0.00859359939230279,0.0053607679036971,9.64617411282583,9.70531450410228,"Spec11_LIVES_Headline"
2016-04-01,1,2016-07-01,0.00203000553007016,0.00152248603611436,0.0053513323936667,9.62995773021218,9.62945021071823,"Spec11_LIVES_Headline"
2016-04-01,4,2017-04-01,0.00152994757351266,-0.00569909626457288,0.0053513323936667,9.63473919314924,9.62447695256285,"Spec11_LIVES_Headline"
2016-04-01,8,2018-04-01,0.00255947356622244,-0.00448805521764896,0.0053513323936667,9.64873358639206,9.5996826915304,"Spec11_LIVES_Headline"
2016-07-01,1,2016-10-01,0.00294072007098478,0.00347629375338603,0.00532317105282845,9.63289845028317,9.63343402396557,"Spec11_LIVES_Headline"
2016-07-01,4,2017-07-01,0.00301751524172644,-0.00501888095263382,0.00532317105282845,9.63775670839096,9.62151986198283,"Spec11_LIVES_Headline"
2016-07-01,8,2018-07-01,-0.00262925887424004,-0.0028077607918937,0.00532317105282845,9.64610432751782,9.60184433025477,"Spec11_LIVES_Headline"
2016-10-01,1,2017-01-01,0.000310795292557842,-0.00218636996315123,0.00529547699662198,9.63320924557572,9.63071208032001,"Spec11_LIVES_Headline"
2016-10-01,4,2017-10-01,0.00630087072096153,-0.00603469383251503,0.00529547699662198,9.64405757911192,9.61367940590583,"Spec11_LIVES_Headline"
2016-10-01,8,2018-10-01,-0.00115999594047977,-0.00306558701112525,0.00529547699662198,9.64494433157734,9.59505610141289,"Spec11_LIVES_Headline"
2017-01-01,1,2017-04-01,0.00152994757351266,-0.00407327605116784,0.00527040849900319,9.63473919314924,9.62913596952456,"Spec11_LIVES_Headline"
2017-01-01,4,2018-01-01,0.00211653371390952,-0.0063316694068101,0.00527040849900319,9.64617411282583,9.61456180296773,"Spec11_LIVES_Headline"
2017-01-01,8,2019-01-01,-0.000999312088630688,0.000442312473867197,0.00527040849900319,9.64394501948871,9.60833592098744,"Spec11_LIVES_Headline"
2017-04-01,1,2017-07-01,0.00301751524172644,-0.00172126411786386,0.00525726116569047,9.63775670839096,9.63301792903137,"Spec11_LIVES_Headline"
2017-04-01,4,2018-04-01,0.00255947356622244,-0.000573349748935411,0.00525726116569047,9.64873358639206,9.6269837840322,"Spec11_LIVES_Headline"
2017-04-01,8,2019-04-01,-0.000600710546352801,-0.00103194297728146,0.00525726116569047,9.64334430894235,9.62696613776249,"Spec11_LIVES_Headline"
2017-07-01,1,2017-10-01,0.00630087072096153,-0.000131001203144436,0.00524202810197628,9.64405757911192,9.63762570718782,"Spec11_LIVES_Headline"
2017-07-01,4,2018-07-01,-0.00262925887424004,0.00145880103377059,0.00524202810197628,9.64610432751782,9.63785095695286,"Spec11_LIVES_Headline"
2017-07-01,8,2019-07-01,-0.00558461233269902,0.00396696130646207,0.00524202810197628,9.63775969660965,9.6447712741068,"Spec11_LIVES_Headline"
2017-10-01,1,2018-01-01,0.00211653371390952,-0.000577885754914954,0.00523733096946803,9.64617411282583,9.64347969335701,"Spec11_LIVES_Headline"
2017-10-01,4,2018-10-01,-0.00115999594047977,0.00201565284877622,0.00523733096946803,9.64494433157734,9.65064798526549,"Spec11_LIVES_Headline"
2017-10-01,8,2019-10-01,-0.000681058957608727,0.00215548042401908,0.00523733096946803,9.63707863765205,9.65938734953482,"Spec11_LIVES_Headline"
2018-01-01,1,2018-04-01,0.00255947356622244,0.00278374435151782,0.00521547976732686,9.64873358639206,9.64895785717735,"Spec11_LIVES_Headline"
2018-01-01,4,2019-01-01,-0.000999312088630688,0.0033255697519022,0.00521547976732686,9.64394501948871,9.65784750489537,"Spec11_LIVES_Headline"
2018-01-01,8,2020-01-01,-0.017680643359224,0.00316297844404678,0.00521547976732686,9.61939799429282,9.66703517821452,"Spec11_LIVES_Headline"
2018-04-01,1,2018-07-01,-0.00262925887424004,0.00311990278368691,0.00518988133724289,9.64610432751782,9.65185348917574,"Spec11_LIVES_Headline"
2018-04-01,4,2019-04-01,-0.000600710546352801,0.0000293437179221199,0.00518988133724289,9.64334430894235,9.65753689666797,"Spec11_LIVES_Headline"
2018-04-01,8,2020-04-01,-0.138590030065481,0.00722945166979949,0.00518988133724289,9.48080796422734,9.67358674442978,"Spec11_LIVES_Headline"
2018-07-01,1,2018-10-01,-0.00115999594047977,0.00159661939907025,0.00518493605817247,9.64494433157734,9.64770094691689,"Spec11_LIVES_Headline"
2018-07-01,4,2019-07-01,-0.00558461233269902,0.00164313045937612,0.00518493605817247,9.63775969660965,9.64997823913489,"Spec11_LIVES_Headline"
2018-07-01,8,2020-07-01,0.0731272892111381,0.0113774852665244,0.00518493605817247,9.55393525343848,9.66364452715376,"Spec11_LIVES_Headline"
2018-10-01,1,2019-01-01,-0.000999312088630688,0.00144981174898657,0.00516446707833807,9.64394501948871,9.64639414332632,"Spec11_LIVES_Headline"
2018-10-01,4,2019-10-01,-0.000681058957608727,-0.00262384179457457,0.00516446707833807,9.63707863765205,9.6421796358871,"Spec11_LIVES_Headline"
2018-10-01,8,2020-10-01,0.0452070349225622,0.00258292371323054,0.00516446707833807,9.59914228836104,9.65263620368605,"Spec11_LIVES_Headline"
2019-01-01,1,2019-04-01,-0.000600710546352801,-0.0030585880362762,0.0051427213020822,9.64334430894235,9.64088643145243,"Spec11_LIVES_Headline"
2019-01-01,4,2020-01-01,-0.017680643359224,-0.00632601025160142,0.0051427213020822,9.61939799429282,9.62875444220803,"Spec11_LIVES_Headline"
2019-01-01,8,2021-01-01,0.0136929067858915,0.0074618029772298,0.0051427213020822,9.61283519514693,9.64115599441803,"Spec11_LIVES_Headline"
2019-04-01,1,2019-07-01,-0.00558461233269902,0.000397237909535292,0.00512111265247937,9.63775969660965,9.64374154685189,"Spec11_LIVES_Headline"
2019-04-01,4,2020-04-01,-0.138590030065481,0.00182056076400646,0.00512111265247937,9.48080796422734,9.63918595186879,"Spec11_LIVES_Headline"
2019-04-01,8,2021-04-01,0.00898992302959378,0.00580234472662552,0.00512111265247937,9.62182511817653,9.6661077778409,"Spec11_LIVES_Headline"
2019-07-01,1,2019-10-01,-0.000681058957608727,-0.00693800414938906,0.00511074153809097,9.63707863765205,9.63082169246027,"Spec11_LIVES_Headline"
2019-07-01,4,2020-07-01,0.0731272892111381,0.00257911249748084,0.00511074153809097,9.55393525343848,9.62134931971617,"Spec11_LIVES_Headline"
2019-07-01,8,2021-07-01,-0.0494506669498289,0.0153275626701167,0.00511074153809097,9.5723744512267,9.64027922032187,"Spec11_LIVES_Headline"
2019-10-01,1,2020-01-01,-0.017680643359224,-0.0049093665115147,0.00509991687371006,9.61939799429282,9.63216927114053,"Spec11_LIVES_Headline"
2019-10-01,4,2020-10-01,0.0452070349225622,0.000948738667610015,0.00509991687371006,9.59914228836104,9.64067466887988,"Spec11_LIVES_Headline"
2019-10-01,8,2021-10-01,0.0601991404445705,0.0133935179685592,0.00509991687371006,9.63257359167127,9.68643170709651,"Spec11_LIVES_Headline"
2020-01-01,1,2020-04-01,-0.138590030065481,-0.00425475889215134,0.00513008959389476,9.48080796422734,9.61514323540067,"Spec11_LIVES_Headline"
2020-01-01,4,2021-01-01,0.0136929067858915,0.00394229774655463,0.00513008959389476,9.61283519514693,9.61504764346174,"Spec11_LIVES_Headline"
2020-01-01,8,2022-01-01,0.0189170452596095,0.0105073567442739,0.00513008959389476,9.65149063693088,9.65205676538046,"Spec11_LIVES_Headline"
2020-04-01,1,2020-07-01,0.0731272892111381,0.0364659148311022,0.00513008959389476,9.55393525343848,9.51727387905844,"Spec11_LIVES_Headline"
2020-04-01,4,2021-04-01,0.00898992302959378,0.0156484201062021,0.00513008959389476,9.62182511817653,9.57865946072052,"Spec11_LIVES_Headline"
2020-04-01,8,2022-04-01,0.0138864759168875,0.00662136206787004,0.00513008959389476,9.66537711284776,9.64398432793986,"Spec11_LIVES_Headline"
2020-07-01,1,2020-10-01,0.0452070349225622,0.0125106376587224,0.00513008959389476,9.59914228836104,9.5664458910972,"Spec11_LIVES_Headline"
2020-07-01,4,2021-07-01,-0.0494506669498289,0.020221667601725,0.00513008959389476,9.5723744512267,9.61308241262972,"Spec11_LIVES_Headline"
2020-07-01,8,2022-07-01,0.00426375818649305,0.00459333679247076,0.00513008959389476,9.66964087103426,9.65258774250372,"Spec11_LIVES_Headline"
2020-10-01,1,2021-01-01,0.0136929067858915,0.0398811099624823,0.00513008959389476,9.61283519514693,9.63902339832352,"Spec11_LIVES_Headline"
2020-10-01,4,2021-10-01,0.0601991404445705,0.00771442910237992,0.00513008959389476,9.63257359167127,9.65083674488685,"Spec11_LIVES_Headline"
2020-10-01,8,2022-10-01,0.00272886521546845,-0.00493074435074181,0.00513008959389476,9.67236973624973,9.65613949489674,"Spec11_LIVES_Headline"
2021-01-01,1,2021-04-01,0.00898992302959378,0.00150703960347286,0.00536705159896101,9.62182511817653,9.6143422347504,"Spec11_LIVES_Headline"
2021-01-01,4,2022-01-01,0.0189170452596095,0.01131949893664,0.00536705159896101,9.65149063693088,9.64801000740867,"Spec11_LIVES_Headline"
2021-01-01,8,2023-01-01,-0.000902289187150629,-0.00754775013745943,0.00536705159896101,9.67146744706258,9.63925283685754,"Spec11_LIVES_Headline"
2021-04-01,1,2021-07-01,-0.0494506669498289,0.0182729345640813,0.00535349329852917,9.5723744512267,9.64009805274061,"Spec11_LIVES_Headline"
2021-04-01,4,2022-04-01,0.0138864759168875,0.00165781633111665,0.00535349329852917,9.66537711284776,9.66788311723053,"Spec11_LIVES_Headline"
2021-04-01,8,2023-04-01,-0.00295094513243832,-0.00753019728548086,0.00535349329852917,9.66851650193014,9.64940748476605,"Spec11_LIVES_Headline"
2021-07-01,1,2021-10-01,0.0601991404445705,0.00152383090054928,0.00627114522535673,9.63257359167127,9.57389828212725,"Spec11_LIVES_Headline"
2021-07-01,4,2022-07-01,0.00426375818649305,0.0127286762127162,0.00627114522535673,9.66964087103426,9.59795813833962,"Spec11_LIVES_Headline"
2021-07-01,8,2023-07-01,-0.00870455176861107,0.000104709550815777,0.00627114522535673,9.65981195016153,9.62843664023527,"Spec11_LIVES_Headline"
2021-10-01,1,2022-01-01,0.0189170452596095,0.0109474624778822,0.0070186355104301,9.65149063693088,9.64352105414915,"Spec11_LIVES_Headline"
2021-10-01,4,2022-10-01,0.00272886521546845,0.0136467917939788,0.0070186355104301,9.67236973624973,9.6834416453073,"Spec11_LIVES_Headline"
2021-10-01,8,2023-10-01,-0.00578503065892377,-0.00708239583642648,0.0070186355104301,9.6540269195026,9.68561567845618,"Spec11_LIVES_Headline"
2022-01-01,1,2022-04-01,0.0138864759168875,0.0151469833529008,0.00700699977588456,9.66537711284776,9.66663762028378,"Spec11_LIVES_Headline"
2022-01-01,4,2023-01-01,-0.000902289187150629,0.0093086132757748,0.00700699977588456,9.67146744706258,9.70176684295667,"Spec11_LIVES_Headline"
2022-01-01,8,2024-01-01,-0.000433469895900984,0.000991646521461207,0.00700699977588456,9.6535934496067,9.69702073558743,"Spec11_LIVES_Headline"
2022-04-01,1,2022-07-01,0.00426375818649305,0.0114947785764809,0.00697698507045998,9.66964087103426,9.67687189142424,"Spec11_LIVES_Headline"
2022-04-01,4,2023-04-01,-0.00295094513243832,0.00409300133117038,0.00697698507045998,9.66851650193014,9.70392783176154,"Spec11_LIVES_Headline"
2022-04-01,8,2024-04-01,-0.00773596847638736,-0.00365182016450502,0.00697698507045998,9.64585748113031,9.69159816175409,"Spec11_LIVES_Headline"
2022-07-01,1,2022-10-01,0.00272886521546845,0.0131880882484134,0.00696461915090204,9.67236973624973,9.68282895928267,"Spec11_LIVES_Headline"
2022-07-01,4,2023-07-01,-0.00870455176861107,-0.00155874889497573,0.00696461915090204,9.65981195016153,9.69525628915488,"Spec11_LIVES_Headline"
2022-07-01,8,2024-07-01,-0.00184946965238098,-0.00556605871737125,0.00696461915090204,9.64400801147793,9.68336224431967,"Spec11_LIVES_Headline"
2022-10-01,1,2023-01-01,-0.000902289187150629,0.00823991421872218,0.00697041878579439,9.67146744706258,9.68060965046845,"Spec11_LIVES_Headline"
2022-10-01,4,2023-10-01,-0.00578503065892377,-0.00438369243773925,0.00697041878579439,9.6540269195026,9.67962846926246,"Spec11_LIVES_Headline"
2022-10-01,8,2024-10-01,0.00160016896282933,-0.00363084177874894,0.00697041878579439,9.64560818044076,9.67056441442404,"Spec11_LIVES_Headline"
2023-01-01,1,2023-04-01,-0.00295094513243832,0.00481525168144546,0.00697245363566947,9.66851650193014,9.67628269874402,"Spec11_LIVES_Headline"
2023-01-01,4,2024-01-01,-0.000433469895900984,0.00138537832646544,0.00697245363566947,9.6535934496067,9.67056898173605,"Spec11_LIVES_Headline"
2023-04-01,1,2023-07-01,-0.00870455176861107,-0.00308694248664472,0.00696376470722098,9.65981195016153,9.66542955944349,"Spec11_LIVES_Headline"
2023-04-01,4,2024-04-01,-0.00773596847638736,-0.00456457743467059,0.00696376470722098,9.64585748113031,9.65521821966925,"Spec11_LIVES_Headline"
2023-07-01,1,2023-10-01,-0.00578503065892377,-0.00660516781906493,0.00694565020425823,9.6540269195026,9.65320678234246,"Spec11_LIVES_Headline"
2023-07-01,4,2024-07-01,-0.00184946965238098,-0.00589717436568049,0.00694565020425823,9.64400801147793,9.64221353956063,"Spec11_LIVES_Headline"
2023-10-01,1,2024-01-01,-0.000433469895900984,0.0000561877806152246,0.00691711288477754,9.6535934496067,9.65408310728322,"Spec11_LIVES_Headline"
2023-10-01,4,2024-10-01,0.00160016896282933,-0.00434491863646504,0.00691711288477754,9.64560818044076,9.63882543776905,"Spec11_LIVES_Headline"
2015-01-01,1,2015-04-01,0.0026387838266313,-0.00261352803448303,0.00540969079411792,9.61595968676492,9.6107073749038,"Spec6_Preferred"
2015-01-01,4,2016-01-01,0.00386268344003859,-0.00160428261697584,0.00540969079411792,9.62703047973885,9.60787929232102,"Spec6_Preferred"
2015-01-01,8,2017-01-01,0.000310795292557842,0.0195625186490202,0.00540969079411792,9.63320924557572,9.65431485142475,"Spec6_Preferred"
2015-04-01,1,2015-07-01,0.00570331868052776,0.00650453532951184,0.00533243686948835,9.62166300544545,9.62246422209443,"Spec6_Preferred"
2015-04-01,4,2016-04-01,0.000897244943260489,0.0282617740825281,0.00533243686948835,9.62792772468211,9.67597852036292,"Spec6_Preferred"
2015-04-01,8,2017-04-01,0.00152994757351266,0.0833644961636299,0.00533243686948835,9.63473919314924,9.93728301356991,"Spec6_Preferred"
2015-07-01,1,2015-10-01,0.00150479085336386,0.00955340550168272,0.00524880343738773,9.62316779629881,9.63121641094713,"Spec6_Preferred"
2015-07-01,4,2016-07-01,0.00203000553007016,0.0399473864858953,0.00524880343738773,9.62995773021218,9.71022144565056,"Spec6_Preferred"
2015-07-01,8,2017-07-01,0.00301751524172644,0.0853800135121242,0.00524880343738773,9.63775670839096,9.99764634601605,"Spec6_Preferred"
2015-10-01,1,2016-01-01,0.00386268344003859,0.0031533035062748,0.00520189670558109,9.62703047973885,9.62632109980509,"Spec6_Preferred"
2015-10-01,4,2016-10-01,0.00294072007098478,0.0285954252652427,0.00520189670558109,9.63289845028317,9.68698616370858,"Spec6_Preferred"
2015-10-01,8,2017-10-01,0.00630087072096153,0.0485486942218442,0.00520189670558109,9.64405757911192,9.85492589077483,"Spec6_Preferred"
2016-01-01,1,2016-04-01,0.000897244943260489,0.0121834236085998,0.00512506662156206,9.62792772468211,9.63921390334745,"Spec6_Preferred"
2016-01-01,4,2017-01-01,0.000310795292557842,0.039158094361268,0.00512506662156206,9.63320924557572,9.7296065208492,"Spec6_Preferred"
2016-01-01,8,2018-01-01,0.00211653371390952,0.0489766085714093,0.00512506662156206,9.64617411282583,9.91437670974116,"Spec6_Preferred"
2016-04-01,1,2016-07-01,0.00203000553007016,0.0111957759939939,0.00513193350777442,9.62995773021218,9.6391235006761,"Spec6_Preferred"
2016-04-01,4,2017-04-01,0.00152994757351266,0.0216925959774547,0.00513193350777442,9.63473919314924,9.698486199203,"Spec6_Preferred"
2016-04-01,8,2018-04-01,0.00255947356622244,0.0245209310487818,0.00513193350777442,9.64873358639206,9.80608904298429,"Spec6_Preferred"
2016-07-01,1,2016-10-01,0.00294072007098478,0.00788869578768282,0.00511653029758247,9.63289845028317,9.63784642599986,"Spec6_Preferred"
2016-07-01,4,2017-07-01,0.00301751524172644,0.012901980434794,0.00511653029758247,9.63775670839096,9.67469340407614,"Spec6_Preferred"
2016-07-01,8,2018-07-01,-0.00262925887424004,0.0150722831988381,0.00511653029758247,9.64610432751782,9.73786735247634,"Spec6_Preferred"
2016-10-01,1,2017-01-01,0.000310795292557842,0.00904188854725762,0.00506839311562765,9.63320924557572,9.64194033883042,"Spec6_Preferred"
2016-10-01,4,2017-10-01,0.00630087072096153,0.0116764630535917,0.00506839311562765,9.64405757911192,9.66835291815382,"Spec6_Preferred"
2016-10-01,8,2018-10-01,-0.00115999594047977,0.0102365689617349,0.00506839311562765,9.64494433157734,9.71143943073156,"Spec6_Preferred"
2017-01-01,1,2017-04-01,0.00152994757351266,0.000670500868069174,0.00507316664570265,9.63473919314924,9.63387974644379,"Spec6_Preferred"
2017-01-01,4,2018-01-01,0.00211653371390952,0.00528623727222472,0.00507316664570265,9.64617411282583,9.64457996555666,"Spec6_Preferred"
2017-01-01,8,2019-01-01,-0.000999312088630688,0.00320848097738891,0.00507316664570265,9.64394501948871,9.65857265578406,"Spec6_Preferred"
2017-04-01,1,2017-07-01,0.00301751524172644,0.00188176269383118,0.00500848662414743,9.63775670839096,9.63662095584307,"Spec6_Preferred"
2017-04-01,4,2018-04-01,0.00255947356622244,0.00252778554662491,0.00500848662414743,9.64873358639206,9.6492927921113,"Spec6_Preferred"
2017-04-01,8,2019-04-01,-0.000600710546352801,0.00134353136866823,0.00500848662414743,9.64334430894235,9.66328331594812,"Spec6_Preferred"
2017-07-01,1,2017-10-01,0.00630087072096153,0.00496536910811191,0.00494708938584404,9.64405757911192,9.64272207749907,"Spec6_Preferred"
2017-07-01,4,2018-07-01,-0.00262925887424004,0.00527469407728626,0.00494708938584404,9.64610432751782,9.65742610069822,"Spec6_Preferred"
2017-07-01,8,2019-07-01,-0.00558461233269902,0.00476803781287255,0.00494708938584404,9.63775969660965,9.67341653678459,"Spec6_Preferred"
2017-10-01,1,2018-01-01,0.00211653371390952,0.00675449234037038,0.00488871729065961,9.64617411282583,9.6508120714523,"Spec6_Preferred"
2017-10-01,4,2018-10-01,-0.00115999594047977,0.00586223187690875,0.00488871729065961,9.64494433157734,9.66614096070875,"Spec6_Preferred"
2017-10-01,8,2019-10-01,-0.000681058957608727,0.00875309824130169,0.00488871729065961,9.63707863765205,9.68695918375386,"Spec6_Preferred"
2018-01-01,1,2018-04-01,0.00255947356622244,0.0021532567049714,0.00485788784301593,9.64873358639206,9.64832736953081,"Spec6_Preferred"
2018-01-01,4,2019-01-01,-0.000999312088630688,0.00218682778469499,0.00485788784301593,9.64394501948871,9.65838900155642,"Spec6_Preferred"
2018-01-01,8,2020-01-01,-0.017680643359224,0.00400353981007617,0.00485788784301593,9.61939799429282,9.67521676183342,"Spec6_Preferred"
2018-04-01,1,2018-07-01,-0.00262925887424004,0.004305700246842,0.00480130384425526,9.64610432751782,9.6530392866389,"Spec6_Preferred"
2018-04-01,4,2019-04-01,-0.000600710546352801,0.000889680907040066,0.00480130384425526,9.64334430894235,9.66019015537296,"Spec6_Preferred"
2018-04-01,8,2020-04-01,-0.138590030065481,0.00243254491285978,0.00480130384425526,9.48080796422734,9.67886822799587,"Spec6_Preferred"
2018-07-01,1,2018-10-01,-0.00115999594047977,0.00133299061728256,0.00481115969449684,9.64494433157734,9.6474373181351,"Spec6_Preferred"
2018-07-01,4,2019-07-01,-0.00558461233269902,0.00312120444185417,0.00481115969449684,9.63775969660965,9.64772360089881,"Spec6_Preferred"
2018-07-01,8,2020-07-01,0.0731272892111381,0.0164396967887097,0.00481115969449684,9.55393525343848,9.67797022021759,"Spec6_Preferred"
2018-10-01,1,2019-01-01,-0.000999312088630688,-0.00194167093221715,0.00476534147098766,9.64394501948871,9.64300266064512,"Spec6_Preferred"
2018-10-01,4,2019-10-01,-0.000681058957608727,0.00624146552634967,0.00476534147098766,9.63707863765205,9.64945470295558,"Spec6_Preferred"
2018-10-01,8,2020-10-01,0.0452070349225622,0.0184485292846407,0.00476534147098766,9.59914228836104,9.69232665364629,"Spec6_Preferred"
2019-01-01,1,2019-04-01,-0.000600710546352801,-0.00240171748918033,0.0047142505819254,9.64334430894235,9.64154330199953,"Spec6_Preferred"
2019-01-01,4,2020-01-01,-0.017680643359224,0.00466444343777722,0.0047142505819254,9.61939799429282,9.65562049192594,"Spec6_Preferred"
2019-01-01,8,2021-01-01,0.0136929067858915,0.0237444158406647,0.0047142505819254,9.61283519514693,9.71733844165385,"Spec6_Preferred"
2019-04-01,1,2019-07-01,-0.00558461233269902,0.00333895107472679,0.00466814421341671,9.63775969660965,9.64668326001708,"Spec6_Preferred"
2019-04-01,4,2020-04-01,-0.138590030065481,0.00331777095373147,0.00466814421341671,9.48080796422734,9.66097493158599,"Spec6_Preferred"
2019-04-01,8,2021-04-01,0.00898992302959378,0.0224897665626243,0.00466814421341671,9.62182511817653,9.74237740805779,"Spec6_Preferred"
2019-07-01,1,2019-10-01,-0.000681058957608727,0.00493120139380016,0.00473055198540956,9.63707863765205,9.64269089800345,"Spec6_Preferred"
2019-07-01,4,2020-07-01,0.0731272892111381,0.0122931535480714,0.00473055198540956,9.55393525343848,9.65896853258562,"Spec6_Preferred"
2019-07-01,8,2021-07-01,-0.0494506669498289,0.0300992599645197,0.00473055198540956,9.5723744512267,9.75120355325034,"Spec6_Preferred"
2019-10-01,1,2020-01-01,-0.017680643359224,0.0038088644009956,0.00472795601098398,9.61939799429282,9.64088750205304,"Spec6_Preferred"
2019-10-01,4,2020-10-01,0.0452070349225622,0.0139244779426955,0.00472795601098398,9.59914228836104,9.66212876907748,"Spec6_Preferred"
2019-10-01,8,2021-10-01,0.0601991404445705,0.0313519642583584,0.00472795601098398,9.63257359167127,9.7651356428277,"Spec6_Preferred"
2020-01-01,1,2020-04-01,-0.138590030065481,-0.00936963912718399,0.00531035754378977,9.48080796422734,9.61002835516564,"Spec6_Preferred"
2020-01-01,4,2021-01-01,0.0136929067858915,0.00932017508440449,0.00531035754378977,9.61283519514693,9.62510140910359,"Spec6_Preferred"
2020-01-01,8,2022-01-01,0.0189170452596095,0.0329720421737389,0.00531035754378977,9.65149063693088,9.71335583756763,"Spec6_Preferred"
2020-04-01,1,2020-07-01,0.0731272892111381,-0.00240552073853313,0.00531035754378977,9.55393525343848,9.47840244348881,"Spec6_Preferred"
2020-04-01,4,2021-04-01,0.00898992302959378,0.0143810120833565,0.00531035754378977,9.62182511817653,9.50752447592492,"Spec6_Preferred"
2020-04-01,8,2022-04-01,0.0138864759168875,0.0269976418183882,0.00531035754378977,9.66537711284776,9.60465503482644,"Spec6_Preferred"
2020-07-01,1,2020-10-01,0.0452070349225622,0.00686941593252336,0.00531035754378977,9.59914228836104,9.560804669371,"Spec6_Preferred"
2020-07-01,4,2021-07-01,-0.0494506669498289,0.0153965399646899,0.00531035754378977,9.5723744512267,9.60005400030834,"Spec6_Preferred"
2020-07-01,8,2022-07-01,0.00426375818649305,0.0312334399213495,0.00531035754378977,9.66964087103426,9.71520788207166,"Spec6_Preferred"
2020-10-01,1,2021-01-01,0.0136929067858915,0.0475411146323885,0.00531035754378977,9.61283519514693,9.64668340299343,"Spec6_Preferred"
2020-10-01,4,2021-10-01,0.0601991404445705,0.0243420154784377,0.00531035754378977,9.63257359167127,9.70242300722169,"Spec6_Preferred"
2020-10-01,8,2022-10-01,0.00272886521546845,0.0288312745551449,0.00531035754378977,9.67236973624973,9.82427791262105,"Spec6_Preferred"
2021-01-01,1,2021-04-01,0.00898992302959378,0.0277838800489006,0.00577612131170662,9.62182511817653,9.64061907519583,"Spec6_Preferred"
2021-01-01,4,2022-01-01,0.0189170452596095,0.0381378053934482,0.00577612131170662,9.65149063693088,9.73107104813473,"Spec6_Preferred"
2021-01-01,8,2023-01-01,-0.000902289187150629,0.00952559724659399,0.00577612131170662,9.67146744706258,9.7974180942439,"Spec6_Preferred"
2021-04-01,1,2021-07-01,-0.0494506669498289,0.00729143217840174,0.00582515680926459,9.5723744512267,9.62911655035493,"Spec6_Preferred"
2021-04-01,4,2022-04-01,0.0138864759168875,0.0145596879274745,0.00582515680926459,9.66537711284776,9.68462992662925,"Spec6_Preferred"
2021-04-01,8,2023-04-01,-0.00295094513243832,0.0186789625999602,0.00582515680926459,9.66851650193014,9.75738792388341,"Spec6_Preferred"
2021-07-01,1,2021-10-01,0.0601991404445705,-0.0223287065583528,0.00723183199736614,9.63257359167127,9.55004574466834,"Spec6_Preferred"
2021-07-01,4,2022-07-01,0.00426375818649305,-0.00870821604012547,0.00723183199736614,9.66964087103426,9.51629676104708,"Spec6_Preferred"
2021-07-01,8,2023-07-01,-0.00870455176861107,0.0015023971015644,0.00723183199736614,9.65981195016153,9.4920821436379,"Spec6_Preferred"
2021-10-01,1,2022-01-01,0.0189170452596095,0.00854791905702421,0.00943889769652261,9.65149063693088,9.64112151072829,"Spec6_Preferred"
2021-10-01,4,2022-10-01,0.00272886521546845,0.00637035131788628,0.00943889769652261,9.67236973624973,9.66123183604609,"Spec6_Preferred"
2021-10-01,8,2023-10-01,-0.00578503065892377,0.0222320222624996,0.00943889769652261,9.6540269195026,9.71681639744559,"Spec6_Preferred"
2022-01-01,1,2022-04-01,0.0138864759168875,0.00896296642582614,0.00939103728339038,9.66537711284776,9.6604536033567,"Spec6_Preferred"
2022-01-01,4,2023-01-01,-0.000902289187150629,0.00724529293701164,0.00939103728339038,9.67146744706258,9.6841987088678,"Spec6_Preferred"
2022-01-01,8,2024-01-01,-0.000433469895900984,0.0232706280927238,0.00939103728339038,9.6535934496067,9.75972869847075,"Spec6_Preferred"
2022-04-01,1,2022-07-01,0.00426375818649305,0.0111922912329345,0.00931605639481508,9.66964087103426,9.6765694040807,"Spec6_Preferred"
2022-04-01,4,2023-04-01,-0.00295094513243832,0.0166117008526729,0.00931605639481508,9.66851650193014,9.71157632335689,"Spec6_Preferred"
2022-04-01,8,2024-04-01,-0.00773596847638736,0.0153599157180294,0.00931605639481508,9.64585748113031,9.78917910219359,"Spec6_Preferred"
2022-07-01,1,2022-10-01,0.00272886521546845,0.0078176862917426,0.00925786237011422,9.67236973624973,9.677458557326,"Spec6_Preferred"
2022-07-01,4,2023-07-01,-0.00870455176861107,0.0133075324841032,0.00925786237011422,9.65981195016153,9.7141473125206,"Spec6_Preferred"
2022-07-01,8,2024-07-01,-0.00184946965238098,0.0241620870192283,0.00925786237011422,9.64400801147793,9.79839833438257,"Spec6_Preferred"
2022-10-01,1,2023-01-01,-0.000902289187150629,0.00610728568687309,0.00918984026944307,9.67146744706258,9.6784770219366,"Spec6_Preferred"
2022-10-01,4,2023-10-01,-0.00578503065892377,0.0221524054048504,0.00918984026944307,9.6540269195026,9.72797950972144,"Spec6_Preferred"
2022-10-01,8,2024-10-01,0.00160016896282933,0.0149972269508328,0.00918984026944307,9.64560818044076,9.79955105132616,"Spec6_Preferred"
2023-01-01,1,2023-04-01,-0.00295094513243832,0.013890361135847,0.00914042998647704,9.66851650193014,9.68535780819842,"Spec6_Preferred"
2023-01-01,4,2024-01-01,-0.000433469895900984,0.0193100591440294,0.00914042998647704,9.6535934496067,9.73556469460446,"Spec6_Preferred"
2023-04-01,1,2023-07-01,-0.00870455176861107,0.00698649699033476,0.00922137400809101,9.65981195016153,9.67550299892047,"Spec6_Preferred"
2023-04-01,4,2024-04-01,-0.00773596847638736,0.00597610755173132,0.00922137400809101,9.64585748113031,9.71036995271416,"Spec6_Preferred"
2023-07-01,1,2023-10-01,-0.00578503065892377,0.0113489256450792,0.00928417681299356,9.6540269195026,9.6711608758066,"Spec6_Preferred"
2023-07-01,4,2024-07-01,-0.00184946965238098,0.0110166296858354,0.00928417681299356,9.64400801147793,9.69517613390631,"Spec6_Preferred"
2023-10-01,1,2024-01-01,-0.000433469895900984,0.0062395635615838,0.00935139124836841,9.6535934496067,9.66026648306419,"Spec6_Preferred"
2023-10-01,4,2024-10-01,0.00160016896282933,0.00117604468730132,0.00935139124836841,9.64560818044076,9.66883430923958,"Spec6_Preferred"
2015-01-01,1,2015-04-01,0.0026387838266313,-0.000706268821319726,0.00551141828875393,9.61595968676492,9.61261463411697,"Spec4_Disagg_NoCCI"
2015-01-01,4,2016-01-01,0.00386268344003859,-0.0284670179361741,0.00551141828875393,9.62703047973885,9.56419687982408,"Spec4_Disagg_NoCCI"
2015-01-01,8,2017-01-01,0.000310795292557842,-0.10067299166324,0.00551141828875393,9.63320924557572,9.28580439936301,"Spec4_Disagg_NoCCI"
2015-04-01,1,2015-07-01,0.00570331868052776,-0.0000644274837521691,0.00548408380868742,9.62166300544545,9.61589525928117,"Spec4_Disagg_NoCCI"
2015-04-01,4,2016-04-01,0.000897244943260489,-0.0220607817197635,0.00548408380868742,9.62792772468211,9.57195683050028,"Spec4_Disagg_NoCCI"
2015-04-01,8,2017-04-01,0.00152994757351266,-0.0650124345392239,0.00548408380868742,9.63473919314924,9.38379627672088,"Spec4_Disagg_NoCCI"
2015-07-01,1,2015-10-01,0.00150479085336386,0.0012497504886491,0.00546198478252032,9.62316779629881,9.6229127559341,"Spec4_Disagg_NoCCI"
2015-07-01,4,2016-07-01,0.00203000553007016,-0.00349074692370798,0.00546198478252032,9.62995773021218,9.6139640699154,"Spec4_Disagg_NoCCI"
2015-07-01,8,2017-07-01,0.00301751524172644,-0.010680852218522,0.00546198478252032,9.63775670839096,9.59001305435791,"Spec4_Disagg_NoCCI"
2015-10-01,1,2016-01-01,0.00386268344003859,-0.00224555962152976,0.00543347687341112,9.62703047973885,9.62092223667728,"Spec4_Disagg_NoCCI"
2015-10-01,4,2016-10-01,0.00294072007098478,-0.00164671196208843,0.00543347687341112,9.63289845028317,9.61409559574288,"Spec4_Disagg_NoCCI"
2015-10-01,8,2017-10-01,0.00630087072096153,-0.00915580477962409,0.00543347687341112,9.64405757911192,9.58821723883325,"Spec4_Disagg_NoCCI"
2016-01-01,1,2016-04-01,0.000897244943260489,0.00437261174516746,0.00541493361105804,9.62792772468211,9.63140309148402,"Spec4_Disagg_NoCCI"
2016-01-01,4,2017-01-01,0.000310795292557842,0.0149732804796468,0.00541493361105804,9.63320924557572,9.66558771800692,"Spec4_Disagg_NoCCI"
2016-01-01,8,2018-01-01,0.00211653371390952,0.0174725768282068,0.00541493361105804,9.64617411282583,9.73539444573518,"Spec4_Disagg_NoCCI"
2016-04-01,1,2016-07-01,0.00203000553007016,0.00373586861655805,0.00539068479655835,9.62995773021218,9.63166359329867,"Spec4_Disagg_NoCCI"
2016-04-01,4,2017-04-01,0.00152994757351266,0.00921578664146092,0.00539068479655835,9.63473919314924,9.65684527498254,"Spec4_Disagg_NoCCI"
2016-04-01,8,2018-04-01,0.00255947356622244,0.00487121092670219,0.00539068479655835,9.64873358639206,9.68545757283229,"Spec4_Disagg_NoCCI"
2016-07-01,1,2016-10-01,0.00294072007098478,0.00579382775482063,0.00536433755806037,9.63289845028317,9.635751557967,"Spec4_Disagg_NoCCI"
2016-07-01,4,2017-07-01,0.00301751524172644,0.00480513585799253,0.00536433755806037,9.63775670839096,9.65412374431372,"Spec4_Disagg_NoCCI"
2016-07-01,8,2018-07-01,-0.00262925887424004,0.000621424519463442,0.00536433755806037,9.64610432751782,9.66600762116907,"Spec4_Disagg_NoCCI"
2016-10-01,1,2017-01-01,0.000310795292557842,0.00461341409261478,0.00534040283843454,9.63320924557572,9.63751186437578,"Spec4_Disagg_NoCCI"
2016-10-01,4,2017-10-01,0.00630087072096153,0.0025003484958924,0.00534040283843454,9.64405757911192,9.64594637891976,"Spec4_Disagg_NoCCI"
2016-10-01,8,2018-10-01,-0.00115999594047977,-0.00572924686279585,0.00534040283843454,9.64494433157734,9.63529110931239,"Spec4_Disagg_NoCCI"
2017-01-01,1,2017-04-01,0.00152994757351266,0.00150427310281442,0.00532141568837507,9.63473919314924,9.63471351867854,"Spec4_Disagg_NoCCI"
2017-01-01,4,2018-01-01,0.00211653371390952,-0.00359582440856783,0.00532141568837507,9.64617411282583,9.62862465535737,"Spec4_Disagg_NoCCI"
2017-01-01,8,2019-01-01,-0.000999312088630688,-0.0117444272719398,0.00532141568837507,9.64394501948871,9.59492656654389,"Spec4_Disagg_NoCCI"
2017-04-01,1,2017-07-01,0.00301751524172644,-0.00141501643302181,0.00529526636727701,9.63775670839096,9.63332417671621,"Spec4_Disagg_NoCCI"
2017-04-01,4,2018-04-01,0.00255947356622244,-0.00592299120045653,0.00529526636727701,9.64873358639206,9.6227712746013,"Spec4_Disagg_NoCCI"
2017-04-01,8,2019-04-01,-0.000600710546352801,-0.0101636790120461,0.00529526636727701,9.64334430894235,9.58489190204851,"Spec4_Disagg_NoCCI"
2017-07-01,1,2017-10-01,0.00630087072096153,0.000855811724186393,0.00527930364847253,9.64405757911192,9.63861252011515,"Spec4_Disagg_NoCCI"
2017-07-01,4,2018-07-01,-0.00262925887424004,-0.0046088219318278,0.00527930364847253,9.64610432751782,9.6286902905434,"Spec4_Disagg_NoCCI"
2017-07-01,8,2019-07-01,-0.00558461233269902,-0.00258245759618523,0.00527930364847253,9.63775969660965,9.60073242262518,"Spec4_Disagg_NoCCI"
2017-10-01,1,2018-01-01,0.00211653371390952,0.000385196554131531,0.00526990123852418,9.64617411282583,9.64444277566606,"Spec4_Disagg_NoCCI"
2017-10-01,4,2018-10-01,-0.00115999594047977,-0.00524399890751778,0.00526990123852418,9.64494433157734,9.63479842723411,"Spec4_Disagg_NoCCI"
2017-10-01,8,2019-10-01,-0.000681058957608727,0.000435849101336526,0.00526990123852418,9.63707863765205,9.61983266768184,"Spec4_Disagg_NoCCI"
2018-01-01,1,2018-04-01,0.00255947356622244,-0.00131394679717271,0.00524647423492081,9.64873358639206,9.64486016602866,"Spec4_Disagg_NoCCI"
2018-01-01,4,2019-01-01,-0.000999312088630688,-0.00736527824697064,0.00524647423492081,9.64394501948871,9.630665729747,"Spec4_Disagg_NoCCI"
2018-01-01,8,2020-01-01,-0.017680643359224,0.00242716623327229,0.00524647423492081,9.61939799429282,9.62705680210852,"Spec4_Disagg_NoCCI"
2018-04-01,1,2018-07-01,-0.00262925887424004,-0.00111175146025627,0.00523070237912767,9.64610432751782,9.6476218349318,"Spec4_Disagg_NoCCI"
2018-04-01,4,2019-04-01,-0.000600710546352801,-0.00514189491249729,0.00523070237912767,9.64334430894235,9.63247761554039,"Spec4_Disagg_NoCCI"
2018-04-01,8,2020-04-01,-0.138590030065481,0.00457419875193233,0.00523070237912767,9.48080796422734,9.64156507950447,"Spec4_Disagg_NoCCI"
2018-07-01,1,2018-10-01,-0.00115999594047977,-0.00406102367053591,0.00520763001325886,9.64494433157734,9.64204330384728,"Spec4_Disagg_NoCCI"
2018-07-01,4,2019-07-01,-0.00558461233269902,-0.0000897582846346909,0.00520763001325886,9.63775969660965,9.62978000063329,"Spec4_Disagg_NoCCI"
2018-07-01,8,2020-07-01,0.0731272892111381,0.00820632781851079,0.00520763001325886,9.55393525343848,9.6463096553596,"Spec4_Disagg_NoCCI"
2018-10-01,1,2019-01-01,-0.000999312088630688,-0.00600323465845535,0.00518872992205397,9.64394501948871,9.63894109691888,"Spec4_Disagg_NoCCI"
2018-10-01,4,2019-10-01,-0.000681058957608727,0.00149016929161851,0.00518872992205397,9.63707863765205,9.63579364751696,"Spec4_Disagg_NoCCI"
2018-10-01,8,2020-10-01,0.0452070349225622,0.0101997651825906,0.00518872992205397,9.59914228836104,9.66199574426699,"Spec4_Disagg_NoCCI"
2019-01-01,1,2019-04-01,-0.000600710546352801,-0.00390200688033184,0.00517998846938777,9.64334430894235,9.64004301260838,"Spec4_Disagg_NoCCI"
2019-01-01,4,2020-01-01,-0.017680643359224,0.0030575534846226,0.00517998846938777,9.61939799429282,9.64620840456008,"Spec4_Disagg_NoCCI"
2019-01-01,8,2021-01-01,0.0136929067858915,0.0139855954465995,0.00517998846938777,9.61283519514693,9.68418149612355,"Spec4_Disagg_NoCCI"
2019-04-01,1,2019-07-01,-0.00558461233269902,0.00144606224588962,0.00516326514737332,9.63775969660965,9.64479037118824,"Spec4_Disagg_NoCCI"
2019-04-01,4,2020-04-01,-0.138590030065481,0.00545739099348444,0.00516326514737332,9.48080796422734,9.65571165625447,"Spec4_Disagg_NoCCI"
2019-04-01,8,2021-04-01,0.00898992302959378,0.015435866622597,0.00516326514737332,9.62182511817653,9.7040979936814,"Spec4_Disagg_NoCCI"
2019-07-01,1,2019-10-01,-0.000681058957608727,0.00175662919640457,0.00517379364852013,9.63707863765205,9.63951632580606,"Spec4_Disagg_NoCCI"
2019-07-01,4,2020-07-01,0.0731272892111381,0.00814388940078053,0.00517379364852013,9.55393525343848,9.65541188200718,"Spec4_Disagg_NoCCI"
2019-07-01,8,2021-07-01,-0.0494506669498289,0.0208843968677247,0.00517379364852013,9.5723744512267,9.71490398450513,"Spec4_Disagg_NoCCI"
2019-10-01,1,2020-01-01,-0.017680643359224,0.00293382612374118,0.0051546934086364,9.61939799429282,9.64001246377579,"Spec4_Disagg_NoCCI"
2019-10-01,4,2020-10-01,0.0452070349225622,0.00945482420418935,0.0051546934086364,9.59914228836104,9.66186727912832,"Spec4_Disagg_NoCCI"
2019-10-01,8,2021-10-01,0.0601991404445705,0.0226411666949099,0.0051546934086364,9.63257359167127,9.73375598013759,"Spec4_Disagg_NoCCI"
2020-01-01,1,2020-04-01,-0.138590030065481,0.00301645977554781,0.00543326450241996,9.48080796422734,9.62241445406837,"Spec4_Disagg_NoCCI"
2020-01-01,4,2021-01-01,0.0136929067858915,0.0118742315364657,0.00543326450241996,9.61283519514693,9.64870366266042,"Spec4_Disagg_NoCCI"
2020-01-01,8,2022-01-01,0.0189170452596095,0.0192952379353781,0.00543326450241996,9.65149063693088,9.72196695278199,"Spec4_Disagg_NoCCI"
2020-04-01,1,2020-07-01,0.0731272892111381,0.019493403317112,0.00543326450241996,9.55393525343848,9.50030136754445,"Spec4_Disagg_NoCCI"
2020-04-01,4,2021-04-01,0.00898992302959378,0.0239547544831462,0.00543326450241996,9.62182511817653,9.56756376731276,"Spec4_Disagg_NoCCI"
2020-04-01,8,2022-04-01,0.0138864759168875,0.0212118326407522,0.00543326450241996,9.66537711284776,9.67256157776819,"Spec4_Disagg_NoCCI"
2020-07-01,1,2020-10-01,0.0452070349225622,0.0153758818051897,0.00543326450241997,9.59914228836104,9.56931113524367,"Spec4_Disagg_NoCCI"
2020-07-01,4,2021-07-01,-0.0494506669498289,0.0240242520429021,0.00543326450241997,9.5723744512267,9.63139293552459,"Spec4_Disagg_NoCCI"
2020-07-01,8,2022-07-01,0.00426375818649305,0.0134471645339787,0.00543326450241997,9.66964087103426,9.71275522307259,"Spec4_Disagg_NoCCI"
2020-10-01,1,2021-01-01,0.0136929067858915,0.0452712174414363,0.00543326450241996,9.61283519514693,9.64441350580248,"Spec4_Disagg_NoCCI"
2020-10-01,4,2021-10-01,0.0601991404445705,0.0215021523398362,0.00543326450241996,9.63257359167127,9.69948773271973,"Spec4_Disagg_NoCCI"
2020-10-01,8,2022-10-01,0.00272886521546845,0.00713513358687346,0.00543326450241996,9.67236973624973,9.75119777794322,"Spec4_Disagg_NoCCI"
2021-01-01,1,2021-04-01,0.00898992302959378,0.0202035340912259,0.00576209761980094,9.62182511817653,9.63303872923816,"Spec4_Disagg_NoCCI"
2021-01-01,4,2022-01-01,0.0189170452596095,0.0196298706688706,0.00576209761980094,9.65149063693088,9.7006426860724,"Spec4_Disagg_NoCCI"
2021-01-01,8,2023-01-01,-0.000902289187150629,0.000829478283249589,0.00576209761980094,9.67146744706258,9.72555575584706,"Spec4_Disagg_NoCCI"
2021-04-01,1,2021-07-01,-0.0494506669498289,0.0179584361077276,0.00577651944946856,9.5723744512267,9.63978355428425,"Spec4_Disagg_NoCCI"
2021-04-01,4,2022-04-01,0.0138864759168875,0.0118005371157582,0.00577651944946856,9.66537711284776,9.68625167048153,"Spec4_Disagg_NoCCI"
2021-04-01,8,2023-04-01,-0.00295094513243832,0.000607317932946225,0.00577651944946856,9.66851650193014,9.70250245858645,"Spec4_Disagg_NoCCI"
2021-07-01,1,2021-10-01,0.0601991404445705,-0.0164259958140014,0.00733603995500905,9.63257359167127,9.5559484554127,"Spec4_Disagg_NoCCI"
2021-07-01,4,2022-07-01,0.00426375818649305,-0.0144422458708288,0.00733603995500905,9.66964087103426,9.50985975363867,"Spec4_Disagg_NoCCI"
2021-07-01,8,2023-07-01,-0.00870455176861107,-0.0149211012544686,0.00733603995500905,9.65981195016153,9.45197712836259,"Spec4_Disagg_NoCCI"
2021-10-01,1,2022-01-01,0.0189170452596095,0.0104970905817336,0.00885988414774346,9.65149063693088,9.643070682253,"Spec4_Disagg_NoCCI"
2021-10-01,4,2022-10-01,0.00272886521546845,0.00174124726846805,0.00885988414774346,9.67236973624973,9.65610593720372,"Spec4_Disagg_NoCCI"
2021-10-01,8,2023-10-01,-0.00578503065892377,-0.00034777834314178,0.00885988414774346,9.6540269195026,9.65473079118244,"Spec4_Disagg_NoCCI"
2022-01-01,1,2022-04-01,0.0138864759168875,0.00768341594163287,0.00884604767181701,9.66537711284776,9.65917405287251,"Spec4_Disagg_NoCCI"
2022-01-01,4,2023-01-01,-0.000902289187150629,0.00104630759651533,0.00884604767181701,9.67146744706258,9.66818649705919,"Spec4_Disagg_NoCCI"
2022-01-01,8,2024-01-01,-0.000433469895900984,0.000416593243555467,0.00884604767181701,9.6535934496067,9.66776178585274,"Spec4_Disagg_NoCCI"
2022-04-01,1,2022-07-01,0.00426375818649305,0.00620855025313884,0.00882179310913403,9.66964087103426,9.6715856631009,"Spec4_Disagg_NoCCI"
2022-04-01,4,2023-04-01,-0.00295094513243832,0.000498766664990768,0.00882179310913403,9.66851650193014,9.67690986470131,"Spec4_Disagg_NoCCI"
2022-04-01,8,2024-04-01,-0.00773596847638736,-0.000493041154376346,0.00882179310913403,9.64585748113031,9.67635486871821,"Spec4_Disagg_NoCCI"
2022-07-01,1,2022-10-01,0.00272886521546845,0.00305267347635377,0.00878632257463196,9.67236973624973,9.67269354451061,"Spec4_Disagg_NoCCI"
2022-07-01,4,2023-07-01,-0.00870455176861107,-0.000616927909115185,0.00878632257463196,9.65981195016153,9.6738590142788,"Spec4_Disagg_NoCCI"
2022-07-01,8,2024-07-01,-0.00184946965238098,0.000317084133080689,0.00878632257463196,9.64400801147793,9.67400525296625,"Spec4_Disagg_NoCCI"
2022-10-01,1,2023-01-01,-0.000902289187150629,0.00136122244259969,0.00874997680334953,9.67146744706258,9.67373095869233,"Spec4_Disagg_NoCCI"
2022-10-01,4,2023-10-01,-0.00578503065892377,-0.0000541822026575145,0.00874997680334953,9.6540269195026,9.67337759323531,"Spec4_Disagg_NoCCI"
2022-10-01,8,2024-10-01,0.00160016896282933,0.00146698831867854,0.00874997680334953,9.64560818044076,9.67495094729307,"Spec4_Disagg_NoCCI"
2023-01-01,1,2023-04-01,-0.00295094513243832,0.00015248695607188,0.00871588433442256,9.66851650193014,9.67161993401865,"Spec4_Disagg_NoCCI"
2023-01-01,4,2024-01-01,-0.000433469895900984,0.000154875557112909,0.00871588433442256,9.6535934496067,9.67066509161029,"Spec4_Disagg_NoCCI"
2023-04-01,1,2023-07-01,-0.00870455176861107,-0.00106739680290074,0.00868394583129659,9.65981195016153,9.66744910512724,"Spec4_Disagg_NoCCI"
2023-04-01,4,2024-04-01,-0.00773596847638736,-0.000955484047712198,0.00868394583129659,9.64585748113031,9.66595602999369,"Spec4_Disagg_NoCCI"
2023-07-01,1,2023-10-01,-0.00578503065892377,-0.00074618196204562,0.00867058762732135,9.6540269195026,9.65906576819948,"Spec4_Disagg_NoCCI"
2023-07-01,4,2024-07-01,-0.00184946965238098,-0.000369948458927086,0.00867058762732135,9.64400801147793,9.65690316185903,"Spec4_Disagg_NoCCI"
2023-10-01,1,2024-01-01,-0.000433469895900984,-0.000662131562879303,0.0086453977464887,9.6535934496067,9.65336478793972,"Spec4_Disagg_NoCCI"
2023-10-01,4,2024-10-01,0.00160016896282933,0.000651925313626464,0.0086453977464887,9.64560818044076,9.65199512735205,"Spec4_Disagg_NoCCI"
2015-01-01,1,2015-04-01,0.0026387838266313,-0.00245879474260131,0.00541783177825372,9.61595968676492,9.61086210819569,"Spec7_CohortBurden"
2015-01-01,4,2016-01-01,0.00386268344003859,-0.0224995900351818,0.00541783177825372,9.62703047973885,9.56916978628932,"Spec7_CohortBurden"
2015-01-01,8,2017-01-01,0.000310795292557842,-0.0441274009276085,0.00541783177825372,9.63320924557572,9.43579105986312,"Spec7_CohortBurden"
2015-04-01,1,2015-07-01,0.00570331868052776,0.000349629177119868,0.00533357025940488,9.62166300544545,9.61630931594204,"Spec7_CohortBurden"
2015-04-01,4,2016-04-01,0.000897244943260489,0.00272454150806418,0.00533357025940488,9.62792772468211,9.61216187513955,"Spec7_CohortBurden"
2015-04-01,8,2017-04-01,0.00152994757351266,0.0112151983174194,0.00533357025940488,9.63473919314924,9.65090149056468,"Spec7_CohortBurden"
2015-07-01,1,2015-10-01,0.00150479085336386,0.00589907452765124,0.005257541206053,9.62316779629881,9.6275620799731,"Spec7_CohortBurden"
2015-07-01,4,2016-07-01,0.00203000553007016,0.0297346434420458,0.005257541206053,9.62995773021218,9.68274784893083,"Spec7_CohortBurden"
2015-07-01,8,2017-07-01,0.00301751524172644,0.0554440364721859,0.005257541206053,9.63775670839096,9.88066877590335,"Spec7_CohortBurden"
2015-10-01,1,2016-01-01,0.00386268344003859,0.000622889273844793,0.00518124697892353,9.62703047973885,9.62379068557266,"Spec7_CohortBurden"
2015-10-01,4,2016-10-01,0.00294072007098478,0.0242343720616784,0.00518124697892353,9.63289845028317,9.67868699449049,"Spec7_CohortBurden"
2015-10-01,8,2017-10-01,0.00630087072096153,0.040186918115378,0.00518124697892353,9.64405757911192,9.82127525658439,"Spec7_CohortBurden"
2016-01-01,1,2016-04-01,0.000897244943260489,0.0142977843501704,0.00510465997800796,9.62792772468211,9.64132826408902,"Spec7_CohortBurden"
2016-01-01,4,2017-01-01,0.000310795292557842,0.0399036421835002,0.00510465997800796,9.63320924557572,9.7339755381537,"Spec7_CohortBurden"
2016-01-01,8,2018-01-01,0.00211653371390952,0.0461539616345008,0.00510465997800796,9.64617411282583,9.91134658051091,"Spec7_CohortBurden"
2016-04-01,1,2016-07-01,0.00203000553007016,0.0113537781573335,0.00513473531572661,9.62995773021218,9.63928150283945,"Spec7_CohortBurden"
2016-04-01,4,2017-04-01,0.00152994757351266,0.0209671519687614,0.00513473531572661,9.63473919314924,9.69446965092956,"Spec7_CohortBurden"
2016-04-01,8,2018-04-01,0.00255947356622244,0.0249006241788563,0.00513473531572661,9.64873358639206,9.79743671621183,"Spec7_CohortBurden"
2016-07-01,1,2016-10-01,0.00294072007098478,0.00514628261245153,0.00511891056263358,9.63289845028317,9.63510401282463,"Spec7_CohortBurden"
2016-07-01,4,2017-07-01,0.00301751524172644,0.0105589399563094,0.00511891056263358,9.63775670839096,9.6665805305332,"Spec7_CohortBurden"
2016-07-01,8,2018-07-01,-0.00262925887424004,0.0142974369253132,0.00511891056263358,9.64610432751782,9.72513464141145,"Spec7_CohortBurden"
2016-10-01,1,2017-01-01,0.000310795292557842,0.00934160889533698,0.00504947367249794,9.63320924557572,9.6422400591785,"Spec7_CohortBurden"
2016-10-01,4,2017-10-01,0.00630087072096153,0.0122623645888104,0.00504947367249794,9.64405757911192,9.67065072690599,"Spec7_CohortBurden"
2016-10-01,8,2018-10-01,-0.00115999594047977,0.0103433165819921,0.00504947367249794,9.64494433157734,9.71878794515726,"Spec7_CohortBurden"
2017-01-01,1,2017-04-01,0.00152994757351266,0.00138366056051329,0.00505958999289539,9.63473919314924,9.63459290613624,"Spec7_CohortBurden"
2017-01-01,4,2018-01-01,0.00211653371390952,0.00582101685061532,0.00505958999289539,9.64617411282583,9.64573121149087,"Spec7_CohortBurden"
2017-01-01,8,2019-01-01,-0.000999312088630688,0.00381246078649136,0.00505958999289539,9.64394501948871,9.66142543958092,"Spec7_CohortBurden"
2017-04-01,1,2017-07-01,0.00301751524172644,0.00140499368158868,0.00499077262288105,9.63775670839096,9.63614418683083,"Spec7_CohortBurden"
2017-04-01,4,2018-04-01,0.00255947356622244,0.0037005656505232,0.00499077262288105,9.64873358639206,9.64981804749826,"Spec7_CohortBurden"
2017-04-01,8,2019-04-01,-0.000600710546352801,0.00390923022906385,0.00499077262288105,9.64334430894235,9.66597154729511,"Spec7_CohortBurden"
2017-07-01,1,2017-10-01,0.00630087072096153,0.00493913855785457,0.00492792986926243,9.64405757911192,9.64269584694882,"Spec7_CohortBurden"
2017-07-01,4,2018-07-01,-0.00262925887424004,0.0058145746181781,0.00492792986926243,9.64610432751782,9.65996002126098,"Spec7_CohortBurden"
2017-07-01,8,2019-07-01,-0.00558461233269902,0.00545119931935523,0.00492792986926243,9.63775969660965,9.67957929366313,"Spec7_CohortBurden"
2017-10-01,1,2018-01-01,0.00211653371390952,0.00736810300804525,0.00486686587831658,9.64617411282583,9.65142568211997,"Spec7_CohortBurden"
2017-10-01,4,2018-10-01,-0.00115999594047977,0.00510404879351172,0.00486686587831658,9.64494433157734,9.66814040527148,"Spec7_CohortBurden"
2017-10-01,8,2019-10-01,-0.000681058957608727,0.00975350320738237,0.00486686587831658,9.63707863765205,9.69471935570862,"Spec7_CohortBurden"
2018-01-01,1,2018-04-01,0.00255947356622244,0.00337005368313147,0.00484256069608557,9.64873358639206,9.64954416650897,"Spec7_CohortBurden"
2018-01-01,4,2019-01-01,-0.000999312088630688,0.00266607768291051,0.00484256069608557,9.64394501948871,9.65927298949612,"Spec7_CohortBurden"
2018-01-01,8,2020-01-01,-0.017680643359224,0.00117925160719515,0.00484256069608557,9.61939799429282,9.67609854828114,"Spec7_CohortBurden"
2018-04-01,1,2018-07-01,-0.00262925887424004,0.00407581150339168,0.00478406341480653,9.64610432751782,9.65280939789545,"Spec7_CohortBurden"
2018-04-01,4,2019-04-01,-0.000600710546352801,0.00275804742317679,0.00478406341480653,9.64334430894235,9.65995669039079,"Spec7_CohortBurden"
2018-04-01,8,2020-04-01,-0.138590030065481,-0.00314839500624299,0.00478406341480653,9.48080796422734,9.67027026116671,"Spec7_CohortBurden"
2018-07-01,1,2018-10-01,-0.00115999594047977,-0.00107746049549468,0.00478732865799713,9.64494433157734,9.64502686702232,"Spec7_CohortBurden"
2018-07-01,4,2019-07-01,-0.00558461233269902,0.0026915996589727,0.00478732865799713,9.63775969660965,9.64515131243471,"Spec7_CohortBurden"
2018-07-01,8,2020-07-01,0.0731272892111381,0.00991308023529992,0.00478732865799713,9.55393525343848,9.6601330976654,"Spec7_CohortBurden"
2018-10-01,1,2019-01-01,-0.000999312088630688,-0.0019667467861087,0.00473134227559475,9.64394501948871,9.64297758479123,"Spec7_CohortBurden"
2018-10-01,4,2019-10-01,-0.000681058957608727,0.00641768556234846,0.00473134227559475,9.63707863765205,9.65139630185714,"Spec7_CohortBurden"
2018-10-01,8,2020-10-01,0.0452070349225622,0.0140874749587468,0.00473134227559475,9.59914228836104,9.67404271901964,"Spec7_CohortBurden"
2019-01-01,1,2019-04-01,-0.000600710546352801,-0.000293899961672338,0.00467831513182332,9.64334430894235,9.64365111952703,"Spec7_CohortBurden"
2019-01-01,4,2020-01-01,-0.017680643359224,0.00184548617006175,0.00467831513182332,9.61939799429282,9.65490496302903,"Spec7_CohortBurden"
2019-01-01,8,2021-01-01,0.0136929067858915,0.0199354021392996,0.00467831513182332,9.61283519514693,9.69524934353494,"Spec7_CohortBurden"
2019-04-01,1,2019-07-01,-0.00558461233269902,0.00278851285609455,0.00462616807160695,9.63775969660965,9.64613282179845,"Spec7_CohortBurden"
2019-04-01,4,2020-04-01,-0.138590030065481,-0.00325197317029377,0.00462616807160695,9.48080796422734,9.65127916841274,"Spec7_CohortBurden"
2019-04-01,8,2021-04-01,0.00898992302959378,0.0216709562365576,0.00462616807160695,9.62182511817653,9.71654397602436,"Spec7_CohortBurden"
2019-07-01,1,2019-10-01,-0.000681058957608727,0.00425829896592919,0.00467720994277211,9.63707863765205,9.64201799557558,"Spec7_CohortBurden"
2019-07-01,4,2020-07-01,0.0731272892111381,0.00343912685528508,0.00467720994277211,9.55393525343848,9.6387501075557,"Spec7_CohortBurden"
2019-07-01,8,2021-07-01,-0.0494506669498289,0.0217158979403963,0.00467720994277211,9.5723744512267,9.70429606298812,"Spec7_CohortBurden"
2019-10-01,1,2020-01-01,-0.017680643359224,0.000110253834659057,0.00466407911509287,9.61939799429282,9.6371888914867,"Spec7_CohortBurden"
2019-10-01,4,2020-10-01,0.0452070349225622,0.00529928751283678,0.00466407911509287,9.59914228836104,9.63283803661083,"Spec7_CohortBurden"
2019-10-01,8,2021-10-01,0.0601991404445705,0.0214426998676748,0.00466407911509287,9.63257359167127,9.70148262175116,"Spec7_CohortBurden"
2020-01-01,1,2020-04-01,-0.138590030065481,-0.0191972325829701,0.00502652416578498,9.48080796422734,9.60020076170985,"Spec7_CohortBurden"
2020-01-01,4,2021-01-01,0.0136929067858915,-0.00460548790014674,0.00502652416578498,9.61283519514693,9.57368887482737,"Spec7_CohortBurden"
2020-01-01,8,2022-01-01,0.0189170452596095,0.00908479870369999,0.00502652416578498,9.65149063693088,9.58530166179448,"Spec7_CohortBurden"
2020-04-01,1,2020-07-01,0.0731272892111381,-0.0160158968712467,0.00502652416578505,9.55393525343848,9.46479206735609,"Spec7_CohortBurden"
2020-04-01,4,2021-04-01,0.00898992302959378,0.00129975759061665,0.00502652416578505,9.62182511817653,9.45125770146672,"Spec7_CohortBurden"
2020-04-01,8,2022-04-01,0.0138864759168875,-0.00123578709497124,0.00502652416578505,9.66537711284776,9.45430458589621,"Spec7_CohortBurden"
2020-07-01,1,2020-10-01,0.0452070349225622,-0.00769850134590933,0.00502652416578499,9.59914228836104,9.54623675209257,"Spec7_CohortBurden"
2020-07-01,4,2021-07-01,-0.0494506669498289,-0.00338012088764138,0.00502652416578499,9.5723744512267,9.54025978146981,"Spec7_CohortBurden"
2020-07-01,8,2022-07-01,0.00426375818649305,0.00482309587722019,0.00502652416578499,9.66964087103426,9.55601237631104,"Spec7_CohortBurden"
2020-10-01,1,2021-01-01,0.0136929067858915,0.048549553320234,0.00502652416578501,9.61283519514693,9.64769184168127,"Spec7_CohortBurden"
2020-10-01,4,2021-10-01,0.0601991404445705,0.00364164118750701,0.00502652416578501,9.63257359167127,9.65290872537275,"Spec7_CohortBurden"
2020-10-01,8,2022-10-01,0.00272886521546845,0.00129541214858134,0.00502652416578501,9.67236973624973,9.67162785362501,"Spec7_CohortBurden"
2021-01-01,1,2021-04-01,0.00898992302959378,0.0162114000210979,0.00546451543131687,9.62182511817653,9.62904659516803,"Spec7_CohortBurden"
2021-01-01,4,2022-01-01,0.0189170452596095,0.017906000478652,0.00546451543131687,9.65149063693088,9.66610135657049,"Spec7_CohortBurden"
2021-01-01,8,2023-01-01,-0.000902289187150629,-0.00704330917865373,0.00546451543131687,9.67146744706258,9.65970357093306,"Spec7_CohortBurden"
2021-04-01,1,2021-07-01,-0.0494506669498289,0.00286227523714272,0.00542488253628134,9.5723744512267,9.62468739341367,"Spec7_CohortBurden"
2021-04-01,4,2022-04-01,0.0138864759168875,-0.00291534489584069,0.00542488253628134,9.66537711284776,9.64182645886111,"Spec7_CohortBurden"
2021-04-01,8,2023-04-01,-0.00295094513243832,-0.00350398109487452,0.00542488253628134,9.66851650193014,9.63335454730451,"Spec7_CohortBurden"
2021-07-01,1,2021-10-01,0.0601991404445705,-0.0202965629412325,0.0066987774421,9.63257359167127,9.55207788828546,"Spec7_CohortBurden"
2021-07-01,4,2022-07-01,0.00426375818649305,-0.00787320628183939,0.0066987774421,9.66964087103426,9.51530929124772,"Spec7_CohortBurden"
2021-07-01,8,2023-07-01,-0.00870455176861107,-0.00714940462889397,0.0066987774421,9.65981195016153,9.4727284438928,"Spec7_CohortBurden"
2021-10-01,1,2022-01-01,0.0189170452596095,-0.011902897553693,0.00868156907924394,9.65149063693088,9.62067069411757,"Spec7_CohortBurden"
2021-10-01,4,2022-10-01,0.00272886521546845,-0.010302306330474,0.00868156907924394,9.67236973624973,9.60526896632061,"Spec7_CohortBurden"
2021-10-01,8,2023-10-01,-0.00578503065892377,-0.00351691099063462,0.00868156907924394,9.6540269195026,9.58261567719365,"Spec7_CohortBurden"
2022-01-01,1,2022-04-01,0.0138864759168875,-0.00731300121933567,0.00891512060979492,9.66537711284776,9.64417763571154,"Spec7_CohortBurden"
2022-01-01,4,2023-01-01,-0.000902289187150629,-0.00945890322617849,0.00891512060979492,9.67146744706258,9.62787665654447,"Spec7_CohortBurden"
2022-01-01,8,2024-01-01,-0.000433469895900984,0.00338803354431604,0.00891512060979492,9.6535934496067,9.62389453696992,"Spec7_CohortBurden"
2022-04-01,1,2022-07-01,0.00426375818649305,0.00742449766526501,0.00898313830776342,9.66964087103426,9.67280161051303,"Spec7_CohortBurden"
2022-04-01,4,2023-04-01,-0.00295094513243832,-0.000829083441511992,0.00898313830776342,9.66851650193014,9.66144263481839,"Spec7_CohortBurden"
2022-04-01,8,2024-04-01,-0.00773596847638736,0.000732704389878547,0.00898313830776342,9.64585748113031,9.65910139095453,"Spec7_CohortBurden"
2022-07-01,1,2022-10-01,0.00272886521546845,-0.00343469814328958,0.00890631440309313,9.67236973624973,9.66620617289097,"Spec7_CohortBurden"
2022-07-01,4,2023-07-01,-0.00870455176861107,-0.00580992367056924,0.00890631440309313,9.65981195016153,9.65213542220786,"Spec7_CohortBurden"
2022-07-01,8,2024-07-01,-0.00184946965238098,0.0082031578322003,0.00890631440309313,9.64400801147793,9.66361479398657,"Spec7_CohortBurden"
2022-10-01,1,2023-01-01,-0.000902289187150629,-0.00622149340600185,0.0088435308022283,9.67146744706258,9.66614824284372,"Spec7_CohortBurden"
2022-10-01,4,2023-10-01,-0.00578503065892377,-0.000493706483970651,0.0088435308022283,9.6540269195026,9.6606191585788,"Spec7_CohortBurden"
2022-10-01,8,2024-10-01,0.00160016896282933,0.0039784688098798,0.0088435308022283,9.64560818044076,9.68024473800259,"Spec7_CohortBurden"
2023-01-01,1,2023-04-01,-0.00295094513243832,0.000949701828132264,0.00878059042151029,9.66851650193014,9.67241714889071,"Spec7_CohortBurden"
2023-01-01,4,2024-01-01,-0.000433469895900984,0.006909226679421,0.00878059042151029,9.6535934496067,9.67706466234424,"Spec7_CohortBurden"
2023-04-01,1,2023-07-01,-0.00870455176861107,-0.00442298706652162,0.00871218645496331,9.65981195016153,9.66409351486362,"Spec7_CohortBurden"
2023-04-01,4,2024-04-01,-0.00773596847638736,0.00125502626829404,0.00871218645496331,9.64585748113031,9.67096140235077,"Spec7_CohortBurden"
2023-07-01,1,2023-10-01,-0.00578503065892377,-0.00121749983205059,0.0086482120922148,9.6540269195026,9.65859445032948,"Spec7_CohortBurden"
2023-07-01,4,2024-07-01,-0.00184946965238098,0.00859213328321749,0.0086482120922148,9.64400801147793,9.67309623615098,"Spec7_CohortBurden"
2023-10-01,1,2024-01-01,-0.000433469895900984,0.00445096343928799,0.00858608113165081,9.6535934496067,9.65847788294189,"Spec7_CohortBurden"
2023-10-01,4,2024-10-01,0.00160016896282933,0.0031163619491864,0.00858608113165081,9.64560818044076,9.67000826535835,"Spec7_CohortBurden"
2015-01-01,1,2015-04-01,0.0026387838266313,-0.00450863350331441,0.00553608491853874,9.61595968676492,9.60881226943497,"Spec8_CCI_Interactions"
2015-01-01,4,2016-01-01,0.00386268344003859,-0.0361762990540067,0.00553608491853874,9.62703047973885,9.53681801578835,"Spec8_CCI_Interactions"
2015-01-01,8,2017-01-01,0.000310795292557842,-0.123979514637579,0.00553608491853874,9.63320924557572,9.19209124487826,"Spec8_CCI_Interactions"
2015-04-01,1,2015-07-01,0.00570331868052776,-0.0010399948480728,0.00551241249564619,9.62166300544545,9.61491969191685,"Spec8_CCI_Interactions"
2015-04-01,4,2016-04-01,0.000897244943260489,-0.00978664735531485,0.00551241249564619,9.62792772468211,9.59147327978669,"Spec8_CCI_Interactions"
2015-04-01,8,2017-04-01,0.00152994757351266,-0.0312210353523286,0.00551241249564619,9.63473919314924,9.5032557901686,"Spec8_CCI_Interactions"
2015-07-01,1,2015-10-01,0.00150479085336386,0.00282140308246309,0.00549040146761071,9.62316779629881,9.62448440852791,"Spec8_CCI_Interactions"
2015-07-01,4,2016-07-01,0.00203000553007016,0.0141456627869916,0.00549040146761071,9.62995773021218,9.65488345176961,"Spec8_CCI_Interactions"
2015-07-01,8,2017-07-01,0.00301751524172644,0.0300958801969404,0.00549040146761071,9.63775670839096,9.75757278165422,"Spec8_CCI_Interactions"
2015-10-01,1,2016-01-01,0.00386268344003859,0.00427003407010132,0.00546054903574469,9.62703047973885,9.62743783036891,"Spec8_CCI_Interactions"
2015-10-01,4,2016-10-01,0.00294072007098478,0.0166394157088087,0.00546054903574469,9.63289845028317,9.66333654035161,"Spec8_CCI_Interactions"
2015-10-01,8,2017-10-01,0.00630087072096153,0.0265831380606003,0.00546054903574469,9.64405757911192,9.7526302926026,"Spec8_CCI_Interactions"
2016-01-01,1,2016-04-01,0.000897244943260489,0.0078538193399786,0.00543083242985655,9.62792772468211,9.63488429907883,"Spec8_CCI_Interactions"
2016-01-01,4,2017-01-01,0.000310795292557842,0.0182431226142973,0.00543083242985655,9.63320924557572,9.67934391683431,"Spec8_CCI_Interactions"
2016-01-01,8,2018-01-01,0.00211653371390952,0.022956514855797,0.00543083242985655,9.64617411282583,9.76826446025352,"Spec8_CCI_Interactions"
2016-04-01,1,2016-07-01,0.00203000553007016,0.00404049580651127,0.00541528640757185,9.62995773021218,9.63196822048862,"Spec8_CCI_Interactions"
2016-04-01,4,2017-04-01,0.00152994757351266,0.0061500308273656,0.00541528640757185,9.63473919314924,9.65236303743425,"Spec8_CCI_Interactions"
2016-04-01,8,2018-04-01,0.00255947356622244,0.00617102487695166,0.00541528640757185,9.64873358639206,9.68081002246496,"Spec8_CCI_Interactions"
2016-07-01,1,2016-10-01,0.00294072007098478,0.00552308632892448,0.00538765637311479,9.63289845028317,9.63548081654111,"Spec8_CCI_Interactions"
2016-07-01,4,2017-07-01,0.00301751524172644,0.00364981660288414,0.00538765637311479,9.63775670839096,9.6476750714077,"Spec8_CCI_Interactions"
2016-07-01,8,2018-07-01,-0.00262925887424004,0.0025910351129965,0.00538765637311479,9.64610432751782,9.66281308631155,"Spec8_CCI_Interactions"
2016-10-01,1,2017-01-01,0.000310795292557842,0.00312445771183675,0.00536165189712124,9.63320924557572,9.636022907995,"Spec8_CCI_Interactions"
2016-10-01,4,2017-10-01,0.00630087072096153,0.0031289219543032,0.00536165189712124,9.64405757911192,9.64180070051403,"Spec8_CCI_Interactions"
2016-10-01,8,2018-10-01,-0.00115999594047977,-0.000427111493156056,0.00536165189712124,9.64494433157734,9.64311228978583,"Spec8_CCI_Interactions"
2017-01-01,1,2017-04-01,0.00152994757351266,-0.000234464193935542,0.0053367496065529,9.63473919314924,9.63297478138179,"Spec8_CCI_Interactions"
2017-01-01,4,2018-01-01,0.00211653371390952,-0.00116961143502772,0.0053367496065529,9.64617411282583,9.63225906558218,"Spec8_CCI_Interactions"
2017-01-01,8,2019-01-01,-0.000999312088630688,-0.0033644142055186,0.0053367496065529,9.64394501948871,9.62383483160525,"Spec8_CCI_Interactions"
2017-04-01,1,2017-07-01,0.00301751524172644,0.000167554901253925,0.00531057698671109,9.63775670839096,9.63490674805049,"Spec8_CCI_Interactions"
2017-04-01,4,2018-04-01,0.00255947356622244,-0.000510677779109738,0.00531057698671109,9.64873358639206,9.63609031638358,"Spec8_CCI_Interactions"
2017-04-01,8,2019-04-01,-0.000600710546352801,-0.00494415461963476,0.00531057698671109,9.64334430894235,9.62615410733695,"Spec8_CCI_Interactions"
2017-07-01,1,2017-10-01,0.00630087072096153,0.00302074423461003,0.00528754587911357,9.64405757911192,9.64077745262557,"Spec8_CCI_Interactions"
2017-07-01,4,2018-07-01,-0.00262925887424004,0.000237724886935973,0.00528754587911357,9.64610432751782,9.6424672509993,"Spec8_CCI_Interactions"
2017-07-01,8,2019-07-01,-0.00558461233269902,0.00169858231536273,0.00528754587911357,9.63775969660965,9.63772185621078,"Spec8_CCI_Interactions"
2017-10-01,1,2018-01-01,0.00211653371390952,0.00179625922309912,0.0052665758893469,9.64617411282583,9.64585383833502,"Spec8_CCI_Interactions"
2017-10-01,4,2018-10-01,-0.00115999594047977,0.000576358381241068,0.0052665758893469,9.64494433157734,9.64915499225522,"Spec8_CCI_Interactions"
2017-10-01,8,2019-10-01,-0.000681058957608727,0.000869645296576056,0.0052665758893469,9.63707863765205,9.64732922515099,"Spec8_CCI_Interactions"
2018-01-01,1,2018-04-01,0.00255947356622244,0.00161445640137254,0.00524023612383145,9.64873358639206,9.64778856922721,"Spec8_CCI_Interactions"
2018-01-01,4,2019-01-01,-0.000999312088630688,-0.00110639695782509,0.00524023612383145,9.64394501948871,9.6485801410583,"Spec8_CCI_Interactions"
2018-01-01,8,2020-01-01,-0.017680643359224,0.00361407501891481,0.00524023612383145,9.61939799429282,9.6516859369918,"Spec8_CCI_Interactions"
2018-04-01,1,2018-07-01,-0.00262925887424004,0.00141985485662679,0.00521477915092384,9.64610432751782,9.65015344124868,"Spec8_CCI_Interactions"
2018-04-01,4,2019-04-01,-0.000600710546352801,-0.00337949561693629,0.00521477915092384,9.64334430894235,9.64672482711483,"Spec8_CCI_Interactions"
2018-04-01,8,2020-04-01,-0.138590030065481,0.00608278061373512,0.00521477915092384,9.48080796422734,9.66066159762118,"Spec8_CCI_Interactions"
2018-07-01,1,2018-10-01,-0.00115999594047977,0.00018374543367522,0.00519952857882932,9.64494433157734,9.64628807295149,"Spec8_CCI_Interactions"
2018-07-01,4,2019-07-01,-0.00558461233269902,0.00113267690603985,0.00519952857882932,9.63775969660965,9.64134731740213,"Spec8_CCI_Interactions"
2018-07-01,8,2020-07-01,0.0731272892111381,0.00168009661162469,0.00519952857882932,9.55393525343848,9.64829864446037,"Spec8_CCI_Interactions"
2018-10-01,1,2019-01-01,-0.000999312088630688,-0.00198264780620217,0.00517534537857363,9.64394501948871,9.64296168377114,"Spec8_CCI_Interactions"
2018-10-01,4,2019-10-01,-0.000681058957608727,-0.00130154136661458,0.00517534537857363,9.63707863765205,9.63764463317095,"Spec8_CCI_Interactions"
2018-10-01,8,2020-10-01,0.0452070349225622,0.00568464027420662,0.00517534537857363,9.59914228836104,9.64813305478363,"Spec8_CCI_Interactions"
2019-01-01,1,2019-04-01,-0.000600710546352801,-0.00427665023549367,0.00515091659358721,9.64334430894235,9.63966836925321,"Spec8_CCI_Interactions"
2019-01-01,4,2020-01-01,-0.017680643359224,0.0019825695971079,0.00515091659358721,9.61939799429282,9.64263123531262,"Spec8_CCI_Interactions"
2019-01-01,8,2021-01-01,0.0136929067858915,0.014414443847562,0.00515091659358721,9.61283519514693,9.67049829844981,"Spec8_CCI_Interactions"
2019-04-01,1,2019-07-01,-0.00558461233269902,0.00378131868800008,0.00513215774718973,9.63775969660965,9.64712562763035,"Spec8_CCI_Interactions"
2019-04-01,4,2020-04-01,-0.138590030065481,0.00905860561413864,0.00513215774718973,9.48080796422734,9.66706765424904,"Spec8_CCI_Interactions"
2019-04-01,8,2021-04-01,0.00898992302959378,0.0196232561863124,0.00513215774718973,9.62182511817653,9.72583472819068,"Spec8_CCI_Interactions"
2019-07-01,1,2019-10-01,-0.000681058957608727,-0.00451328909721336,0.0051364653010298,9.63707863765205,9.63324640751244,"Spec8_CCI_Interactions"
2019-07-01,4,2020-07-01,0.0731272892111381,-0.00415166057983155,0.0051364653010298,9.55393525343848,9.62412477658941,"Spec8_CCI_Interactions"
2019-07-01,8,2021-07-01,-0.0494506669498289,0.0127435219543103,0.0051364653010298,9.5723744512267,9.65466548346999,"Spec8_CCI_Interactions"
2019-10-01,1,2020-01-01,-0.017680643359224,-0.00103301966036994,0.00511678434397188,9.61939799429282,9.63604561799167,"Spec8_CCI_Interactions"
2019-10-01,4,2020-10-01,0.0452070349225622,0.00379626351591851,0.00511678434397188,9.59914228836104,9.64039541010174,"Spec8_CCI_Interactions"
2019-10-01,8,2021-10-01,0.0601991404445705,0.0205426360111518,0.00511678434397188,9.63257359167127,9.69971921941741,"Spec8_CCI_Interactions"
2020-01-01,1,2020-04-01,-0.138590030065481,-0.00540801804185952,0.00517619855967882,9.48080796422734,9.61398997625096,"Spec8_CCI_Interactions"
2020-01-01,4,2021-01-01,0.0136929067858915,0.00302225688450161,0.00517619855967882,9.61283519514693,9.60235709098225,"Spec8_CCI_Interactions"
2020-01-01,8,2022-01-01,0.0189170452596095,0.00833012549855515,0.00517619855967882,9.65149063693088,9.6378653299572,"Spec8_CCI_Interactions"
2020-04-01,1,2020-07-01,0.0731272892111381,0.0206507136861367,0.00517619855967882,9.55393525343848,9.50145867791348,"Spec8_CCI_Interactions"
2020-04-01,4,2021-04-01,0.00898992302959378,0.0188350212648243,0.00517619855967882,9.62182511817653,9.56066635681493,"Spec8_CCI_Interactions"
2020-04-01,8,2022-04-01,0.0138864759168875,0.00742546193525032,0.00517619855967882,9.66537711284776,9.62414293247757,"Spec8_CCI_Interactions"
2020-07-01,1,2020-10-01,0.0452070349225622,0.00702098529244847,0.00517619855967882,9.59914228836104,9.56095623873093,"Spec8_CCI_Interactions"
2020-07-01,4,2021-07-01,-0.0494506669498289,0.0127941804637506,0.00517619855967882,9.5723744512267,9.5973089859384,"Spec8_CCI_Interactions"
2020-07-01,8,2022-07-01,0.00426375818649305,-0.00102876139638865,0.00517619855967882,9.66964087103426,9.63144688227028,"Spec8_CCI_Interactions"
2020-10-01,1,2021-01-01,0.0136929067858915,0.0412528168940925,0.00517619855967882,9.61283519514693,9.64039510525513,"Spec8_CCI_Interactions"
2020-10-01,4,2021-10-01,0.0601991404445705,0.00958705743909206,0.00517619855967882,9.63257359167127,9.64682191993938,"Spec8_CCI_Interactions"
2020-10-01,8,2022-10-01,0.00272886521546845,-0.00596046186921917,0.00517619855967882,9.67236973624973,9.63943662752394,"Spec8_CCI_Interactions"
2021-01-01,1,2021-04-01,0.00898992302959378,0.000894309126642865,0.00542884911453297,9.62182511817653,9.61372950427358,"Spec8_CCI_Interactions"
2021-01-01,4,2022-01-01,0.0189170452596095,0.00831131607171526,0.00542884911453297,9.65149063693088,9.63691040918609,"Spec8_CCI_Interactions"
2021-01-01,8,2023-01-01,-0.000902289187150629,-0.00347968236959937,0.00542884911453297,9.67146744706258,9.62895058028707,"Spec8_CCI_Interactions"
2021-04-01,1,2021-07-01,-0.0494506669498289,0.00890258735247151,0.005415470862518,9.5723744512267,9.630727705529,"Spec8_CCI_Interactions"
2021-04-01,4,2022-04-01,0.0138864759168875,0.0015373484110193,0.005415470862518,9.66537711284776,9.65842497852813,"Spec8_CCI_Interactions"
2021-04-01,8,2023-04-01,-0.00295094513243832,-0.00414755603069621,0.005415470862518,9.66851650193014,9.64484020586743,"Spec8_CCI_Interactions"
2021-07-01,1,2021-10-01,0.0601991404445705,0.00386948666114256,0.00637055273341456,9.63257359167127,9.57624393788784,"Spec8_CCI_Interactions"
2021-07-01,4,2022-07-01,0.00426375818649305,0.0157111333705547,0.00637055273341456,9.66964087103426,9.6089194180212,"Spec8_CCI_Interactions"
2021-07-01,8,2023-07-01,-0.00870455176861107,-0.00233724756784831,0.00637055273341456,9.65981195016153,9.633565914561,"Spec8_CCI_Interactions"
2021-10-01,1,2022-01-01,0.0189170452596095,0.0130884222119013,0.0070001298941725,9.65149063693088,9.64566201388317,"Spec8_CCI_Interactions"
2021-10-01,4,2022-10-01,0.00272886521546845,0.0134009792665076,0.0070001298941725,9.67236973624973,9.68511588365514,"Spec8_CCI_Interactions"
2021-10-01,8,2023-10-01,-0.00578503065892377,-0.006119175726193,0.0070001298941725,9.6540269195026,9.68552989914082,"Spec8_CCI_Interactions"
2022-01-01,1,2022-04-01,0.0138864759168875,0.014705830619095,0.00697965473991274,9.66537711284776,9.66619646754997,"Spec8_CCI_Interactions"
2022-01-01,4,2023-01-01,-0.000902289187150629,0.00822779940632061,0.00697965473991274,9.67146744706258,9.69993057068363,"Spec8_CCI_Interactions"
2022-01-01,8,2024-01-01,-0.000433469895900984,0.00237605997115424,0.00697965473991274,9.6535934496067,9.69572811440248,"Spec8_CCI_Interactions"
2022-04-01,1,2022-07-01,0.00426375818649305,0.0114745801879181,0.00694919418788266,9.66964087103426,9.67685169303568,"Spec8_CCI_Interactions"
2022-04-01,4,2023-04-01,-0.00295094513243832,0.00331258879374672,0.00694919418788266,9.66851650193014,9.70199193172646,"Spec8_CCI_Interactions"
2022-04-01,8,2024-04-01,-0.00773596847638736,-0.00368663124771257,0.00694919418788266,9.64585748113031,9.69093301242668,"Spec8_CCI_Interactions"
2022-07-01,1,2022-10-01,0.00272886521546845,0.0126860308306721,0.00693495464412372,9.67236973624973,9.68232690186493,"Spec8_CCI_Interactions"
2022-07-01,4,2023-07-01,-0.00870455176861107,-0.00239676177068588,0.00693495464412372,9.65981195016153,9.69201384195714,"Spec8_CCI_Interactions"
2022-07-01,8,2024-07-01,-0.00184946965238098,-0.00347931777909042,0.00693495464412372,9.64400801147793,9.68395648369036,"Spec8_CCI_Interactions"
2022-10-01,1,2023-01-01,-0.000902289187150629,0.00747505153589791,0.00693689029067176,9.67146744706258,9.67984478778562,"Spec8_CCI_Interactions"
2022-10-01,4,2023-10-01,-0.00578503065892377,-0.00370359743040149,0.00693689029067176,9.6540269195026,9.67844241869386,"Spec8_CCI_Interactions"
2022-10-01,8,2024-10-01,0.00160016896282933,-0.00234642950119599,0.00693689029067176,9.64560818044076,9.6723572197566,"Spec8_CCI_Interactions"
2023-01-01,1,2023-04-01,-0.00295094513243832,0.00443584219414577,0.00693503524214214,9.66851650193014,9.67590328925672,"Spec8_CCI_Interactions"
2023-01-01,4,2024-01-01,-0.000433469895900984,0.00185248218167529,0.00693503524214214,9.6535934496067,9.67113170952047,"Spec8_CCI_Interactions"
2023-04-01,1,2023-07-01,-0.00870455176861107,-0.00304378778577757,0.00692470479380224,9.65981195016153,9.66547271414436,"Spec8_CCI_Interactions"
2023-04-01,4,2024-04-01,-0.00773596847638736,-0.00457180427976284,0.00692470479380224,9.64585748113031,9.6562150016792,"Spec8_CCI_Interactions"
2023-07-01,1,2023-10-01,-0.00578503065892377,-0.00603321216372837,0.00690692508293703,9.6540269195026,9.6537787379978,"Spec8_CCI_Interactions"
2023-07-01,4,2024-07-01,-0.00184946965238098,-0.00559975382155116,0.00690692508293703,9.64400801147793,9.64341813403087,"Spec8_CCI_Interactions"
2023-10-01,1,2024-01-01,-0.000433469895900984,0.00040441847007608,0.00687810668437858,9.6535934496067,9.65443133797268,"Spec8_CCI_Interactions"
2023-10-01,4,2024-10-01,0.00160016896282933,-0.00392554944096505,0.00687810668437858,9.64560818044076,9.63978502951162,"Spec8_CCI_Interactions"
2015-01-01,1,2015-04-01,0.0026387838266313,-0.00137465485311956,0.0051585807844999,9.61595968676492,9.61194624808517,"Spec9_KalmanCCI"
2015-01-01,4,2016-01-01,0.00386268344003859,0.00189303287979793,0.0051585807844999,9.62703047973885,9.61488465317868,"Spec9_KalmanCCI"
2015-01-01,8,2017-01-01,0.000310795292557842,0.0220228573592591,0.0051585807844999,9.63320924557572,9.67470186678368,"Spec9_KalmanCCI"
2015-04-01,1,2015-07-01,0.00570331868052776,0.00600260672778563,0.00513308948562842,9.62166300544545,9.6219622934927,"Spec9_KalmanCCI"
2015-04-01,4,2016-04-01,0.000897244943260489,0.0277180514815899,0.00513308948562842,9.62792772468211,9.67568009671417,"Spec9_KalmanCCI"
2015-04-01,8,2017-04-01,0.00152994757351266,0.0780879870461334,0.00513308948562842,9.63473919314924,9.9229725749942,"Spec9_KalmanCCI"
2015-07-01,1,2015-10-01,0.00150479085336386,0.00940885945852969,0.00510482727417868,9.62316779629881,9.63107186490398,"Spec9_KalmanCCI"
2015-07-01,4,2016-07-01,0.00203000553007016,0.0393210769095476,0.00510482727417868,9.62995773021218,9.7128405580024,"Spec9_KalmanCCI"
2015-07-01,8,2017-07-01,0.00301751524172644,0.0852380379652334,0.00510482727417868,9.63775670839096,9.9985945224916,"Spec9_KalmanCCI"
2015-10-01,1,2016-01-01,0.00386268344003859,0.0069650001599546,0.0050919426526678,9.62703047973885,9.63013279645877,"Spec9_KalmanCCI"
2015-10-01,4,2016-10-01,0.00294072007098478,0.031239100820188,0.0050919426526678,9.63289845028317,9.69563583152632,"Spec9_KalmanCCI"
2015-10-01,8,2017-10-01,0.00630087072096153,0.0477214820886186,0.0050919426526678,9.64405757911192,9.8615118292374,"Spec9_KalmanCCI"
2016-01-01,1,2016-04-01,0.000897244943260489,0.0105207180798871,0.00506713962059977,9.62792772468211,9.63755119781874,"Spec9_KalmanCCI"
2016-01-01,4,2017-01-01,0.000310795292557842,0.0292545209753888,0.00506713962059977,9.63320924557572,9.70842750833412,"Spec9_KalmanCCI"
2016-01-01,8,2018-01-01,0.00211653371390952,0.0342894073803533,0.00506713962059977,9.64617411282583,9.84282390242591,"Spec9_KalmanCCI"
2016-04-01,1,2016-07-01,0.00203000553007016,0.00792815221881213,0.00506868008529617,9.62995773021218,9.63585587690092,"Spec9_KalmanCCI"
2016-04-01,4,2017-04-01,0.00152994757351266,0.0123368508733138,0.00506868008529617,9.63473919314924,9.6767552299874,"Spec9_KalmanCCI"
2016-04-01,8,2018-04-01,0.00255947356622244,0.0123803973691595,0.00506868008529617,9.64873358639206,9.73444038965363,"Spec9_KalmanCCI"
2016-07-01,1,2016-10-01,0.00294072007098478,0.00928709416773648,0.00505380595715219,9.63289845028317,9.63924482437992,"Spec9_KalmanCCI"
2016-07-01,4,2017-07-01,0.00301751524172644,0.00667810520323748,0.00505380595715219,9.63775670839096,9.66048451040294,"Spec9_KalmanCCI"
2016-07-01,8,2018-07-01,-0.00262925887424004,0.0059099137932266,0.00505380595715219,9.64610432751782,9.68562360456424,"Spec9_KalmanCCI"
2016-10-01,1,2017-01-01,0.000310795292557842,0.00481681890693917,0.00504304781087759,9.63320924557572,9.6377152691901,"Spec9_KalmanCCI"
2016-10-01,4,2017-10-01,0.00630087072096153,0.0027907266782772,0.00504304781087759,9.64405757911192,9.64256929074236,"Spec9_KalmanCCI"
2016-10-01,8,2018-10-01,-0.00115999594047977,-0.00218119481076623,0.00504304781087759,9.64494433157734,9.64001750752027,"Spec9_KalmanCCI"
2017-01-01,1,2017-04-01,0.00152994757351266,-0.00149750266597746,0.0050259905175843,9.63473919314924,9.63171174290975,"Spec9_KalmanCCI"
2017-01-01,4,2018-01-01,0.00211653371390952,-0.00289037619009399,0.0050259905175843,9.64617411282583,9.62726494809444,"Spec9_KalmanCCI"
2017-01-01,8,2019-01-01,-0.000999312088630688,-0.00459031789754705,0.0050259905175843,9.64394501948871,9.61226733478137,"Spec9_KalmanCCI"
2017-04-01,1,2017-07-01,0.00301751524172644,-0.00018884942833906,0.00500486486167139,9.63775670839096,9.6345503437209,"Spec9_KalmanCCI"
2017-04-01,4,2018-04-01,0.00255947356622244,-0.0024843990436775,0.00500486486167139,9.64873358639206,9.63181847535337,"Spec9_KalmanCCI"
2017-04-01,8,2019-04-01,-0.000600710546352801,-0.00366908453668385,0.00500486486167139,9.64334430894235,9.6203349544407,"Spec9_KalmanCCI"
2017-07-01,1,2017-10-01,0.00630087072096153,0.0023181959757081,0.00498516711089773,9.64405757911192,9.64007490436667,"Spec9_KalmanCCI"
2017-07-01,4,2018-07-01,-0.00262925887424004,0.00020833423120566,0.00498516711089773,9.64610432751782,9.63847902579043,"Spec9_KalmanCCI"
2017-07-01,8,2019-07-01,-0.00558461233269902,0.00442386365901615,0.00498516711089773,9.63775969660965,9.63464024437715,"Spec9_KalmanCCI"
2017-10-01,1,2018-01-01,0.00211653371390952,0.000561531238368677,0.00496957428444529,9.64617411282583,9.64461911035029,"Spec9_KalmanCCI"
2017-10-01,4,2018-10-01,-0.00115999594047977,-0.00160093633467678,0.00496957428444529,9.64494433157734,9.6437610595744,"Spec9_KalmanCCI"
2017-10-01,8,2019-10-01,-0.000681058957608727,0.00534017307113694,0.00496957428444529,9.63707863765205,9.64972516974852,"Spec9_KalmanCCI"
2018-01-01,1,2018-04-01,0.00255947356622244,-0.000146255779816744,0.00494642688654408,9.64873358639206,9.64602785704602,"Spec9_KalmanCCI"
2018-01-01,4,2019-01-01,-0.000999312088630688,-0.00180003422874029,0.00494642688654408,9.64394501948871,9.64431700666457,"Spec9_KalmanCCI"
2018-01-01,8,2020-01-01,-0.017680643359224,0.00314349501182802,0.00494642688654408,9.61939799429282,9.65585547303413,"Spec9_KalmanCCI"
2018-04-01,1,2018-07-01,-0.00262925887424004,0.00176945733186202,0.00492704600376919,9.64610432751782,9.65050304372392,"Spec9_KalmanCCI"
2018-04-01,4,2019-04-01,-0.000600710546352801,-0.00192002857955994,0.00492704600376919,9.64334430894235,9.64613172501565,"Spec9_KalmanCCI"
2018-04-01,8,2020-04-01,-0.138590030065481,0.0100094735267544,0.00492704600376919,9.48080796422734,9.67029882193687,"Spec9_KalmanCCI"
2018-07-01,1,2018-10-01,-0.00115999594047977,-0.00134827879470622,0.00491658259817345,9.64494433157734,9.64475604872311,"Spec9_KalmanCCI"
2018-07-01,4,2019-07-01,-0.00558461233269902,0.00503028011770424,0.00491658259817345,9.63775969660965,9.64565752221816,"Spec9_KalmanCCI"
2018-07-01,8,2020-07-01,0.0731272892111381,0.0171195341182944,0.00491658259817345,9.55393525343848,9.6812549450974,"Spec9_KalmanCCI"
2018-10-01,1,2019-01-01,-0.000999312088630688,-0.0018327440030421,0.0048929134982701,9.64394501948871,9.64311158757429,"Spec9_KalmanCCI"
2018-10-01,4,2019-10-01,-0.000681058957608727,0.00534372815603866,0.0048929134982701,9.63707863765205,9.65120609184089,"Spec9_KalmanCCI"
2018-10-01,8,2020-10-01,0.0452070349225622,0.0184674473270918,0.0048929134982701,9.59914228836104,9.69992146336508,"Spec9_KalmanCCI"
2019-01-01,1,2019-04-01,-0.000600710546352801,-0.00226261244083201,0.00487006524558533,9.64334430894235,9.64168240704787,"Spec9_KalmanCCI"
2019-01-01,4,2020-01-01,-0.017680643359224,0.00313283603978496,0.00487006524558533,9.61939799429282,9.65519063512007,"Spec9_KalmanCCI"
2019-01-01,8,2021-01-01,0.0136929067858915,0.0207586921032752,0.00487006524558533,9.61283519514693,9.72144731825843,"Spec9_KalmanCCI"
2019-04-01,1,2019-07-01,-0.00558461233269902,0.00505915267507325,0.00484907796423553,9.63775969660965,9.64840346161743,"Spec9_KalmanCCI"
2019-04-01,4,2020-04-01,-0.138590030065481,0.0100613106072111,0.00484907796423553,9.48080796422734,9.66685065262496,"Spec9_KalmanCCI"
2019-04-01,8,2021-04-01,0.00898992302959378,0.0141183310542422,0.00484907796423553,9.62182511817653,9.73720496943573,"Spec9_KalmanCCI"
2019-07-01,1,2019-10-01,-0.000681058957608727,0.0051618107880051,0.00490905599141517,9.63707863765205,9.64292150739766,"Spec9_KalmanCCI"
2019-07-01,4,2020-07-01,0.0731272892111381,0.0160915458220368,0.00490905599141517,9.55393525343848,9.67177820382868,"Spec9_KalmanCCI"
2019-07-01,8,2021-07-01,-0.0494506669498289,0.0218531519893275,0.00490905599141517,9.5723744512267,9.74638799043978,"Spec9_KalmanCCI"
2019-10-01,1,2020-01-01,-0.017680643359224,0.00377932729250973,0.00491116616844373,9.61939799429282,9.64085796494455,"Spec9_KalmanCCI"
2019-10-01,4,2020-10-01,0.0452070349225622,0.0171367216440546,0.00491116616844373,9.59914228836104,9.68224884478416,"Spec9_KalmanCCI"
2019-10-01,8,2021-10-01,0.0601991404445705,0.0234763607213714,0.00491116616844373,9.63257359167127,9.76140840700123,"Spec9_KalmanCCI"
2020-01-01,1,2020-04-01,-0.138590030065481,0.0077157418187876,0.00523665604841829,9.48080796422734,9.62711373611161,"Spec9_KalmanCCI"
2020-01-01,4,2021-01-01,0.0136929067858915,0.0194240092863942,0.00523665604841829,9.61283519514693,9.67740946138081,"Spec9_KalmanCCI"
2020-01-01,8,2022-01-01,0.0189170452596095,0.0210290685719463,0.00523665604841829,9.65149063693088,9.75836148546851,"Spec9_KalmanCCI"
2020-04-01,1,2020-07-01,0.0731272892111381,0.0361151044811268,0.00523665604841829,9.55393525343848,9.51692306870847,"Spec9_KalmanCCI"
2020-04-01,4,2021-04-01,0.00898992302959378,0.0286264822294979,0.00523665604841829,9.62182511817653,9.61619212415149,"Spec9_KalmanCCI"
2020-04-01,8,2022-04-01,0.0138864759168875,0.0166100346920053,0.00523665604841829,9.66537711284776,9.72807680862101,"Spec9_KalmanCCI"
2020-07-01,1,2020-10-01,0.0452070349225622,0.0298087831240506,0.00523665604841829,9.59914228836104,9.58374403656253,"Spec9_KalmanCCI"
2020-07-01,4,2021-07-01,-0.0494506669498289,0.0293405734161803,0.00523665604841829,9.5723744512267,9.66826123383683,"Spec9_KalmanCCI"
2020-07-01,8,2022-07-01,0.00426375818649305,0.0112680539267049,0.00523665604841829,9.66964087103426,9.75120820672073,"Spec9_KalmanCCI"
2020-10-01,1,2021-01-01,0.0136929067858915,0.0436498884763574,0.00523665604841829,9.61283519514693,9.6427921768374,"Spec9_KalmanCCI"
2020-10-01,4,2021-10-01,0.0601991404445705,0.027232791573075,0.00523665604841829,9.63257359167127,9.71607454700792,"Spec9_KalmanCCI"
2020-10-01,8,2022-10-01,0.00272886521546845,0.00391918689076881,0.00523665604841829,9.67236973624973,9.76586956407447,"Spec9_KalmanCCI"
2021-01-01,1,2021-04-01,0.00898992302959378,0.0282180112394935,0.00554363363467322,9.62182511817653,9.64105320638643,"Spec9_KalmanCCI"
2021-01-01,4,2022-01-01,0.0189170452596095,0.0276710397905217,0.00554363363467322,9.65149063693088,9.73036155174845,"Spec9_KalmanCCI"
2021-01-01,8,2023-01-01,-0.000902289187150629,0.00186695518657001,0.00554363363467322,9.67146744706258,9.75380651262386,"Spec9_KalmanCCI"
2021-04-01,1,2021-07-01,-0.0494506669498289,0.0209605474899732,0.00561603499065719,9.5723744512267,9.6427856656665,"Spec9_KalmanCCI"
2021-04-01,4,2022-04-01,0.0138864759168875,0.00959740016779316,0.00561603499065719,9.66537711284776,9.69296636686001,"Spec9_KalmanCCI"
2021-04-01,8,2023-04-01,-0.00295094513243832,0.00505685973228581,0.00561603499065719,9.66851650193014,9.71489696039909,"Spec9_KalmanCCI"
2021-07-01,1,2021-10-01,0.0601991404445705,-0.0199342222040314,0.00716011561807743,9.63257359167127,9.55244022902266,"Spec9_KalmanCCI"
2021-07-01,4,2022-07-01,0.00426375818649305,-0.0138385750011084,0.00716011561807743,9.66964087103426,9.50806627325426,"Spec9_KalmanCCI"
2021-07-01,8,2023-07-01,-0.00870455176861107,-0.0140360232242575,0.00716011561807743,9.65981195016153,9.43983287054968,"Spec9_KalmanCCI"
2021-10-01,1,2022-01-01,0.0189170452596095,0.009738404418056,0.00863084794098547,9.65149063693088,9.64231199608932,"Spec9_KalmanCCI"
2021-10-01,4,2022-10-01,0.00272886521546845,-0.00261646404156564,0.00863084794098547,9.67236973624973,9.65436960445444,"Spec9_KalmanCCI"
2021-10-01,8,2023-10-01,-0.00578503065892377,0.00355384114029356,0.00863084794098547,9.6540269195026,9.65824457333544,"Spec9_KalmanCCI"
2022-01-01,1,2022-04-01,0.0138864759168875,0.00792556240420039,0.0086169045668804,9.66537711284776,9.65941619933508,"Spec9_KalmanCCI"
2022-01-01,4,2023-01-01,-0.000902289187150629,-0.00107853248827578,0.0086169045668804,9.67146744706258,9.66330857242536,"Spec9_KalmanCCI"
2022-01-01,8,2024-01-01,-0.000433469895900984,0.00379477622998879,0.0086169045668804,9.6535934496067,9.67493021264184,"Spec9_KalmanCCI"
2022-04-01,1,2022-07-01,0.00426375818649305,0.007985259531392,0.00859229044086484,9.66964087103426,9.67336237237916,"Spec9_KalmanCCI"
2022-04-01,4,2023-04-01,-0.00295094513243832,0.00240759376178709,0.00859229044086484,9.66851650193014,9.67353242378333,"Spec9_KalmanCCI"
2022-04-01,8,2024-04-01,-0.00773596847638736,-0.000272548400987845,0.00859229044086484,9.64585748113031,9.68433769219161,"Spec9_KalmanCCI"
2022-07-01,1,2022-10-01,0.00272886521546845,-0.00214306573284625,0.008560255976523,9.67236973624973,9.66749780530141,"Spec9_KalmanCCI"
2022-07-01,4,2023-07-01,-0.00870455176861107,0.00145862858825119,0.008560255976523,9.65981195016153,9.67030205770899,"Spec9_KalmanCCI"
2022-07-01,8,2024-07-01,-0.00184946965238098,0.00324243978313288,0.008560255976523,9.64400801147793,9.68151250042163,"Spec9_KalmanCCI"
2022-10-01,1,2023-01-01,-0.000902289187150629,0.0000409022223737694,0.00853165288853754,9.67146744706258,9.6724106384721,"Spec9_KalmanCCI"
2022-10-01,4,2023-10-01,-0.00578503065892377,0.0050599375315828,0.00853165288853754,9.6540269195026,9.68219619340372,"Spec9_KalmanCCI"
2022-10-01,8,2024-10-01,0.00160016896282933,0.00327111193404726,0.00853165288853754,9.64560818044076,9.69365345740016,"Spec9_KalmanCCI"
2023-01-01,1,2023-04-01,-0.00295094513243832,0.00250885512269554,0.00849574226333239,9.66851650193014,9.67397630218527,"Spec9_KalmanCCI"
2023-01-01,4,2024-01-01,-0.000433469895900984,0.00451997694894337,0.00849574226333239,9.6535934496067,9.68543835260518,"Spec9_KalmanCCI"
2023-04-01,1,2023-07-01,-0.00870455176861107,0.00145958180420154,0.00847134826125043,9.65981195016153,9.66997608373434,"Spec9_KalmanCCI"
2023-04-01,4,2024-04-01,-0.00773596847638736,-0.000743605718853501,0.00847134826125043,9.64585748113031,9.67756186592724,"Spec9_KalmanCCI"
2023-07-01,1,2023-10-01,-0.00578503065892377,0.00363732235883264,0.00847459501344579,9.6540269195026,9.66344927252036,"Spec9_KalmanCCI"
2023-07-01,4,2024-07-01,-0.00184946965238098,0.00239285241118855,0.00847459501344579,9.64400801147793,9.66740385936058,"Spec9_KalmanCCI"
2023-10-01,1,2024-01-01,-0.000433469895900984,0.00273445354048907,0.00847290848689559,9.6535934496067,9.65676137304309,"Spec9_KalmanCCI"
2023-10-01,4,2024-10-01,0.00160016896282933,0.00156048823346194,0.00847290848689559,9.64560818044076,9.65854693130401,"Spec9_KalmanCCI"
2015-01-01,1,2015-04-01,0.0026387838266313,0.00374146469754595,0.00726033106103567,9.61595968676492,9.61706236763584,"Benchmark_RW_drift"
2015-01-01,4,2016-01-01,0.00386268344003859,0.00374146469754595,0.00726033106103567,9.62703047973885,9.62828676172847,"Benchmark_RW_drift"
2015-01-01,8,2017-01-01,0.000310795292557842,0.00374146469754595,0.00726033106103567,9.63320924557572,9.64325262051866,"Benchmark_RW_drift"
2015-04-01,1,2015-07-01,0.00570331868052776,0.00373435062741102,0.0072372621416525,9.62166300544545,9.61969403739233,"Benchmark_RW_drift"
2015-04-01,4,2016-04-01,0.000897244943260489,0.00373435062741102,0.0072372621416525,9.62792772468211,9.63089708927457,"Benchmark_RW_drift"
2015-04-01,8,2017-04-01,0.00152994757351266,0.00373435062741102,0.0072372621416525,9.63473919314924,9.64583449178421,"Benchmark_RW_drift"
2015-07-01,1,2015-10-01,0.00150479085336386,0.0037469722174951,0.00721560063132207,9.62316779629881,9.62540997766294,"Benchmark_RW_drift"
2015-07-01,4,2016-07-01,0.00203000553007016,0.0037469722174951,0.00721560063132207,9.62995773021218,9.63665089431543,"Benchmark_RW_drift"
2015-07-01,8,2017-07-01,0.00301751524172644,0.0037469722174951,0.00721560063132207,9.63775670839096,9.65163878318541,"Benchmark_RW_drift"
2015-10-01,1,2016-01-01,0.00386268344003859,0.00373269080753248,0.00719466223469158,9.62703047973885,9.62690048710635,"Benchmark_RW_drift"
2015-10-01,4,2016-10-01,0.00294072007098478,0.00373269080753248,0.00719466223469158,9.63289845028317,9.63809855952895,"Benchmark_RW_drift"
2015-10-01,8,2017-10-01,0.00630087072096153,0.00373269080753248,0.00719466223469158,9.64405757911192,9.65302932275908,"Benchmark_RW_drift"
2016-01-01,1,2016-04-01,0.000897244943260489,0.00373351354571289,0.00717172015177634,9.62792772468211,9.63076399328456,"Benchmark_RW_drift"
2016-01-01,4,2017-01-01,0.000310795292557842,0.00373351354571289,0.00717172015177634,9.63320924557572,9.6419645339217,"Benchmark_RW_drift"
2016-01-01,8,2018-01-01,0.00211653371390952,0.00373351354571289,0.00717172015177634,9.64617411282583,9.65689858810456,"Benchmark_RW_drift"
2016-04-01,1,2016-07-01,0.00203000553007016,0.00371567537840187,0.00715252646591557,9.62995773021218,9.63164340006051,"Benchmark_RW_drift"
2016-04-01,4,2017-04-01,0.00152994757351266,0.00371567537840187,0.00715252646591557,9.63473919314924,9.64279042619572,"Benchmark_RW_drift"
2016-04-01,8,2018-04-01,0.00255947356622244,0.00371567537840187,0.00715252646591557,9.64873358639206,9.65765312770933,"Benchmark_RW_drift"
2016-07-01,1,2016-10-01,0.00294072007098478,0.0037051399418498,0.00713124404945903,9.63289845028317,9.63366287015403,"Benchmark_RW_drift"
2016-07-01,4,2017-07-01,0.00301751524172644,0.0037051399418498,0.00713124404945903,9.63775670839096,9.64477828997958,"Benchmark_RW_drift"
2016-07-01,8,2018-07-01,-0.00262925887424004,0.0037051399418498,0.00713124404945903,9.64610432751782,9.65959884974698,"Benchmark_RW_drift"
2016-10-01,1,2017-01-01,0.000310795292557842,0.00370039199234132,0.00710917925004807,9.63320924557572,9.63659884227551,"Benchmark_RW_drift"
2016-10-01,4,2017-10-01,0.00630087072096153,0.00370039199234132,0.00710917925004807,9.64405757911192,9.64770001825253,"Benchmark_RW_drift"
2016-10-01,8,2018-10-01,-0.00115999594047977,0.00370039199234132,0.00710917925004807,9.64494433157734,9.6625015862219,"Benchmark_RW_drift"
2017-01-01,1,2017-04-01,0.00152994757351266,0.0036794685559229,0.00709206852113591,9.63473919314924,9.63688871413165,"Benchmark_RW_drift"
2017-01-01,4,2018-01-01,0.00211653371390952,0.0036794685559229,0.00709206852113591,9.64617411282583,9.64792711979942,"Benchmark_RW_drift"
2017-01-01,8,2019-01-01,-0.000999312088630688,0.0036794685559229,0.00709206852113591,9.64394501948871,9.66264499402311,"Benchmark_RW_drift"
2017-04-01,1,2017-07-01,0.00301751524172644,0.00366628131063205,0.00707214989727343,9.63775670839096,9.63840547445987,"Benchmark_RW_drift"
2017-04-01,4,2018-04-01,0.00255947356622244,0.00366628131063205,0.00707214989727343,9.64873358639206,9.64940431839177,"Benchmark_RW_drift"
2017-04-01,8,2019-04-01,-0.000600710546352801,0.00366628131063205,0.00707214989727343,9.64334430894235,9.6640694436343,"Benchmark_RW_drift"
2017-07-01,1,2017-10-01,0.00630087072096153,0.00366232541996799,0.00705060481521066,9.64405757911192,9.64141903381093,"Benchmark_RW_drift"
2017-07-01,4,2018-07-01,-0.00262925887424004,0.00366232541996799,0.00705060481521066,9.64610432751782,9.65240601007084,"Benchmark_RW_drift"
2017-07-01,8,2019-07-01,-0.00558461233269902,0.00366232541996799,0.00705060481521066,9.63775969660965,9.66705531175071,"Benchmark_RW_drift"
2017-10-01,1,2018-01-01,0.00211653371390952,0.00367831660361037,0.00703207691203327,9.64617411282583,9.64773589571553,"Benchmark_RW_drift"
2017-10-01,4,2018-10-01,-0.00115999594047977,0.00367831660361037,0.00703207691203327,9.64494433157734,9.65877084552636,"Benchmark_RW_drift"
2017-10-01,8,2019-10-01,-0.000681058957608727,0.00367831660361037,0.00703207691203327,9.63707863765205,9.6734841119408,"Benchmark_RW_drift"
2018-01-01,1,2018-04-01,0.00255947356622244,0.00366890827294952,0.00701178307253689,9.64873358639206,9.64984302109878,"Benchmark_RW_drift"
2018-01-01,4,2019-01-01,-0.000999312088630688,0.00366890827294952,0.00701178307253689,9.64394501948871,9.66084974591763,"Benchmark_RW_drift"
2018-01-01,8,2020-01-01,-0.017680643359224,0.00366890827294952,0.00701178307253689,9.61939799429282,9.67552537900943,"Benchmark_RW_drift"
2018-04-01,1,2018-07-01,-0.00262925887424004,0.00366226495135235,0.00699115847878413,9.64610432751782,9.65239585134341,"Benchmark_RW_drift"
2018-04-01,4,2019-04-01,-0.000600710546352801,0.00366226495135235,0.00699115847878413,9.64334430894235,9.66338264619746,"Benchmark_RW_drift"
2018-04-01,8,2020-04-01,-0.138590030065481,0.00366226495135235,0.00699115847878413,9.48080796422734,9.67803170600287,"Benchmark_RW_drift"
2018-07-01,1,2018-10-01,-0.00115999594047977,0.00362481540477145,0.00698707658135121,9.64494433157734,9.64972914292259,"Benchmark_RW_drift"
2018-07-01,4,2019-07-01,-0.00558461233269902,0.00362481540477145,0.00698707658135121,9.63775969660965,9.6606035891369,"Benchmark_RW_drift"
2018-07-01,8,2020-07-01,0.0731272892111381,0.00362481540477145,0.00698707658135121,9.55393525343848,9.67510285075599,"Benchmark_RW_drift"
2018-10-01,1,2019-01-01,-0.000999312088630688,0.00359650291160428,0.00697596720053478,9.64394501948871,9.64854083448894,"Benchmark_RW_drift"
2018-10-01,4,2019-10-01,-0.000681058957608727,0.00359650291160428,0.00697596720053478,9.63707863765205,9.65933034322375,"Benchmark_RW_drift"
2018-10-01,8,2020-10-01,0.0452070349225622,0.00359650291160428,0.00697596720053478,9.59914228836104,9.67371635487017,"Benchmark_RW_drift"
2019-01-01,1,2019-04-01,-0.000600710546352801,0.00356946870572055,0.00696422351943448,9.64334430894235,9.64751448819443,"Benchmark_RW_drift"
2019-01-01,4,2020-01-01,-0.017680643359224,0.00356946870572055,0.00696422351943448,9.61939799429282,9.65822289431159,"Benchmark_RW_drift"
2019-01-01,8,2021-01-01,0.0136929067858915,0.00356946870572055,0.00696422351943448,9.61283519514693,9.67250076913447,"Benchmark_RW_drift"
2019-04-01,1,2019-07-01,-0.00558461233269902,0.00354508169255053,0.00695102948635032,9.63775969660965,9.6468893906349,"Benchmark_RW_drift"
2019-04-01,4,2020-04-01,-0.138590030065481,0.00354508169255053,0.00695102948635032,9.48080796422734,9.65752463571256,"Benchmark_RW_drift"
2019-04-01,8,2021-04-01,0.00898992302959378,0.00354508169255053,0.00695102948635032,9.62182511817653,9.67170496248276,"Benchmark_RW_drift"
2019-07-01,1,2019-10-01,-0.000681058957608727,0.00349200207612466,0.00696554786985433,9.63707863765205,9.64125169868578,"Benchmark_RW_drift"
2019-07-01,4,2020-07-01,0.0731272892111381,0.00349200207612466,0.00696554786985433,9.55393525343848,9.65172770491415,"Benchmark_RW_drift"
2019-07-01,8,2021-07-01,-0.0494506669498289,0.00349200207612466,0.00696554786985433,9.5723744512267,9.66569571321866,"Benchmark_RW_drift"
2019-10-01,1,2020-01-01,-0.017680643359224,0.00346788033604527,0.00695251265674336,9.61939799429282,9.64054651798809,"Benchmark_RW_drift"
2019-10-01,4,2020-10-01,0.0452070349225622,0.00346788033604527,0.00695251265674336,9.59914228836104,9.65095015899622,"Benchmark_RW_drift"
2019-10-01,8,2021-10-01,0.0601991404445705,0.00346788033604527,0.00695251265674336,9.63257359167127,9.6648216803404,"Benchmark_RW_drift"
2020-01-01,1,2020-04-01,-0.138590030065481,0.00334633709641729,0.00711536964624198,9.48080796422734,9.62274433138924,"Benchmark_RW_drift"
2020-01-01,4,2021-01-01,0.0136929067858915,0.00334633709641729,0.00711536964624198,9.61283519514693,9.63278334267849,"Benchmark_RW_drift"
2020-01-01,8,2022-01-01,0.0189170452596095,0.00334633709641729,0.00711536964624198,9.65149063693088,9.64616869106416,"Benchmark_RW_drift"
2020-04-01,1,2020-07-01,0.0731272892111381,0.00253527214120644,0.0128630140391689,9.55393525343848,9.48334323636855,"Benchmark_RW_drift"
2020-04-01,4,2021-04-01,0.00898992302959378,0.00253527214120644,0.0128630140391689,9.62182511817653,9.49094905279217,"Benchmark_RW_drift"
2020-04-01,8,2022-04-01,0.0138864759168875,0.00253527214120644,0.0128630140391689,9.66537711284776,9.501090141357,"Benchmark_RW_drift"
2020-07-01,1,2020-10-01,0.0452070349225622,0.00293636314728559,0.0138861616008285,9.59914228836104,9.55687161658576,"Benchmark_RW_drift"
2020-07-01,4,2021-07-01,-0.0494506669498289,0.00293636314728559,0.0138861616008285,9.5723744512267,9.56568070602762,"Benchmark_RW_drift"
2020-07-01,8,2022-07-01,0.00426375818649305,0.00293636314728559,0.0138861616008285,9.66964087103426,9.57742615861676,"Benchmark_RW_drift"
2020-10-01,1,2021-01-01,0.0136929067858915,0.00317518050194817,0.0142065074763846,9.61283519514693,9.60231746886299,"Benchmark_RW_drift"
2020-10-01,4,2021-10-01,0.0601991404445705,0.00317518050194817,0.0142065074763846,9.63257359167127,9.61184301036883,"Benchmark_RW_drift"
2020-10-01,8,2022-10-01,0.00272886521546845,0.00317518050194817,0.0142065074763846,9.67236973624973,9.62454373237663,"Benchmark_RW_drift"
2021-01-01,1,2021-04-01,0.00898992302959378,0.00323426885185797,0.0141882372531348,9.62182511817653,9.61606946399879,"Benchmark_RW_drift"
2021-01-01,4,2022-01-01,0.0189170452596095,0.00323426885185797,0.0141882372531348,9.65149063693088,9.62577227055436,"Benchmark_RW_drift"
2021-01-01,8,2023-01-01,-0.000902289187150629,0.00323426885185797,0.0141882372531348,9.67146744706258,9.63870934596179,"Benchmark_RW_drift"
2021-04-01,1,2021-07-01,-0.0494506669498289,0.00326642334447102,0.0141548653641698,9.5723744512267,9.625091541521,"Benchmark_RW_drift"
2021-04-01,4,2022-04-01,0.0138864759168875,0.00326642334447102,0.0141548653641698,9.66537711284776,9.63489081155441,"Benchmark_RW_drift"
2021-04-01,8,2023-04-01,-0.00295094513243832,0.00326642334447102,0.0141548653641698,9.66851650193014,9.64795650493229,"Benchmark_RW_drift"
2021-07-01,1,2021-10-01,0.0601991404445705,0.00297355062061379,0.0146519718981624,9.63257359167127,9.57534800184731,"Benchmark_RW_drift"
2021-07-01,4,2022-07-01,0.00426375818649305,0.00297355062061379,0.0146519718981624,9.66964087103426,9.58426865370915,"Benchmark_RW_drift"
2021-07-01,8,2023-07-01,-0.00870455176861107,0.00297355062061379,0.0146519718981624,9.65981195016153,9.5961628561916,"Benchmark_RW_drift"
2021-10-01,1,2022-01-01,0.0189170452596095,0.00328971410030416,0.0152177611324922,9.65149063693088,9.63586330577157,"Benchmark_RW_drift"
2021-10-01,4,2022-10-01,0.00272886521546845,0.00328971410030416,0.0152177611324922,9.67236973624973,9.64573244807249,"Benchmark_RW_drift"
2021-10-01,8,2023-10-01,-0.00578503065892377,0.00328971410030416,0.0152177611324922,9.6540269195026,9.6588913044737,"Benchmark_RW_drift"
2022-01-01,1,2022-04-01,0.0138864759168875,0.00337557855722343,0.0152198106845055,9.66537711284776,9.6548662154881,"Benchmark_RW_drift"
2022-01-01,4,2023-01-01,-0.000902289187150629,0.00337557855722343,0.0152198106845055,9.67146744706258,9.66499295115977,"Benchmark_RW_drift"
2022-01-01,8,2024-01-01,-0.000433469895900984,0.00337557855722343,0.0152198106845055,9.6535934496067,9.67849526538867,"Benchmark_RW_drift"
2022-04-01,1,2022-07-01,0.00426375818649305,0.00343301515481722,0.0151978151624149,9.66964087103426,9.66881012800258,"Benchmark_RW_drift"
2022-04-01,4,2023-04-01,-0.00295094513243832,0.00343301515481722,0.0151978151624149,9.66851650193014,9.67910917346703,"Benchmark_RW_drift"
2022-04-01,8,2024-04-01,-0.00773596847638736,0.00343301515481722,0.0151978151624149,9.64585748113031,9.6928412340863,"Benchmark_RW_drift"
2022-07-01,1,2022-10-01,0.00272886521546845,0.00343753006259807,0.0151563579298431,9.67236973624973,9.67307840109686,"Benchmark_RW_drift"
2022-07-01,4,2023-07-01,-0.00870455176861107,0.00343753006259807,0.0151563579298431,9.65981195016153,9.68339099128465,"Benchmark_RW_drift"
2022-07-01,8,2024-07-01,-0.00184946965238098,0.00343753006259807,0.0151563579298431,9.64400801147793,9.69714111153504,"Benchmark_RW_drift"
2022-10-01,1,2023-01-01,-0.000902289187150629,0.00343369944180277,0.0151152058612391,9.67146744706258,9.67580343569153,"Benchmark_RW_drift"
2022-10-01,4,2023-10-01,-0.00578503065892377,0.00343369944180277,0.0151152058612391,9.6540269195026,9.68610453401694,"Benchmark_RW_drift"
2022-10-01,8,2024-10-01,0.00160016896282933,0.00343369944180277,0.0151152058612391,9.64560818044076,9.69983933178415,"Benchmark_RW_drift"
2023-01-01,1,2023-04-01,-0.00295094513243832,0.00341038767498044,0.0150776509374995,9.66851650193014,9.67487783473756,"Benchmark_RW_drift"
2023-01-01,4,2024-01-01,-0.000433469895900984,0.00341038767498044,0.0150776509374995,9.6535934496067,9.6851089977625,"Benchmark_RW_drift"
2023-04-01,1,2023-07-01,-0.00870455176861107,0.00337636985248087,0.0150442587820636,9.65981195016153,9.67189287178262,"Benchmark_RW_drift"
2023-04-01,4,2024-04-01,-0.00773596847638736,0.00337636985248087,0.0150442587820636,9.64585748113031,9.68202198134006,"Benchmark_RW_drift"
2023-07-01,1,2023-10-01,-0.00578503065892377,0.00331210963109209,0.0150298278642522,9.6540269195026,9.66312405979262,"Benchmark_RW_drift"
2023-07-01,4,2024-07-01,-0.00184946965238098,0.00331210963109209,0.0150298278642522,9.64400801147793,9.6730603886859,"Benchmark_RW_drift"
2023-10-01,1,2024-01-01,-0.000433469895900984,0.0032639766136846,0.0150044002023515,9.6535934496067,9.65729089611629,"Benchmark_RW_drift"
2023-10-01,4,2024-10-01,0.00160016896282933,0.0032639766136846,0.0150044002023515,9.64560818044076,9.66708282595734,"Benchmark_RW_drift"
2015-01-01,1,2015-04-01,0.0026387838266313,0.00320586490087227,0.00724774067694173,9.61595968676492,9.61652676783916,"Benchmark_AR1"
2015-01-01,4,2016-01-01,0.00386268344003859,0.00371412501376673,0.00724774067694173,9.62703047973885,9.62760008782832,"Benchmark_AR1"
2015-01-01,8,2017-01-01,0.000310795292557842,0.00371509658273783,0.00724774067694173,9.63320924557572,9.64246033750367,"Benchmark_AR1"
2015-04-01,1,2015-07-01,0.00570331868052776,0.00357759075291888,0.00722400525613569,9.62166300544545,9.61953727751784,"Benchmark_AR1"
2015-04-01,4,2016-04-01,0.000897244943260489,0.00371062673806201,0.00722400525613569,9.62792772468211,9.63065103771865,"Benchmark_AR1"
2015-04-01,8,2017-04-01,0.00152994757351266,0.00371088283813645,0.00722400525613569,9.63473919314924,9.64549453295484,"Benchmark_AR1"
2015-07-01,1,2015-10-01,0.00150479085336386,0.00397174474364823,0.00720239574737845,9.62316779629881,9.6256347501891,"Benchmark_AR1"
2015-07-01,4,2016-07-01,0.00203000553007016,0.00372701496428363,0.00720239574737845,9.62995773021218,9.63684904594816,"Benchmark_AR1"
2015-07-01,8,2017-07-01,0.00301751524172644,0.00372654712852677,0.00720239574737845,9.63775670839096,9.65175530026657,"Benchmark_AR1"
2015-10-01,1,2016-01-01,0.00386268344003859,0.00343648864890028,0.00718170617506195,9.62703047973885,9.62660428494771,"Benchmark_AR1"
2015-10-01,4,2016-10-01,0.00294072007098478,0.0037080084808797,0.00718170617506195,9.63289845028317,9.6376916086386,"Benchmark_AR1"
2015-10-01,8,2017-10-01,0.00630087072096153,0.00370852004643387,0.00718170617506195,9.64405757911192,9.6525256172583,"Benchmark_AR1"
2016-01-01,1,2016-04-01,0.000897244943260489,0.00373024963274035,0.00715858317459259,9.62792772468211,9.63076072937159,"Benchmark_AR1"
2016-01-01,4,2017-01-01,0.000310795292557842,0.00371165483645618,0.00715858317459259,9.63320924557572,9.64189820482346,"Benchmark_AR1"
2016-01-01,8,2018-01-01,0.00211653371390952,0.00371161990251948,0.00715858317459259,9.64617411282583,9.65674468931543,"Benchmark_AR1"
2016-04-01,1,2016-07-01,0.00203000553007016,0.00334673845726788,0.00713918342109467,9.62995773021218,9.63127446313938,"Benchmark_AR1"
2016-04-01,4,2017-04-01,0.00152994757351266,0.0036905240617635,0.00713918342109467,9.63473919314924,9.64229963047323,"Benchmark_AR1"
2016-04-01,8,2018-04-01,0.00255947356622244,0.00369116921694345,0.00713918342109467,9.64873358639206,9.6570642172199,"Benchmark_AR1"
2016-07-01,1,2016-10-01,0.00294072007098478,0.00347732825366163,0.00711718106230232,9.63289845028317,9.63343505846584,"Benchmark_AR1"
2016-07-01,4,2017-07-01,0.00301751524172644,0.00368131856961127,0.00711718106230232,9.63775670839096,9.64445137015955,"Benchmark_AR1"
2016-07-01,8,2018-07-01,-0.00262925887424004,0.00368170568191194,0.00711718106230232,9.64610432751782,9.65917813858586,"Benchmark_AR1"
2016-10-01,1,2017-01-01,0.000310795292557842,0.00358657915760567,0.0070947501778888,9.63320924557572,9.63648502944077,"Benchmark_AR1"
2016-10-01,4,2017-10-01,0.00630087072096153,0.0036777014889557,0.0070947501778888,9.64405757911192,9.64750577355345,"Benchmark_AR1"
2016-10-01,8,2018-10-01,-0.00115999594047977,0.00367787487897951,0.0070947501778888,9.64494433157734,9.66221724872294,"Benchmark_AR1"
2017-01-01,1,2017-04-01,0.00152994757351266,0.00323947646844631,0.00707714418344249,9.63473919314924,9.63644872204417,"Benchmark_AR1"
2017-01-01,4,2018-01-01,0.00211653371390952,0.0036538417209575,0.00707714418344249,9.64617411282583,9.64735389187586,"Benchmark_AR1"
2017-01-01,8,2019-01-01,-0.000999312088630688,0.00365463608788229,0.00707714418344249,9.64394501948871,9.66197232437586,"Benchmark_AR1"
2017-04-01,1,2017-07-01,0.00301751524172644,0.00337876093924748,0.00705627803390633,9.63775670839096,9.63811795408848,"Benchmark_AR1"
2017-04-01,4,2018-04-01,0.00255947356622244,0.00364204415761061,0.00705627803390633,9.64873358639206,9.64900806093762,"Benchmark_AR1"
2017-04-01,8,2019-04-01,-0.000600710546352801,0.00364255762690448,0.00705627803390633,9.64334430894235,9.66357821868062,"Benchmark_AR1"
2017-07-01,1,2017-10-01,0.00630087072096153,0.00356223209506685,0.00703438722076154,9.64405757911192,9.64131894048603,"Benchmark_AR1"
2017-07-01,4,2018-07-01,-0.00262925887424004,0.00363987064164992,0.00703438722076154,9.64610432751782,9.65222792034315,"Benchmark_AR1"
2017-07-01,8,2019-07-01,-0.00558461233269902,0.0036400224039004,0.00703438722076154,9.63775969660965,9.66678798843384,"Benchmark_AR1"
2017-10-01,1,2018-01-01,0.00211653371390952,0.00398865391916165,0.00701592245509265,9.64617411282583,9.64804623303109,"Benchmark_AR1"
2017-10-01,4,2018-10-01,-0.00115999594047977,0.0036597467401666,0.00701592245509265,9.64494433157734,9.65907043134349,"Benchmark_AR1"
2017-10-01,8,2019-10-01,-0.000681058957608727,0.00365910717940346,0.00701592245509265,9.63707863765205,9.67370695059437,"Benchmark_AR1"
2018-01-01,1,2018-04-01,0.00255947356622244,0.00345627799931004,0.00699589442239222,9.64873358639206,9.64963039082514,"Benchmark_AR1"
2018-01-01,4,2019-01-01,-0.000999312088630688,0.003645802704529,0.00699589442239222,9.64394501948871,9.6605420265591,"Benchmark_AR1"
2018-01-01,8,2020-01-01,-0.017680643359224,0.00364616588759745,0.00699589442239222,9.61939799429282,9.67512663897901,"Benchmark_AR1"
2018-04-01,1,2018-07-01,-0.00262925887424004,0.00350567155514409,0.00697488219750777,9.64610432751782,9.6522392579472,"Benchmark_AR1"
2018-04-01,4,2019-04-01,-0.000600710546352801,0.00363973412804511,0.00697488219750777,9.64334430894235,9.66314020314035,"Benchmark_AR1"
2018-04-01,8,2020-04-01,-0.138590030065481,0.00363999209857737,0.00697488219750777,9.48080796422734,9.67770013516009,"Benchmark_AR1"
2018-07-01,1,2018-10-01,-0.00115999594047977,0.00281867139474761,0.0069699960219374,9.64494433157734,9.64892299891256,"Benchmark_AR1"
2018-07-01,4,2019-07-01,-0.00558461233269902,0.00359645244752328,0.0069699960219374,9.63775969660965,9.65960567942331,"Benchmark_AR1"
2018-07-01,8,2020-07-01,0.0731272892111381,0.0035979794665737,0.0069699960219374,9.55393525343848,9.6739973803531,"Benchmark_AR1"
2018-10-01,1,2019-01-01,-0.000999312088630688,0.00296425638074385,0.00695575473579628,9.64394501948871,9.64790858795808,"Benchmark_AR1"
2018-10-01,4,2019-10-01,-0.000681058957608727,0.00356944313643913,0.00695575473579628,9.63707863765205,9.65853175885858,"Benchmark_AR1"
2018-10-01,8,2020-10-01,0.0452070349225622,0.00357072052593027,0.00695575473579628,9.59914228836104,9.67281445450472,"Benchmark_AR1"
2019-01-01,1,2019-04-01,-0.000600710546352801,0.00295080466786707,0.00694161813867392,9.64334430894235,9.64689582415657,"Benchmark_AR1"
2019-01-01,4,2020-01-01,-0.017680643359224,0.0035423616179617,0.00694161813867392,9.61939799429282,9.65743807516479,"Benchmark_AR1"
2019-01-01,8,2021-01-01,0.0136929067858915,0.00354367896398721,0.00694161813867392,9.61283519514693,9.6716125948286,"Benchmark_AR1"
2019-04-01,1,2019-07-01,-0.00558461233269902,0.00297367678610399,0.00692630396918288,9.63775969660965,9.64631798572846,"Benchmark_AR1"
2019-04-01,4,2020-04-01,-0.138590030065481,0.00351826953330558,0.00692630396918288,9.48080796422734,9.65679343479857,"Benchmark_AR1"
2019-04-01,8,2021-04-01,0.00898992302959378,0.00351953843288543,0.00692630396918288,9.62182511817653,9.67087139631438,"Benchmark_AR1"
2019-07-01,1,2019-10-01,-0.000681058957608727,0.00222391024312259,0.00693684190541445,9.63707863765205,9.63998360685278,"Benchmark_AR1"
2019-07-01,4,2020-07-01,0.0731272892111381,0.00345826232665946,0.00693684190541445,9.55393525343848,9.65017227469875,"Benchmark_AR1"
2019-07-01,8,2021-07-01,-0.0494506669498289,0.00346142957003382,0.00693684190541445,9.5723744512267,9.66401749546253,"Benchmark_AR1"
2019-10-01,1,2020-01-01,-0.017680643359224,0.00286457664416419,0.0069199405245363,9.61939799429282,9.63994321429621,"Benchmark_AR1"
2019-10-01,4,2020-10-01,0.0452070349225622,0.00344009646365821,0.0069199405245363,9.59914228836104,9.6501745783531,"Benchmark_AR1"
2019-10-01,8,2021-10-01,0.0601991404445705,0.00344167876214411,0.0069199405245363,9.63257359167127,9.66394103829104,"Benchmark_AR1"
2020-01-01,1,2020-04-01,-0.138590030065481,0.000149380567652464,0.00707492907741036,9.48080796422734,9.61954737486047,"Benchmark_AR1"
2020-01-01,4,2021-01-01,0.0136929067858915,0.0032909206044085,0.00707492907741036,9.61283519514693,9.6288967988226,"Benchmark_AR1"
2020-01-01,8,2022-01-01,0.0189170452596095,0.00330160360235272,0.00707492907741036,9.65149063693088,9.64210134632866,"Benchmark_AR1"
2020-04-01,1,2020-07-01,0.0731272892111381,-0.066087330228351,0.0124652270268157,9.55393525343848,9.41472063399899,"Benchmark_AR1"
2020-04-01,4,2021-04-01,0.00898992302959378,-0.00592631496593077,0.0124652270268157,9.62182511817653,9.36363656504318,"Benchmark_AR1"
2020-04-01,8,2022-04-01,0.0138864759168875,0.00131189167856612,0.0124652270268157,9.66537711284776,9.36378456681494,"Benchmark_AR1"
2020-07-01,1,2020-10-01,0.0452070349225622,-0.0111419164816886,0.01372484408156,9.59914228836104,9.54279333695679,"Benchmark_AR1"
2020-07-01,4,2021-07-01,-0.0494506669498289,0.00296200414840522,0.01372484408156,9.5723744512267,9.55368995748383,"Benchmark_AR1"
2020-07-01,8,2022-07-01,0.00426375818649305,0.002851698414166,0.01372484408156,9.66964087103426,9.56507773943522,"Benchmark_AR1"
2020-10-01,1,2021-01-01,0.0136929067858915,-0.000307677278512088,0.0142397006941516,9.61283519514693,9.59883461108253,"Benchmark_AR1"
2020-10-01,4,2021-10-01,0.0601991404445705,0.00314015227394732,0.0142397006941516,9.63257359167127,9.60851042275933,"Benchmark_AR1"
2020-10-01,8,2022-10-01,0.00272886521546845,0.0031382584941694,0.0142397006941516,9.67236973624973,9.62106331301621,"Benchmark_AR1"
2021-01-01,1,2021-04-01,0.00898992302959378,0.00252705045135718,0.0142361670345382,9.62182511817653,9.61536224559829,"Benchmark_AR1"
2021-01-01,4,2022-01-01,0.0189170452596095,0.00321212296587423,0.0142361670345382,9.65149063693088,9.62504006157321,"Benchmark_AR1"
2021-01-01,8,2023-01-01,-0.000902289187150629,0.00321193187120807,0.0142361670345382,9.67146744706258,9.63788777732291,"Benchmark_AR1"
2021-04-01,1,2021-07-01,-0.0494506669498289,0.00288159470221371,0.0142039496973416,9.5723744512267,9.62470671287874,"Benchmark_AR1"
2021-04-01,4,2022-04-01,0.0138864759168875,0.00324612713137629,0.0142039496973416,9.66537711284776,9.63446656400375,"Benchmark_AR1"
2021-04-01,8,2023-04-01,-0.00295094513243832,0.00324603404719744,0.0142039496973416,9.66851650193014,9.64745069463286,"Benchmark_AR1"
2021-07-01,1,2021-10-01,0.0601991404445705,0.00673992758713079,0.0146964070279003,9.63257359167127,9.57911437881383,"Benchmark_AR1"
2021-07-01,4,2022-07-01,0.00426375818649305,0.00297203496241121,0.0146964070279003,9.66964087103426,9.58778210978263,"Benchmark_AR1"
2021-07-01,8,2023-07-01,-0.00870455176861107,0.00297343179846282,0.0146964070279003,9.65981195016153,9.59967593075628,"Benchmark_AR1"
2021-10-01,1,2022-01-01,0.0189170452596095,-0.00501454009248039,0.0151521966895493,9.65149063693088,9.62755905157879,"Benchmark_AR1"
2021-10-01,4,2022-10-01,0.00272886521546845,0.00325790225522813,0.0151521966895493,9.67236973624973,9.63830387130358,"Benchmark_AR1"
2021-10-01,8,2023-10-01,-0.00578503065892377,0.00323288571454851,0.0151521966895493,9.6540269195026,9.65123220639866,"Benchmark_AR1"
2022-01-01,1,2022-04-01,0.0138864759168875,0.00160496670816235,0.0152065687774826,9.66537711284776,9.65309560363904,"Benchmark_AR1"
2022-01-01,4,2023-01-01,-0.000902289187150629,0.00335255401799385,0.0152065687774826,9.67146744706258,9.66332205368152,"Benchmark_AR1"
2022-01-01,8,2024-01-01,-0.000433469895900984,0.00335009574218473,0.0152065687774826,9.6535934496067,9.67672218729266,"Benchmark_AR1"
2022-04-01,1,2022-07-01,0.00426375818649305,0.00228424862092763,0.0151915638402249,9.66964087103426,9.66766136146869,"Benchmark_AR1"
2022-04-01,4,2023-04-01,-0.00295094513243832,0.00341232019664326,0.0151915638402249,9.66851650193014,9.67800366180746,"Benchmark_AR1"
2022-04-01,8,2024-04-01,-0.00773596847638736,0.0034109186834566,0.0151915638402249,9.64585748113031,9.69164719969282,"Benchmark_AR1"
2022-07-01,1,2022-10-01,0.00272886521546845,0.0033304195835811,0.0151502487997951,9.67236973624973,9.67297129061784,"Benchmark_AR1"
2022-07-01,4,2023-07-01,-0.00870455176861107,0.00342079034688794,0.0151502487997951,9.65981195016153,9.68324206883232,"Benchmark_AR1"
2022-07-01,8,2024-07-01,-0.00184946965238098,0.00342067960290075,0.0151502487997951,9.64400801147793,9.69692477647605,"Benchmark_AR1"
2022-10-01,1,2023-01-01,-0.000902289187150629,0.00349148430480831,0.0151086353481239,9.67146744706258,9.67586122055453,"Benchmark_AR1"
2022-10-01,4,2023-10-01,-0.00578503065892377,0.00341763610877915,0.0151086353481239,9.6540269195026,9.68610725817559,"Benchmark_AR1"
2022-10-01,8,2024-10-01,0.00160016896282933,0.00341772663528762,0.0151086353481239,9.64560818044076,9.69977817351973,"Benchmark_AR1"
2023-01-01,1,2023-04-01,-0.00295094513243832,0.00385620911975675,0.015070779740527,9.66851650193014,9.67532365618233,"Benchmark_AR1"
2023-01-01,4,2024-01-01,-0.000433469895900984,0.0033957076378399,0.015070779740527,9.6535934496067,9.68546795904613,"Benchmark_AR1"
2023-04-01,1,2023-07-01,-0.00870455176861107,0.00403437355323636,0.0150380975061305,9.65981195016153,9.67255087548337,"Benchmark_AR1"
2023-04-01,4,2024-04-01,-0.00773596847638736,0.00336237485495064,0.0150380975061305,9.64585748113031,9.68257584890225,"Benchmark_AR1"
2023-07-01,1,2023-10-01,-0.00578503065892377,0.00455472895909217,0.0150264313749019,9.6540269195026,9.66436667912062,"Benchmark_AR1"
2023-07-01,4,2024-07-01,-0.00184946965238098,0.00330004901343344,0.0150264313749019,9.64400801147793,9.67415251143909,"Benchmark_AR1"
2023-10-01,1,2024-01-01,-0.000433469895900984,0.00416821696165112,0.0150049812286731,9.6535934496067,9.65819513646425,"Benchmark_AR1"
2023-10-01,4,2024-10-01,0.00160016896282933,0.00325055580775239,0.0150049812286731,9.64560818044076,9.66786515735414,"Benchmark_AR1"
